#ifndef MSPM_HASH_TABLE0_H
#define MSPM_HASH_TABLE0_H
#define MSPM_HASH_TABLE0_WIDTH (16)
#define MSPM_HASH_TABLE0_DEPTH (16384)
#define MSPM_HASH_TABLE0_LGDEPTH (14)


#define MSPM_HASH_TABLE0_MAXLGDEPTH (14)


#if SPUMP_PRGMA
[[intel::singlepump]]
#endif
#if DPUMP_PRGMA
[[intel::doublepump]]
#endif
#if DPORT_PRGMA
[[intel::simple_dual_port]]
#endif
const static unsigned short MSPM_HASH_TABLE0[16384] = {
 0x0000,
 0x0000,
 0x0000,
 0x0000,
 0x0000,
 0x0000,
 0x0000,
 0x0000,
 0x0000,
 0x0000,
 0x0000,
 0x0000,
 0x0000,
 0x0000,
 0x0000,
 0x0000,
 0x0000,
 0x0000,
 0x0000,
 0x0000,
 0x0000,
 0x0000,
 0x0000,
 0x0000,
 0x0000,
 0x0000,
 0x0000,
 0x0000,
 0x0000,
 0x0000,
 0x0000,
 0x0000,
 0x0000,
 0x0000,
 0x0000,
 0x0000,
 0x0000,
 0x0000,
 0x0000,
 0x0000,
 0x0000,
 0x0000,
 0x0000,
 0x0000,
 0x0000,
 0x0000,
 0x0000,
 0x0000,
 0x0000,
 0x0000,
 0x0000,
 0x0000,
 0x0000,
 0x0000,
 0x0000,
 0x0000,
 0x0000,
 0x0000,
 0x0000,
 0x0000,
 0x0000,
 0x0000,
 0x0000,
 0x0000,
 0x0000,
 0x0000,
 0x0000,
 0x0000,
 0x0000,
 0x0000,
 0x0000,
 0x0000,
 0x0000,
 0x0000,
 0x0000,
 0x0000,
 0x0000,
 0x0000,
 0x0000,
 0x0000,
 0x0000,
 0x0000,
 0x0000,
 0x0000,
 0x0000,
 0x0000,
 0x0000,
 0x0000,
 0x0000,
 0x0000,
 0x0000,
 0x0000,
 0x0000,
 0x0000,
 0x0000,
 0x0000,
 0x0000,
 0x0000,
 0x0000,
 0x0000,
 0x0000,
 0x0000,
 0x0000,
 0x0000,
 0x0000,
 0x0000,
 0x0000,
 0x0000,
 0x0000,
 0x0000,
 0x0000,
 0x0000,
 0x0000,
 0x0000,
 0x0000,
 0x0000,
 0x0000,
 0x0000,
 0x0000,
 0x0000,
 0x0000,
 0x0000,
 0x0000,
 0x0000,
 0x0000,
 0x0000,
 0x0000,
 0x0000,
 0x0000,
 0x0000,
 0x0000,
 0x0000,
 0x0000,
 0x0000,
 0x0000,
 0x0000,
 0x0000,
 0x0980,
 0x0000,
 0x0000,
 0x0000,
 0x0000,
 0x0000,
 0x0000,
 0x0000,
 0x0000,
 0x0000,
 0x0000,
 0x0000,
 0x0000,
 0x0000,
 0x0000,
 0x0000,
 0x0000,
 0x0000,
 0x0000,
 0x0000,
 0x0000,
 0x0000,
 0x0000,
 0x0000,
 0x0000,
 0x0000,
 0x0000,
 0x0000,
 0x0000,
 0x0000,
 0x0000,
 0x0000,
 0x0000,
 0x0000,
 0x0000,
 0x0000,
 0x0000,
 0x0000,
 0x06ec,
 0x0000,
 0x0000,
 0x0000,
 0x0000,
 0x0000,
 0x0000,
 0x0000,
 0x0000,
 0x0000,
 0x0000,
 0x0000,
 0x0000,
 0x0000,
 0x0000,
 0x0000,
 0x0000,
 0x0000,
 0x0000,
 0x0000,
 0x0000,
 0x0000,
 0x0000,
 0x0000,
 0x0000,
 0x0000,
 0x0000,
 0x0000,
 0x0000,
 0x0000,
 0x0000,
 0x0000,
 0x0000,
 0x0000,
 0x0000,
 0x0000,
 0x0000,
 0x0000,
 0x0000,
 0x0000,
 0x0000,
 0x0000,
 0x0000,
 0x0000,
 0x0000,
 0x8069,
 0x0000,
 0x0000,
 0x0000,
 0x0000,
 0x0000,
 0x0000,
 0x0000,
 0x0000,
 0x0000,
 0x0000,
 0x0000,
 0x0000,
 0x0000,
 0x0000,
 0x0000,
 0x0000,
 0x0000,
 0x0000,
 0x0000,
 0x0000,
 0x0000,
 0x0000,
 0x0000,
 0x0000,
 0x0000,
 0x0000,
 0x0000,
 0x0000,
 0x0000,
 0x0000,
 0x0000,
 0x0000,
 0x0000,
 0x0000,
 0x0000,
 0x0000,
 0x0000,
 0x0000,
 0x0000,
 0x0000,
 0x0000,
 0x0000,
 0x0000,
 0x0000,
 0x0000,
 0x0000,
 0x0000,
 0x0000,
 0x0000,
 0x0000,
 0x0000,
 0x0000,
 0x0000,
 0x0000,
 0x0000,
 0x0000,
 0x0000,
 0x0000,
 0x0000,
 0x0000,
 0x0000,
 0x0000,
 0x0000,
 0x0000,
 0x0000,
 0x0000,
 0x0000,
 0x0000,
 0x0000,
 0x0000,
 0x0000,
 0x0000,
 0x0000,
 0x0000,
 0x0000,
 0x0000,
 0x0000,
 0x0000,
 0x0000,
 0x0000,
 0x0000,
 0x0000,
 0x0000,
 0x0000,
 0x0000,
 0x0000,
 0x0000,
 0x0000,
 0x0000,
 0x0000,
 0x0000,
 0x0000,
 0x0000,
 0x0000,
 0x0000,
 0x0000,
 0x0000,
 0x0000,
 0x0000,
 0x0000,
 0x0000,
 0x0000,
 0x0000,
 0x0000,
 0x0000,
 0x0000,
 0x0000,
 0x0000,
 0x0000,
 0x0000,
 0x0000,
 0x0000,
 0x0000,
 0x0000,
 0x0000,
 0x0000,
 0x0000,
 0x0000,
 0x0000,
 0x0000,
 0x0000,
 0x0000,
 0x0000,
 0x0000,
 0x0000,
 0x0000,
 0x0000,
 0x0000,
 0x0000,
 0x0000,
 0x0000,
 0x0000,
 0x0000,
 0x0000,
 0x0000,
 0x0000,
 0x0000,
 0x0000,
 0x0000,
 0x0000,
 0x0000,
 0x0000,
 0x0000,
 0x0000,
 0x0000,
 0x0000,
 0x0000,
 0x0000,
 0x0000,
 0x0000,
 0x0000,
 0x0000,
 0x0000,
 0x0429,
 0x0000,
 0x0000,
 0x0000,
 0x0000,
 0x0000,
 0x0000,
 0x0000,
 0x0000,
 0x0000,
 0x0000,
 0x0000,
 0x0000,
 0x0000,
 0x0000,
 0x0000,
 0x0000,
 0x0000,
 0x0000,
 0x0000,
 0x0000,
 0x0000,
 0x0000,
 0x0000,
 0x0000,
 0x0000,
 0x0000,
 0x0000,
 0x0000,
 0x0000,
 0x0000,
 0x0000,
 0x0000,
 0x0000,
 0x0000,
 0x0000,
 0x0000,
 0x0000,
 0x0000,
 0x0000,
 0x0000,
 0x0000,
 0x0000,
 0x0000,
 0x0000,
 0x0000,
 0x0000,
 0x0000,
 0x0000,
 0x0000,
 0x0000,
 0x0000,
 0x0000,
 0x0000,
 0x0000,
 0x0000,
 0x0000,
 0x0000,
 0x0000,
 0x0000,
 0x0000,
 0x0000,
 0x0000,
 0x0000,
 0x0000,
 0x0000,
 0x0000,
 0x0000,
 0x0000,
 0x0000,
 0x0000,
 0x0000,
 0x0000,
 0x0000,
 0x0000,
 0x0000,
 0x0000,
 0x0000,
 0x0000,
 0x0000,
 0x0000,
 0x0000,
 0x0000,
 0x0000,
 0x0000,
 0x0000,
 0x0000,
 0x0000,
 0x0000,
 0x0000,
 0x0000,
 0x0000,
 0x0000,
 0x0000,
 0x0000,
 0x0000,
 0x0000,
 0x0000,
 0x0000,
 0x0000,
 0x0000,
 0x0000,
 0x0000,
 0x0000,
 0x0000,
 0x0000,
 0x0000,
 0x0000,
 0x0000,
 0x0000,
 0x0000,
 0x0000,
 0x0000,
 0x0000,
 0x0000,
 0x0000,
 0x0000,
 0x0000,
 0x0000,
 0x0000,
 0x0221,
 0x0000,
 0x0000,
 0x0000,
 0x0000,
 0x0000,
 0x0000,
 0x0000,
 0x0000,
 0x0000,
 0x0000,
 0x0000,
 0x0000,
 0x0000,
 0x0000,
 0x0000,
 0x0000,
 0x0000,
 0x0000,
 0x0000,
 0x0000,
 0x0000,
 0x0000,
 0x0000,
 0x0000,
 0x0000,
 0x0000,
 0x0000,
 0x0000,
 0x0000,
 0x0000,
 0x0000,
 0x0000,
 0x0000,
 0x0000,
 0x0000,
 0x0000,
 0x0000,
 0x0000,
 0x0000,
 0x0000,
 0x0000,
 0x0000,
 0x0000,
 0x0000,
 0x0000,
 0x0000,
 0x0000,
 0x0000,
 0x0000,
 0x0000,
 0x0000,
 0x0000,
 0x0000,
 0x0000,
 0x0000,
 0x0000,
 0x0000,
 0x0000,
 0x0000,
 0x0000,
 0x0000,
 0x0000,
 0x0000,
 0x0000,
 0x0000,
 0x0000,
 0x0000,
 0x0000,
 0x0000,
 0x0000,
 0x8127,
 0x0000,
 0x0000,
 0x0000,
 0x0000,
 0x0000,
 0x0000,
 0x0000,
 0x0000,
 0x0000,
 0x0000,
 0x0000,
 0x0000,
 0x0000,
 0x0000,
 0x0000,
 0x0000,
 0x0000,
 0x0000,
 0x0000,
 0x0000,
 0x0000,
 0x0000,
 0x0000,
 0x0000,
 0x0000,
 0x0000,
 0x0000,
 0x0000,
 0x0000,
 0x0000,
 0x0000,
 0x0000,
 0x0000,
 0x0000,
 0x0000,
 0x0000,
 0x0000,
 0x0000,
 0x0000,
 0x0000,
 0x0000,
 0x0000,
 0x0000,
 0x0000,
 0x0000,
 0x0000,
 0x0000,
 0x0000,
 0x0000,
 0x0000,
 0x0000,
 0x0000,
 0x0000,
 0x0000,
 0x0000,
 0x0000,
 0x0000,
 0x0000,
 0x0000,
 0x0000,
 0x0000,
 0x0000,
 0x0000,
 0x0000,
 0x0000,
 0x0000,
 0x0000,
 0x0000,
 0x0000,
 0x0000,
 0x0000,
 0x0000,
 0x0000,
 0x0000,
 0x0000,
 0x0000,
 0x0000,
 0x0000,
 0x0000,
 0x0000,
 0x0000,
 0x0000,
 0x0000,
 0x0000,
 0x0000,
 0x0000,
 0x0000,
 0x0000,
 0x0000,
 0x0000,
 0x0000,
 0x0000,
 0x0000,
 0x0000,
 0x0000,
 0x0000,
 0x0000,
 0x0000,
 0x0000,
 0x0000,
 0x0000,
 0x0000,
 0x0000,
 0x0000,
 0x0000,
 0x0000,
 0x0000,
 0x0000,
 0x0000,
 0x0000,
 0x0462,
 0x0000,
 0x0000,
 0x80ff,
 0x0000,
 0x0000,
 0x0000,
 0x0000,
 0x807d,
 0x0000,
 0x0000,
 0x0000,
 0x0000,
 0x0000,
 0x0000,
 0x0000,
 0x0000,
 0x0000,
 0x0000,
 0x0000,
 0x0000,
 0x0000,
 0x0000,
 0x0000,
 0x0000,
 0x0000,
 0x0000,
 0x0000,
 0x0000,
 0x0000,
 0x0000,
 0x0000,
 0x0000,
 0x0000,
 0x0000,
 0x0000,
 0x0000,
 0x0000,
 0x0000,
 0x0000,
 0x0000,
 0x0000,
 0x80b3,
 0x0000,
 0x0000,
 0x0000,
 0x0000,
 0x0000,
 0x0000,
 0x0000,
 0x0000,
 0x0000,
 0x0000,
 0x0000,
 0x0000,
 0x0000,
 0x0000,
 0x0000,
 0x0000,
 0x0000,
 0x0000,
 0x0000,
 0x0000,
 0x0000,
 0x0000,
 0x0000,
 0x0000,
 0x0000,
 0x0000,
 0x0000,
 0x0000,
 0x0000,
 0x0000,
 0x0000,
 0x0000,
 0x0000,
 0x80bb,
 0x0000,
 0x0000,
 0x0000,
 0x0000,
 0x0000,
 0x0000,
 0x0000,
 0x0000,
 0x0000,
 0x0000,
 0x0000,
 0x0000,
 0x0000,
 0x0000,
 0x0000,
 0x0000,
 0x0000,
 0x0000,
 0x0000,
 0x0000,
 0x0000,
 0x0000,
 0x0000,
 0x0000,
 0x0000,
 0x0000,
 0x0000,
 0x0000,
 0x0000,
 0x0000,
 0x0000,
 0x0000,
 0x0000,
 0x0000,
 0x0000,
 0x0000,
 0x0000,
 0x0000,
 0x0000,
 0x0000,
 0x0000,
 0x0000,
 0x0000,
 0x0000,
 0x0000,
 0x0000,
 0x0000,
 0x0000,
 0x0000,
 0x0000,
 0x0000,
 0x0117,
 0x0000,
 0x0000,
 0x0000,
 0x0000,
 0x0000,
 0x0000,
 0x0000,
 0x0000,
 0x0000,
 0x0000,
 0x0000,
 0x03de,
 0x0000,
 0x0000,
 0x0000,
 0x0000,
 0x0000,
 0x0000,
 0x0000,
 0x0000,
 0x0000,
 0x0000,
 0x0000,
 0x0000,
 0x0000,
 0x0000,
 0x0000,
 0x0000,
 0x0000,
 0x0000,
 0x0000,
 0x0000,
 0x0000,
 0x0000,
 0x0000,
 0x0000,
 0x0000,
 0x0000,
 0x0000,
 0x0000,
 0x0000,
 0x0000,
 0x0000,
 0x0000,
 0x0000,
 0x0000,
 0x0000,
 0x0000,
 0x0000,
 0x0000,
 0x0000,
 0x0000,
 0x0000,
 0x0000,
 0x0000,
 0x0000,
 0x0000,
 0x0000,
 0x0000,
 0x0000,
 0x0000,
 0x0000,
 0x0000,
 0x0000,
 0x0000,
 0x0000,
 0x0000,
 0x0000,
 0x0000,
 0x0000,
 0x0000,
 0x0000,
 0x0000,
 0x0000,
 0x80f9,
 0x0000,
 0x0000,
 0x0000,
 0x0000,
 0x0000,
 0x0000,
 0x0000,
 0x0000,
 0x0000,
 0x0000,
 0x0000,
 0x0000,
 0x0000,
 0x0000,
 0x0000,
 0x0000,
 0x0000,
 0x80b8,
 0x0000,
 0x0000,
 0x0000,
 0x0000,
 0x0000,
 0x0000,
 0x0000,
 0x0000,
 0x0000,
 0x0000,
 0x0000,
 0x0000,
 0x0000,
 0x0000,
 0x0000,
 0x0000,
 0x0000,
 0x0000,
 0x0000,
 0x806e,
 0x0000,
 0x0000,
 0x0000,
 0x0000,
 0x0000,
 0x0000,
 0x0000,
 0x0000,
 0x0000,
 0x0000,
 0x0000,
 0x0000,
 0x0000,
 0x0000,
 0x0000,
 0x0000,
 0x0000,
 0x0000,
 0x0000,
 0x0000,
 0x0000,
 0x0000,
 0x0000,
 0x0000,
 0x0000,
 0x0000,
 0x0000,
 0x0000,
 0x0000,
 0x0000,
 0x0000,
 0x0000,
 0x0000,
 0x0000,
 0x0000,
 0x0000,
 0x0000,
 0x0000,
 0x0000,
 0x0000,
 0x0000,
 0x0000,
 0x0000,
 0x0000,
 0x0000,
 0x0000,
 0x0000,
 0x0000,
 0x0000,
 0x0000,
 0x0000,
 0x0000,
 0x0000,
 0x0000,
 0x0000,
 0x0000,
 0x0000,
 0x0000,
 0x0000,
 0x0000,
 0x0000,
 0x0000,
 0x0000,
 0x0000,
 0x0000,
 0x0000,
 0x0000,
 0x0000,
 0x0000,
 0x0000,
 0x0000,
 0x0000,
 0x0000,
 0x0000,
 0x0000,
 0x0000,
 0x0e2d,
 0x0000,
 0x0000,
 0x0000,
 0x0000,
 0x0000,
 0x0000,
 0x0000,
 0x0000,
 0x0000,
 0x0000,
 0x0000,
 0x0000,
 0x0000,
 0x0000,
 0x0000,
 0x0000,
 0x0000,
 0x0000,
 0x0000,
 0x10cc,
 0x0000,
 0x0000,
 0x0000,
 0x0000,
 0x0000,
 0x0000,
 0x0000,
 0x0000,
 0x0000,
 0x0000,
 0x0000,
 0x0000,
 0x0000,
 0x0000,
 0x0000,
 0x0000,
 0x0000,
 0x0000,
 0x0000,
 0x812f,
 0x0000,
 0x0000,
 0x0000,
 0x0000,
 0x0000,
 0x0000,
 0x0000,
 0x0000,
 0x0000,
 0x0000,
 0x0000,
 0x0000,
 0x0000,
 0x0000,
 0x0000,
 0x0000,
 0x0000,
 0x0000,
 0x0000,
 0x0000,
 0x0000,
 0x0000,
 0x0000,
 0x0000,
 0x0000,
 0x0000,
 0x0000,
 0x0000,
 0x0000,
 0x0000,
 0x0000,
 0x0000,
 0x0000,
 0x0000,
 0x0000,
 0x0000,
 0x0000,
 0x0000,
 0x0000,
 0x0000,
 0x0000,
 0x0000,
 0x0000,
 0x0000,
 0x0000,
 0x0000,
 0x0000,
 0x0000,
 0x0000,
 0x0000,
 0x0000,
 0x0000,
 0x0000,
 0x0000,
 0x0000,
 0x0000,
 0x0000,
 0x0000,
 0x0000,
 0x0000,
 0x0d6d,
 0x0000,
 0x0000,
 0x0000,
 0x0000,
 0x0000,
 0x0000,
 0x0000,
 0x0000,
 0x0000,
 0x0000,
 0x0000,
 0x0000,
 0x0000,
 0x0000,
 0x0000,
 0x0000,
 0x0000,
 0x0000,
 0x0000,
 0x0000,
 0x0000,
 0x0000,
 0x0000,
 0x0000,
 0x0000,
 0x0000,
 0x0000,
 0x0000,
 0x0000,
 0x0000,
 0x0000,
 0x032b,
 0x0000,
 0x0000,
 0x0000,
 0x0000,
 0x0000,
 0x0000,
 0x0000,
 0x0000,
 0x0000,
 0x0000,
 0x0000,
 0x0000,
 0x0000,
 0x0000,
 0x0000,
 0x0000,
 0x0000,
 0x0000,
 0x0000,
 0x0000,
 0x0000,
 0x0000,
 0x0000,
 0x0000,
 0x0000,
 0x0000,
 0x0000,
 0x0000,
 0x0000,
 0x0000,
 0x0000,
 0x0000,
 0x8134,
 0x0000,
 0x0000,
 0x0000,
 0x0000,
 0x0000,
 0x0000,
 0x0000,
 0x0000,
 0x0000,
 0x0000,
 0x0000,
 0x0000,
 0x0000,
 0x0000,
 0x0000,
 0x0000,
 0x0000,
 0x0000,
 0x0000,
 0x0000,
 0x0000,
 0x0000,
 0x0000,
 0x0000,
 0x0000,
 0x8105,
 0x0e35,
 0x0537,
 0x0000,
 0x0000,
 0x0000,
 0x0000,
 0x0000,
 0x0000,
 0x0000,
 0x0000,
 0x0000,
 0x0000,
 0x0000,
 0x0000,
 0x0000,
 0x0000,
 0x0000,
 0x0000,
 0x0000,
 0x0000,
 0x0000,
 0x0000,
 0x0000,
 0x0000,
 0x0000,
 0x0000,
 0x0000,
 0x0000,
 0x0000,
 0x0000,
 0x0000,
 0x0000,
 0x0000,
 0x0000,
 0x0000,
 0x0000,
 0x0000,
 0x0000,
 0x09dd,
 0x0000,
 0x0000,
 0x0000,
 0x0000,
 0x0000,
 0x0000,
 0x0000,
 0x0000,
 0x0000,
 0x0000,
 0x0000,
 0x0000,
 0x0000,
 0x0000,
 0x0000,
 0x0000,
 0x0000,
 0x0000,
 0x0000,
 0x0000,
 0x0000,
 0x0000,
 0x0000,
 0x0000,
 0x0000,
 0x0000,
 0x0000,
 0x0000,
 0x0000,
 0x0000,
 0x0000,
 0x0000,
 0x0000,
 0x8056,
 0x0000,
 0x0000,
 0x0000,
 0x0000,
 0x0000,
 0x0000,
 0x0000,
 0x0000,
 0x0000,
 0x0000,
 0x0000,
 0x0000,
 0x0000,
 0x0000,
 0x0000,
 0x0000,
 0x0000,
 0x05c5,
 0x0000,
 0x0000,
 0x0000,
 0x0000,
 0x0000,
 0x0000,
 0x0000,
 0x0000,
 0x0000,
 0x0000,
 0x0000,
 0x0000,
 0x0000,
 0x0000,
 0x0000,
 0x0000,
 0x0000,
 0x0000,
 0x0000,
 0x0000,
 0x0000,
 0x0000,
 0x0000,
 0x0000,
 0x0000,
 0x0000,
 0x0000,
 0x0000,
 0x0000,
 0x0000,
 0x0000,
 0x0000,
 0x0000,
 0x0000,
 0x0000,
 0x0000,
 0x0000,
 0x0000,
 0x0000,
 0x0000,
 0x0000,
 0x0000,
 0x0000,
 0x0000,
 0x0000,
 0x0000,
 0x0000,
 0x0000,
 0x0000,
 0x0000,
 0x0000,
 0x0000,
 0x0000,
 0x0000,
 0x0000,
 0x0000,
 0x0000,
 0x0000,
 0x0000,
 0x0000,
 0x0000,
 0x0000,
 0x0000,
 0x0000,
 0x0000,
 0x0000,
 0x0000,
 0x0000,
 0x0000,
 0x0000,
 0x0000,
 0x0000,
 0x0000,
 0x0000,
 0x0000,
 0x0000,
 0x0000,
 0x0000,
 0x0000,
 0x0000,
 0x0000,
 0x0000,
 0x0000,
 0x0000,
 0x0000,
 0x0000,
 0x0000,
 0x0000,
 0x0000,
 0x0000,
 0x0000,
 0x0000,
 0x815c,
 0x0000,
 0x0000,
 0x0000,
 0x0000,
 0x0000,
 0x0000,
 0x0000,
 0x0000,
 0x0000,
 0x0000,
 0x0000,
 0x0000,
 0x0000,
 0x03dc,
 0x0000,
 0x0000,
 0x0000,
 0x0000,
 0x0000,
 0x0000,
 0x0000,
 0x0000,
 0x0000,
 0x055c,
 0x0000,
 0x0000,
 0x0000,
 0x0000,
 0x0000,
 0x0000,
 0x0000,
 0x0000,
 0x0000,
 0x0000,
 0x0000,
 0x0000,
 0x0000,
 0x0000,
 0x0000,
 0x0000,
 0x0000,
 0x0000,
 0x0000,
 0x0000,
 0x0000,
 0x0000,
 0x0000,
 0x0000,
 0x0000,
 0x0000,
 0x0000,
 0x0000,
 0x0000,
 0x0000,
 0x0000,
 0x0000,
 0x0000,
 0x0000,
 0x0000,
 0x0000,
 0x0000,
 0x0000,
 0x0000,
 0x0000,
 0x0000,
 0x0000,
 0x0000,
 0x0000,
 0x8173,
 0x0000,
 0x0000,
 0x0000,
 0x0000,
 0x0000,
 0x0000,
 0x0000,
 0x0000,
 0x0000,
 0x0000,
 0x80d7,
 0x0000,
 0x0000,
 0x0000,
 0x0000,
 0x0000,
 0x0000,
 0x0000,
 0x0000,
 0x0000,
 0x0000,
 0x0000,
 0x0000,
 0x0000,
 0x0000,
 0x0000,
 0x0000,
 0x0000,
 0x0000,
 0x0000,
 0x0000,
 0x0000,
 0x0000,
 0x0000,
 0x0000,
 0x0000,
 0x0000,
 0x0000,
 0x0000,
 0x0000,
 0x0000,
 0x0000,
 0x0000,
 0x0000,
 0x0000,
 0x0000,
 0x0000,
 0x0000,
 0x0000,
 0x0000,
 0x0000,
 0x0000,
 0x0000,
 0x0000,
 0x0000,
 0x0000,
 0x0000,
 0x0000,
 0x0000,
 0x0000,
 0x0000,
 0x0000,
 0x0000,
 0x0000,
 0x0000,
 0x0000,
 0x0000,
 0x0000,
 0x0000,
 0x0000,
 0x0000,
 0x0000,
 0x0000,
 0x0000,
 0x0000,
 0x0000,
 0x0000,
 0x0000,
 0x0000,
 0x0000,
 0x0000,
 0x0000,
 0x0000,
 0x0000,
 0x0000,
 0x0000,
 0x0000,
 0x0000,
 0x0000,
 0x0000,
 0x0000,
 0x0000,
 0x0000,
 0x0000,
 0x0000,
 0x0000,
 0x0000,
 0x0000,
 0x0000,
 0x0000,
 0x0000,
 0x0000,
 0x0000,
 0x813a,
 0x0000,
 0x0000,
 0x0000,
 0x0000,
 0x0000,
 0x0000,
 0x0000,
 0x0000,
 0x0000,
 0x0000,
 0x0000,
 0x0000,
 0x0000,
 0x0000,
 0x0000,
 0x0000,
 0x0000,
 0x0000,
 0x0000,
 0x0000,
 0x0000,
 0x0000,
 0x0000,
 0x0000,
 0x0000,
 0x0000,
 0x0000,
 0x0000,
 0x0000,
 0x0000,
 0x0000,
 0x0000,
 0x0000,
 0x0000,
 0x0000,
 0x0000,
 0x0000,
 0x0000,
 0x0000,
 0x0000,
 0x0000,
 0x0000,
 0x0000,
 0x0000,
 0x0000,
 0x0000,
 0x0000,
 0x0000,
 0x0000,
 0x0000,
 0x0000,
 0x0000,
 0x0000,
 0x0000,
 0x0000,
 0x0000,
 0x0000,
 0x0000,
 0x0000,
 0x0000,
 0x0000,
 0x0000,
 0x0000,
 0x0000,
 0x0000,
 0x0000,
 0x0000,
 0x0360,
 0x8158,
 0x0000,
 0x0000,
 0x0000,
 0x0000,
 0x0000,
 0x0000,
 0x0000,
 0x0000,
 0x0000,
 0x0000,
 0x0000,
 0x0000,
 0x0000,
 0x0000,
 0x0000,
 0x0000,
 0x0000,
 0x0000,
 0x0000,
 0x0000,
 0x0000,
 0x0000,
 0x0000,
 0x0000,
 0x0000,
 0x0000,
 0x0000,
 0x0000,
 0x0000,
 0x0000,
 0x0000,
 0x0000,
 0x0000,
 0x0000,
 0x0000,
 0x803a,
 0x0000,
 0x0000,
 0x0000,
 0x0000,
 0x0000,
 0x0000,
 0x06e1,
 0x0000,
 0x0000,
 0x0000,
 0x0000,
 0x0000,
 0x0000,
 0x0000,
 0x0000,
 0x0000,
 0x0000,
 0x0000,
 0x0000,
 0x0000,
 0x0000,
 0x0000,
 0x0000,
 0x0000,
 0x0000,
 0x0000,
 0x0000,
 0x0000,
 0x0000,
 0x0000,
 0x0000,
 0x0000,
 0x0000,
 0x0000,
 0x0000,
 0x0000,
 0x0000,
 0x0000,
 0x0000,
 0x0000,
 0x0000,
 0x0000,
 0x0000,
 0x0000,
 0x0000,
 0x0000,
 0x0000,
 0x0000,
 0x0000,
 0x0000,
 0x0000,
 0x0000,
 0x0000,
 0x0000,
 0x0000,
 0x0000,
 0x0000,
 0x0000,
 0x0000,
 0x0000,
 0x0000,
 0x0000,
 0x0000,
 0x0000,
 0x0000,
 0x0000,
 0x0000,
 0x0000,
 0x0000,
 0x0000,
 0x0000,
 0x0000,
 0x0000,
 0x0000,
 0x0000,
 0x0000,
 0x0000,
 0x0000,
 0x0000,
 0x0000,
 0x0000,
 0x0000,
 0x0000,
 0x0000,
 0x0000,
 0x0000,
 0x0000,
 0x0000,
 0x0000,
 0x0000,
 0x0000,
 0x0000,
 0x0000,
 0x0000,
 0x0000,
 0x0000,
 0x0000,
 0x0000,
 0x0000,
 0x0000,
 0x0000,
 0x0000,
 0x0000,
 0x0000,
 0x036c,
 0x0000,
 0x0000,
 0x0000,
 0x0000,
 0x0000,
 0x0000,
 0x0000,
 0x0000,
 0x0000,
 0x0000,
 0x0000,
 0x0000,
 0x0000,
 0x0000,
 0x0000,
 0x0000,
 0x0000,
 0x0000,
 0x0000,
 0x0000,
 0x0000,
 0x0000,
 0x0000,
 0x0000,
 0x0000,
 0x0000,
 0x0000,
 0x0000,
 0x0000,
 0x0000,
 0x0000,
 0x0000,
 0x0000,
 0x0000,
 0x0000,
 0x0000,
 0x0000,
 0x0000,
 0x0000,
 0x0000,
 0x0000,
 0x0000,
 0x0000,
 0x0000,
 0x0000,
 0x0000,
 0x0000,
 0x0000,
 0x0000,
 0x0000,
 0x0000,
 0x0000,
 0x0000,
 0x0000,
 0x07ad,
 0x0000,
 0x0000,
 0x0000,
 0x0000,
 0x0000,
 0x0000,
 0x0000,
 0x0000,
 0x0000,
 0x0000,
 0x0000,
 0x0000,
 0x0000,
 0x0000,
 0x0000,
 0x0000,
 0x0000,
 0x0000,
 0x0000,
 0x0000,
 0x0000,
 0x0000,
 0x0000,
 0x0000,
 0x0000,
 0x0000,
 0x0000,
 0x0000,
 0x0000,
 0x0000,
 0x0000,
 0x0000,
 0x0000,
 0x0000,
 0x0000,
 0x0000,
 0x0000,
 0x0000,
 0x0000,
 0x0000,
 0x0000,
 0x0000,
 0x0000,
 0x0000,
 0x0000,
 0x0000,
 0x0000,
 0x0000,
 0x0000,
 0x10ca,
 0x0000,
 0x0000,
 0x0000,
 0x0000,
 0x0000,
 0x0000,
 0x0000,
 0x0000,
 0x0000,
 0x0000,
 0x0000,
 0x0000,
 0x0000,
 0x0000,
 0x0000,
 0x0000,
 0x0000,
 0x0000,
 0x0000,
 0x0000,
 0x0000,
 0x0000,
 0x0000,
 0x0000,
 0x0000,
 0x0000,
 0x0000,
 0x0000,
 0x0000,
 0x0000,
 0x0000,
 0x0000,
 0x0000,
 0x0000,
 0x0000,
 0x0000,
 0x0000,
 0x0000,
 0x0000,
 0x0000,
 0x0000,
 0x0000,
 0x0000,
 0x0000,
 0x0000,
 0x0000,
 0x0000,
 0x0000,
 0x0000,
 0x0000,
 0x0513,
 0x0000,
 0x8076,
 0x0000,
 0x0000,
 0x0000,
 0x0000,
 0x0000,
 0x0000,
 0x0000,
 0x0000,
 0x0000,
 0x0000,
 0x0000,
 0x0000,
 0x0000,
 0x0000,
 0x0000,
 0x0000,
 0x0000,
 0x0000,
 0x0000,
 0x0000,
 0x0000,
 0x0000,
 0x0000,
 0x0000,
 0x0000,
 0x0000,
 0x0000,
 0x0000,
 0x0000,
 0x0000,
 0x0000,
 0x0000,
 0x0000,
 0x0000,
 0x0000,
 0x0000,
 0x0000,
 0x0000,
 0x0000,
 0x0000,
 0x0000,
 0x0000,
 0x0000,
 0x0000,
 0x80c2,
 0x0000,
 0x0000,
 0x0000,
 0x0000,
 0x0000,
 0x0000,
 0x0000,
 0x0000,
 0x0000,
 0x0000,
 0x0000,
 0x0707,
 0x0000,
 0x0000,
 0x0000,
 0x0000,
 0x0000,
 0x0000,
 0x0000,
 0x0000,
 0x0000,
 0x0000,
 0x0000,
 0x0000,
 0x0000,
 0x0000,
 0x0000,
 0x0000,
 0x0000,
 0x0000,
 0x0000,
 0x0000,
 0x0000,
 0x0000,
 0x0000,
 0x0000,
 0x0000,
 0x0000,
 0x0000,
 0x0000,
 0x0000,
 0x0000,
 0x0000,
 0x0000,
 0x0000,
 0x0000,
 0x0000,
 0x0000,
 0x0000,
 0x0000,
 0x0000,
 0x0000,
 0x0000,
 0x0000,
 0x0000,
 0x0000,
 0x0000,
 0x0000,
 0x0000,
 0x0000,
 0x0000,
 0x0000,
 0x0000,
 0x0000,
 0x0000,
 0x0d76,
 0x0000,
 0x0000,
 0x0000,
 0x0000,
 0x0000,
 0x0000,
 0x0000,
 0x0000,
 0x0000,
 0x0000,
 0x0000,
 0x0000,
 0x0000,
 0x0000,
 0x0000,
 0x0000,
 0x0000,
 0x0000,
 0x0000,
 0x814f,
 0x0000,
 0x0000,
 0x0000,
 0x0000,
 0x0000,
 0x0000,
 0x0000,
 0x0000,
 0x0000,
 0x0000,
 0x0000,
 0x0000,
 0x0000,
 0x0000,
 0x0000,
 0x0000,
 0x0000,
 0x0000,
 0x0000,
 0x0000,
 0x0000,
 0x0000,
 0x0000,
 0x0000,
 0x0000,
 0x0000,
 0x0000,
 0x0000,
 0x0000,
 0x0000,
 0x0000,
 0x0000,
 0x0000,
 0x0000,
 0x0000,
 0x0000,
 0x0000,
 0x0000,
 0x0000,
 0x0000,
 0x0000,
 0x0000,
 0x0000,
 0x0000,
 0x0000,
 0x0000,
 0x0000,
 0x0000,
 0x0000,
 0x0000,
 0x0000,
 0x0000,
 0x0000,
 0x0000,
 0x0000,
 0x8118,
 0x0000,
 0x0000,
 0x0000,
 0x0000,
 0x0000,
 0x0000,
 0x0000,
 0x0000,
 0x0000,
 0x0000,
 0x0000,
 0x0000,
 0x0000,
 0x0000,
 0x0000,
 0x0000,
 0x0000,
 0x0000,
 0x0000,
 0x0000,
 0x0000,
 0x0000,
 0x0000,
 0x0000,
 0x0000,
 0x0000,
 0x0000,
 0x0804,
 0x0000,
 0x0000,
 0x0000,
 0x0000,
 0x0000,
 0x0000,
 0x0000,
 0x0000,
 0x0000,
 0x0000,
 0x0511,
 0x0000,
 0x0000,
 0x0000,
 0x0000,
 0x0000,
 0x0000,
 0x0000,
 0x0000,
 0x0000,
 0x0000,
 0x10d0,
 0x0000,
 0x0000,
 0x0000,
 0x0000,
 0x0000,
 0x0000,
 0x0000,
 0x0000,
 0x0000,
 0x0000,
 0x0000,
 0x0000,
 0x0000,
 0x0000,
 0x0000,
 0x0000,
 0x0000,
 0x0000,
 0x0000,
 0x0000,
 0x0000,
 0x0000,
 0x0000,
 0x0000,
 0x0000,
 0x0000,
 0x0000,
 0x0000,
 0x0000,
 0x0000,
 0x0000,
 0x0000,
 0x0000,
 0x0000,
 0x0000,
 0x0000,
 0x0000,
 0x0000,
 0x0000,
 0x0000,
 0x0000,
 0x0000,
 0x0000,
 0x0000,
 0x0000,
 0x0000,
 0x0000,
 0x0000,
 0x0000,
 0x0000,
 0x0000,
 0x0000,
 0x0000,
 0x0000,
 0x0000,
 0x0000,
 0x0000,
 0x0000,
 0x0000,
 0x0000,
 0x0000,
 0x0000,
 0x0000,
 0x0000,
 0x0000,
 0x0000,
 0x0000,
 0x0000,
 0x0000,
 0x0000,
 0x0000,
 0x0000,
 0x0000,
 0x0000,
 0x0000,
 0x0000,
 0x0000,
 0x0000,
 0x0000,
 0x0000,
 0x0000,
 0x0000,
 0x0000,
 0x0000,
 0x0000,
 0x0000,
 0x0000,
 0x0000,
 0x8011,
 0x0000,
 0x0000,
 0x0000,
 0x0000,
 0x0000,
 0x0000,
 0x0000,
 0x0000,
 0x0000,
 0x0000,
 0x0000,
 0x0000,
 0x0000,
 0x0000,
 0x0000,
 0x0000,
 0x0000,
 0x0000,
 0x0000,
 0x0000,
 0x0343,
 0x0000,
 0x0000,
 0x0000,
 0x0000,
 0x0000,
 0x0000,
 0x0000,
 0x0000,
 0x0000,
 0x0000,
 0x0000,
 0x0000,
 0x0000,
 0x0000,
 0x0000,
 0x0000,
 0x0000,
 0x0370,
 0x0000,
 0x0000,
 0x0000,
 0x0000,
 0x0000,
 0x0000,
 0x0000,
 0x0000,
 0x0000,
 0x0000,
 0x0000,
 0x0000,
 0x0000,
 0x0000,
 0x0000,
 0x0000,
 0x0000,
 0x0000,
 0x0000,
 0x0000,
 0x0000,
 0x0000,
 0x0000,
 0x0000,
 0x0000,
 0x0000,
 0x0000,
 0x0000,
 0x0000,
 0x0000,
 0x0000,
 0x0000,
 0x0000,
 0x0000,
 0x0000,
 0x0000,
 0x0000,
 0x0000,
 0x0000,
 0x0000,
 0x0000,
 0x0000,
 0x0000,
 0x0000,
 0x0000,
 0x0000,
 0x0000,
 0x0db8,
 0x0000,
 0x0000,
 0x0000,
 0x0000,
 0x0000,
 0x0000,
 0x0000,
 0x0000,
 0x0000,
 0x0000,
 0x0000,
 0x0000,
 0x0000,
 0x0000,
 0x0000,
 0x0000,
 0x0000,
 0x0000,
 0x0000,
 0x0000,
 0x0000,
 0x0000,
 0x0000,
 0x80e3,
 0x0000,
 0x0000,
 0x0000,
 0x0000,
 0x0000,
 0x0000,
 0x0000,
 0x0000,
 0x0000,
 0x0000,
 0x0000,
 0x0000,
 0x0000,
 0x0000,
 0x0000,
 0x0d71,
 0x0000,
 0x0000,
 0x0000,
 0x0000,
 0x0000,
 0x0000,
 0x0000,
 0x0000,
 0x0000,
 0x0000,
 0x0000,
 0x0000,
 0x0000,
 0x0000,
 0x0000,
 0x0000,
 0x0000,
 0x0000,
 0x0000,
 0x0000,
 0x0000,
 0x0000,
 0x0000,
 0x0000,
 0x0000,
 0x0000,
 0x0000,
 0x0000,
 0x0000,
 0x0000,
 0x0000,
 0x0000,
 0x0000,
 0x0000,
 0x0000,
 0x0000,
 0x0000,
 0x0000,
 0x0000,
 0x0000,
 0x0000,
 0x0000,
 0x0000,
 0x0000,
 0x0000,
 0x0000,
 0x0000,
 0x0000,
 0x0000,
 0x0000,
 0x0000,
 0x0000,
 0x0000,
 0x0000,
 0x011f,
 0x0000,
 0x0000,
 0x0000,
 0x0000,
 0x0000,
 0x8099,
 0x0000,
 0x06f2,
 0x0000,
 0x0000,
 0x0000,
 0x0000,
 0x0000,
 0x0000,
 0x0000,
 0x0000,
 0x0000,
 0x0000,
 0x0000,
 0x0000,
 0x0000,
 0x0000,
 0x0000,
 0x0000,
 0x0000,
 0x0000,
 0x0000,
 0x0000,
 0x0000,
 0x0000,
 0x0000,
 0x0000,
 0x0000,
 0x0000,
 0x0000,
 0x0000,
 0x0000,
 0x0000,
 0x0000,
 0x0000,
 0x0000,
 0x0000,
 0x0000,
 0x0000,
 0x0000,
 0x0000,
 0x0000,
 0x0000,
 0x0000,
 0x0000,
 0x0000,
 0x0000,
 0x0000,
 0x0000,
 0x0000,
 0x0000,
 0x0000,
 0x0000,
 0x0000,
 0x0000,
 0x0000,
 0x0000,
 0x0000,
 0x0000,
 0x0000,
 0x0000,
 0x0000,
 0x0000,
 0x0000,
 0x0000,
 0x0000,
 0x0000,
 0x0000,
 0x0000,
 0x0000,
 0x0000,
 0x0000,
 0x0000,
 0x0000,
 0x0000,
 0x0000,
 0x0000,
 0x0000,
 0x0000,
 0x0000,
 0x0000,
 0x0000,
 0x10d2,
 0x0000,
 0x0000,
 0x0000,
 0x0000,
 0x0000,
 0x0000,
 0x0000,
 0x0000,
 0x0000,
 0x0000,
 0x0000,
 0x0000,
 0x0000,
 0x0000,
 0x0000,
 0x0000,
 0x0000,
 0x0000,
 0x0000,
 0x0000,
 0x0000,
 0x0000,
 0x0000,
 0x0000,
 0x0000,
 0x0000,
 0x0000,
 0x0000,
 0x0000,
 0x0000,
 0x0000,
 0x0000,
 0x0000,
 0x0000,
 0x0000,
 0x0000,
 0x0000,
 0x0000,
 0x0000,
 0x0000,
 0x0000,
 0x0000,
 0x0000,
 0x0000,
 0x0000,
 0x0000,
 0x0000,
 0x0000,
 0x0000,
 0x0000,
 0x0000,
 0x0000,
 0x0000,
 0x0000,
 0x0000,
 0x0000,
 0x0000,
 0x0000,
 0x80cf,
 0x0000,
 0x0000,
 0x0000,
 0x0000,
 0x0000,
 0x0000,
 0x0000,
 0x0000,
 0x0000,
 0x0000,
 0x0000,
 0x0000,
 0x0000,
 0x0000,
 0x0000,
 0x0000,
 0x0000,
 0x0000,
 0x0000,
 0x0000,
 0x0000,
 0x0000,
 0x0000,
 0x8169,
 0x0000,
 0x0000,
 0x0000,
 0x0000,
 0x0000,
 0x0000,
 0x0000,
 0x0000,
 0x0000,
 0x0000,
 0x020f,
 0x0000,
 0x0000,
 0x0000,
 0x0000,
 0x0000,
 0x0000,
 0x0000,
 0x0000,
 0x0000,
 0x0000,
 0x0000,
 0x0000,
 0x0000,
 0x0000,
 0x0000,
 0x0000,
 0x0000,
 0x0000,
 0x0000,
 0x0000,
 0x0000,
 0x0000,
 0x036a,
 0x0000,
 0x0000,
 0x0000,
 0x0000,
 0x0000,
 0x0000,
 0x0000,
 0x0000,
 0x0000,
 0x0000,
 0x0000,
 0x0000,
 0x0000,
 0x0000,
 0x0000,
 0x0000,
 0x0000,
 0x0000,
 0x0000,
 0x0000,
 0x0000,
 0x0000,
 0x0000,
 0x80e9,
 0x0000,
 0x0000,
 0x0000,
 0x0000,
 0x0000,
 0x0000,
 0x0000,
 0x0000,
 0x0000,
 0x0000,
 0x0000,
 0x0000,
 0x0000,
 0x0000,
 0x0000,
 0x0000,
 0x0000,
 0x0000,
 0x0000,
 0x0000,
 0x0000,
 0x0000,
 0x0000,
 0x0000,
 0x0000,
 0x0000,
 0x0000,
 0x802d,
 0x0000,
 0x0000,
 0x0000,
 0x0000,
 0x0000,
 0x0000,
 0x0000,
 0x0000,
 0x0000,
 0x0000,
 0x0000,
 0x0000,
 0x0000,
 0x0000,
 0x0000,
 0x0000,
 0x0000,
 0x0000,
 0x0000,
 0x0000,
 0x0000,
 0x0000,
 0x0000,
 0x0000,
 0x0000,
 0x0000,
 0x0000,
 0x0000,
 0x0000,
 0x0000,
 0x0000,
 0x0000,
 0x0000,
 0x0000,
 0x0000,
 0x0000,
 0x0000,
 0x0000,
 0x0000,
 0x0000,
 0x0000,
 0x0000,
 0x0000,
 0x0000,
 0x0000,
 0x0000,
 0x0000,
 0x0000,
 0x0000,
 0x0000,
 0x0000,
 0x0000,
 0x0000,
 0x0000,
 0x0000,
 0x0000,
 0x0000,
 0x0000,
 0x0000,
 0x0000,
 0x0000,
 0x0000,
 0x0000,
 0x0000,
 0x0000,
 0x0000,
 0x0000,
 0x0000,
 0x0000,
 0x0000,
 0x0000,
 0x0000,
 0x0000,
 0x0000,
 0x0000,
 0x0000,
 0x0000,
 0x0000,
 0x0000,
 0x0000,
 0x0000,
 0x0000,
 0x0000,
 0x0000,
 0x0000,
 0x0000,
 0x0000,
 0x80d3,
 0x0000,
 0x0000,
 0x0000,
 0x0000,
 0x0000,
 0x0000,
 0x0000,
 0x0000,
 0x0000,
 0x0000,
 0x0000,
 0x0000,
 0x0000,
 0x0000,
 0x0000,
 0x0000,
 0x0000,
 0x0000,
 0x0000,
 0x0000,
 0x0000,
 0x0000,
 0x0000,
 0x0000,
 0x0000,
 0x0000,
 0x80dd,
 0x0000,
 0x0000,
 0x0000,
 0x0000,
 0x0000,
 0x0000,
 0x0000,
 0x0000,
 0x0000,
 0x0000,
 0x0000,
 0x0000,
 0x0000,
 0x0000,
 0x0000,
 0x0000,
 0x0000,
 0x0000,
 0x0000,
 0x0000,
 0x0000,
 0x0000,
 0x0000,
 0x0000,
 0x0000,
 0x0000,
 0x0000,
 0x0000,
 0x0000,
 0x0000,
 0x0000,
 0x0597,
 0x0000,
 0x0000,
 0x0000,
 0x0000,
 0x0000,
 0x0000,
 0x0000,
 0x0000,
 0x0000,
 0x0000,
 0x0000,
 0x0000,
 0x0000,
 0x0000,
 0x0000,
 0x0000,
 0x0000,
 0x0000,
 0x0000,
 0x0000,
 0x0000,
 0x0000,
 0x0000,
 0x0000,
 0x09e2,
 0x0000,
 0x0000,
 0x0000,
 0x0000,
 0x0000,
 0x0000,
 0x0000,
 0x0000,
 0x0000,
 0x0000,
 0x0000,
 0x0000,
 0x0000,
 0x0000,
 0x0000,
 0x0000,
 0x0000,
 0x0000,
 0x0000,
 0x0000,
 0x0000,
 0x0000,
 0x0000,
 0x0000,
 0x0000,
 0x0000,
 0x0000,
 0x0000,
 0x0000,
 0x0000,
 0x0000,
 0x0000,
 0x0000,
 0x0000,
 0x0000,
 0x0000,
 0x0000,
 0x0000,
 0x0000,
 0x0000,
 0x0000,
 0x0000,
 0x0000,
 0x0000,
 0x0000,
 0x0000,
 0x0000,
 0x0000,
 0x0000,
 0x0000,
 0x0000,
 0x0000,
 0x0000,
 0x0000,
 0x0000,
 0x0000,
 0x0000,
 0x0000,
 0x0000,
 0x0000,
 0x0000,
 0x0000,
 0x0000,
 0x0000,
 0x0000,
 0x0000,
 0x0000,
 0x0000,
 0x0000,
 0x0000,
 0x0000,
 0x0000,
 0x0000,
 0x0000,
 0x0000,
 0x0000,
 0x0000,
 0x80c6,
 0x0000,
 0x0000,
 0x0000,
 0x0000,
 0x0000,
 0x0000,
 0x0000,
 0x0000,
 0x0000,
 0x0000,
 0x0000,
 0x0000,
 0x0000,
 0x0000,
 0x0000,
 0x0000,
 0x0000,
 0x0000,
 0x0000,
 0x0000,
 0x0000,
 0x0000,
 0x0000,
 0x0000,
 0x0000,
 0x0000,
 0x0000,
 0x0000,
 0x0000,
 0x0000,
 0x0000,
 0x0000,
 0x0000,
 0x0000,
 0x0000,
 0x0000,
 0x0000,
 0x0000,
 0x0000,
 0x0000,
 0x0000,
 0x09ca,
 0x0000,
 0x0000,
 0x0000,
 0x0000,
 0x0000,
 0x0000,
 0x0000,
 0x0000,
 0x0000,
 0x0000,
 0x0000,
 0x0000,
 0x0000,
 0x0000,
 0x0000,
 0x0000,
 0x0000,
 0x0000,
 0x0000,
 0x0000,
 0x0000,
 0x0000,
 0x0000,
 0x0000,
 0x0000,
 0x0000,
 0x0000,
 0x0000,
 0x0000,
 0x0000,
 0x0000,
 0x0000,
 0x0000,
 0x0000,
 0x0000,
 0x8145,
 0x0000,
 0x0000,
 0x0000,
 0x0000,
 0x0000,
 0x0000,
 0x0000,
 0x0000,
 0x0000,
 0x0000,
 0x036e,
 0x0000,
 0x0000,
 0x0000,
 0x0000,
 0x0000,
 0x0000,
 0x0000,
 0x0000,
 0x0000,
 0x0000,
 0x0000,
 0x0000,
 0x0000,
 0x0000,
 0x0000,
 0x0000,
 0x0000,
 0x0000,
 0x0000,
 0x0000,
 0x0000,
 0x0000,
 0x0000,
 0x0000,
 0x0000,
 0x0000,
 0x0000,
 0x0000,
 0x0000,
 0x0000,
 0x0000,
 0x0000,
 0x0000,
 0x0000,
 0x0000,
 0x0000,
 0x0000,
 0x0000,
 0x0000,
 0x0000,
 0x0000,
 0x0000,
 0x0000,
 0x0000,
 0x0000,
 0x0000,
 0x0000,
 0x0000,
 0x0000,
 0x0000,
 0x0000,
 0x0d6f,
 0x0000,
 0x0000,
 0x0000,
 0x0000,
 0x0000,
 0x0000,
 0x0000,
 0x0000,
 0x0000,
 0x0000,
 0x0000,
 0x0000,
 0x0000,
 0x0000,
 0x0000,
 0x0000,
 0x0000,
 0x0000,
 0x0000,
 0x06b7,
 0x0000,
 0x0000,
 0x0000,
 0x0000,
 0x0000,
 0x0000,
 0x8138,
 0x0000,
 0x0000,
 0x0000,
 0x0000,
 0x0000,
 0x0000,
 0x0000,
 0x0000,
 0x0000,
 0x0000,
 0x0000,
 0x0000,
 0x0000,
 0x0000,
 0x0000,
 0x0000,
 0x0000,
 0x80db,
 0x0000,
 0x0000,
 0x0000,
 0x0000,
 0x0000,
 0x0000,
 0x0000,
 0x0000,
 0x0000,
 0x0000,
 0x0000,
 0x0000,
 0x0000,
 0x0000,
 0x0000,
 0x0000,
 0x0000,
 0x0000,
 0x0000,
 0x0000,
 0x0000,
 0x0000,
 0x0000,
 0x0000,
 0x0000,
 0x0000,
 0x0000,
 0x0000,
 0x0000,
 0x0000,
 0x0000,
 0x0000,
 0x0000,
 0x0000,
 0x0000,
 0x0000,
 0x0000,
 0x0000,
 0x0000,
 0x0000,
 0x0000,
 0x0000,
 0x0000,
 0x0000,
 0x0000,
 0x0000,
 0x0000,
 0x0000,
 0x0000,
 0x0000,
 0x0000,
 0x0000,
 0x0000,
 0x0000,
 0x0000,
 0x0000,
 0x0000,
 0x0000,
 0x0000,
 0x0000,
 0x0000,
 0x0000,
 0x0000,
 0x0000,
 0x0000,
 0x0000,
 0x0000,
 0x0000,
 0x0000,
 0x0000,
 0x0000,
 0x0000,
 0x0000,
 0x0000,
 0x0000,
 0x0000,
 0x0000,
 0x0000,
 0x0000,
 0x0000,
 0x0000,
 0x0000,
 0x0000,
 0x0000,
 0x0000,
 0x0000,
 0x0000,
 0x0000,
 0x0000,
 0x0000,
 0x0000,
 0x0000,
 0x0000,
 0x0000,
 0x0000,
 0x0000,
 0x0000,
 0x0000,
 0x0000,
 0x0000,
 0x0000,
 0x0000,
 0x0000,
 0x0000,
 0x0000,
 0x0000,
 0x0000,
 0x0000,
 0x0000,
 0x0000,
 0x0000,
 0x0000,
 0x0000,
 0x0000,
 0x0000,
 0x0000,
 0x0000,
 0x0000,
 0x0000,
 0x0000,
 0x0000,
 0x0000,
 0x0000,
 0x0000,
 0x0000,
 0x0000,
 0x0000,
 0x0000,
 0x0000,
 0x0000,
 0x0000,
 0x0000,
 0x0000,
 0x0000,
 0x0000,
 0x0000,
 0x0000,
 0x0000,
 0x0000,
 0x0000,
 0x0000,
 0x0000,
 0x0000,
 0x0000,
 0x0000,
 0x0000,
 0x0000,
 0x0000,
 0x0000,
 0x0000,
 0x0000,
 0x0000,
 0x0000,
 0x011b,
 0x0000,
 0x0000,
 0x0000,
 0x0000,
 0x0000,
 0x0000,
 0x0000,
 0x0000,
 0x0000,
 0x0000,
 0x0000,
 0x0000,
 0x0000,
 0x0000,
 0x0000,
 0x0000,
 0x0000,
 0x0000,
 0x0000,
 0x0000,
 0x0000,
 0x0000,
 0x0000,
 0x0000,
 0x0000,
 0x0000,
 0x0000,
 0x0000,
 0x0000,
 0x0000,
 0x0000,
 0x0000,
 0x0000,
 0x0000,
 0x0000,
 0x0000,
 0x0000,
 0x0000,
 0x0000,
 0x0000,
 0x0000,
 0x0000,
 0x0000,
 0x0000,
 0x0000,
 0x0000,
 0x0000,
 0x0000,
 0x0000,
 0x0000,
 0x0000,
 0x0000,
 0x0000,
 0x0000,
 0x0000,
 0x0000,
 0x0000,
 0x0000,
 0x0000,
 0x0000,
 0x0000,
 0x0000,
 0x0000,
 0x0000,
 0x0000,
 0x0000,
 0x0000,
 0x0000,
 0x0000,
 0x0000,
 0x0000,
 0x0000,
 0x0000,
 0x0000,
 0x0000,
 0x0000,
 0x0000,
 0x0000,
 0x0000,
 0x0000,
 0x0000,
 0x0000,
 0x0000,
 0x0000,
 0x0000,
 0x0000,
 0x0000,
 0x0000,
 0x0000,
 0x0000,
 0x0000,
 0x0000,
 0x0000,
 0x0000,
 0x0000,
 0x0000,
 0x0000,
 0x0000,
 0x0000,
 0x0000,
 0x0000,
 0x0000,
 0x0000,
 0x0000,
 0x0000,
 0x0000,
 0x0000,
 0x0000,
 0x0000,
 0x0000,
 0x0000,
 0x0000,
 0x0000,
 0x0000,
 0x0000,
 0x0000,
 0x0000,
 0x0000,
 0x0000,
 0x0000,
 0x0000,
 0x0000,
 0x0000,
 0x0000,
 0x0d5a,
 0x0000,
 0x0000,
 0x0000,
 0x0000,
 0x0000,
 0x0000,
 0x0000,
 0x0000,
 0x0000,
 0x0000,
 0x0000,
 0x0000,
 0x0000,
 0x0000,
 0x0000,
 0x0000,
 0x0000,
 0x0000,
 0x0000,
 0x0000,
 0x0000,
 0x0000,
 0x0000,
 0x0000,
 0x0000,
 0x0000,
 0x0000,
 0x0000,
 0x0000,
 0x0000,
 0x0000,
 0x0000,
 0x0000,
 0x0000,
 0x0000,
 0x0000,
 0x0000,
 0x0000,
 0x0000,
 0x0000,
 0x0000,
 0x0000,
 0x0000,
 0x0000,
 0x0000,
 0x0000,
 0x0000,
 0x0000,
 0x0000,
 0x0000,
 0x0000,
 0x0000,
 0x0000,
 0x0000,
 0x0000,
 0x0000,
 0x0000,
 0x0000,
 0x0000,
 0x0000,
 0x0000,
 0x0000,
 0x0000,
 0x0000,
 0x0000,
 0x0000,
 0x0000,
 0x0000,
 0x0a0c,
 0x0000,
 0x0000,
 0x0000,
 0x0000,
 0x0000,
 0x0000,
 0x0000,
 0x0000,
 0x0000,
 0x0000,
 0x0000,
 0x0000,
 0x0000,
 0x0000,
 0x0000,
 0x0000,
 0x0000,
 0x0000,
 0x0000,
 0x0000,
 0x0000,
 0x0000,
 0x0000,
 0x0000,
 0x0000,
 0x0000,
 0x0000,
 0x0000,
 0x0000,
 0x0000,
 0x0f32,
 0x0000,
 0x0000,
 0x0000,
 0x0000,
 0x0000,
 0x0000,
 0x0000,
 0x0000,
 0x0000,
 0x0000,
 0x8121,
 0x0000,
 0x0000,
 0x0000,
 0x0000,
 0x0000,
 0x0000,
 0x0000,
 0x0000,
 0x0000,
 0x0000,
 0x0000,
 0x0000,
 0x04a2,
 0x0000,
 0x0000,
 0x0000,
 0x0000,
 0x0000,
 0x0000,
 0x0000,
 0x0000,
 0x0000,
 0x0000,
 0x0000,
 0x0000,
 0x0000,
 0x0000,
 0x0000,
 0x0000,
 0x0000,
 0x0000,
 0x0000,
 0x0000,
 0x0000,
 0x0000,
 0x0000,
 0x0000,
 0x0000,
 0x0358,
 0x0000,
 0x009c,
 0x0000,
 0x0000,
 0x0000,
 0x0000,
 0x0000,
 0x0000,
 0x0000,
 0x0000,
 0x0000,
 0x8067,
 0x0000,
 0x0000,
 0x0000,
 0x0000,
 0x0000,
 0x0000,
 0x0000,
 0x0000,
 0x0000,
 0x0000,
 0x0000,
 0x0000,
 0x0000,
 0x0000,
 0x0000,
 0x0000,
 0x0000,
 0x0000,
 0x0000,
 0x0000,
 0x0000,
 0x0000,
 0x0000,
 0x0000,
 0x0000,
 0x0000,
 0x0000,
 0x0000,
 0x0000,
 0x0000,
 0x8038,
 0x0000,
 0x0000,
 0x0000,
 0x0000,
 0x0000,
 0x0000,
 0x0000,
 0x0000,
 0x0000,
 0x0000,
 0x0000,
 0x0000,
 0x0000,
 0x0000,
 0x0000,
 0x0000,
 0x0000,
 0x0000,
 0x0000,
 0x0000,
 0x0000,
 0x816b,
 0x0000,
 0x0000,
 0x0000,
 0x0000,
 0x0000,
 0x0000,
 0x0000,
 0x0000,
 0x0000,
 0x0000,
 0x0000,
 0x0000,
 0x0000,
 0x0000,
 0x0000,
 0x0000,
 0x0000,
 0x0000,
 0x0000,
 0x0000,
 0x0000,
 0x0000,
 0x0000,
 0x0000,
 0x0000,
 0x0000,
 0x0000,
 0x0000,
 0x0000,
 0x0000,
 0x0000,
 0x0000,
 0x032f,
 0x0000,
 0x0000,
 0x0000,
 0x0000,
 0x0000,
 0x0000,
 0x0000,
 0x0000,
 0x0000,
 0x0000,
 0x0000,
 0x0000,
 0x0000,
 0x0000,
 0x0000,
 0x0000,
 0x0000,
 0x0000,
 0x0000,
 0x0000,
 0x0000,
 0x0000,
 0x0000,
 0x0000,
 0x0000,
 0x0000,
 0x0000,
 0x0000,
 0x0000,
 0x0000,
 0x0000,
 0x0000,
 0x0000,
 0x0000,
 0x0000,
 0x0000,
 0x0000,
 0x0000,
 0x0000,
 0x0000,
 0x0000,
 0x0000,
 0x0000,
 0x0000,
 0x0000,
 0x0000,
 0x0000,
 0x0000,
 0x0000,
 0x0000,
 0x0000,
 0x0000,
 0x0000,
 0x0000,
 0x0000,
 0x0000,
 0x0000,
 0x0000,
 0x0000,
 0x0000,
 0x0000,
 0x0000,
 0x0000,
 0x0000,
 0x0000,
 0x0000,
 0x0000,
 0x0000,
 0x0000,
 0x0000,
 0x0000,
 0x0000,
 0x0000,
 0x0000,
 0x0000,
 0x0000,
 0x0000,
 0x0000,
 0x0000,
 0x0000,
 0x0000,
 0x0000,
 0x0000,
 0x0000,
 0x0000,
 0x0000,
 0x0000,
 0x0000,
 0x0000,
 0x0000,
 0x0000,
 0x0000,
 0x0000,
 0x0000,
 0x0000,
 0x0000,
 0x0000,
 0x0000,
 0x0000,
 0x0000,
 0x8006,
 0x0000,
 0x0000,
 0x0000,
 0x0000,
 0x0000,
 0x0000,
 0x0000,
 0x0000,
 0x0000,
 0x0000,
 0x0000,
 0x0000,
 0x0000,
 0x0000,
 0x0000,
 0x0000,
 0x0000,
 0x0000,
 0x0000,
 0x0000,
 0x0000,
 0x0000,
 0x0000,
 0x0000,
 0x0000,
 0x0000,
 0x0000,
 0x0000,
 0x0000,
 0x0000,
 0x0000,
 0x0000,
 0x0000,
 0x0000,
 0x0000,
 0x0000,
 0x0000,
 0x0000,
 0x0000,
 0x0000,
 0x0000,
 0x0000,
 0x0000,
 0x0000,
 0x0000,
 0x0000,
 0x0000,
 0x0000,
 0x0000,
 0x0000,
 0x0000,
 0x0000,
 0x0000,
 0x0000,
 0x0000,
 0x0000,
 0x0000,
 0x0000,
 0x0000,
 0x0000,
 0x0000,
 0x0000,
 0x8044,
 0x0000,
 0x0000,
 0x0000,
 0x0000,
 0x0000,
 0x0000,
 0x0000,
 0x0000,
 0x8065,
 0x0000,
 0x0000,
 0x0000,
 0x0000,
 0x0000,
 0x0000,
 0x0000,
 0x0000,
 0x0000,
 0x0000,
 0x0000,
 0x0000,
 0x0000,
 0x0000,
 0x0000,
 0x0000,
 0x0000,
 0x0000,
 0x0000,
 0x0000,
 0x0000,
 0x0000,
 0x0000,
 0x0000,
 0x0000,
 0x0000,
 0x0000,
 0x0000,
 0x0000,
 0x0000,
 0x0000,
 0x0000,
 0x0000,
 0x0000,
 0x0000,
 0x0000,
 0x0000,
 0x0000,
 0x0000,
 0x0000,
 0x0000,
 0x0000,
 0x0000,
 0x0000,
 0x0000,
 0x0000,
 0x0000,
 0x0000,
 0x0000,
 0x0000,
 0x0000,
 0x0000,
 0x0000,
 0x0000,
 0x0000,
 0x0000,
 0x0000,
 0x0000,
 0x0000,
 0x0000,
 0x0000,
 0x0000,
 0x0000,
 0x0000,
 0x0000,
 0x0000,
 0x0000,
 0x0000,
 0x0000,
 0x0000,
 0x0000,
 0x0000,
 0x0000,
 0x0000,
 0x0000,
 0x0000,
 0x0000,
 0x0000,
 0x0000,
 0x0000,
 0x0000,
 0x0000,
 0x0000,
 0x0000,
 0x0000,
 0x0000,
 0x0000,
 0x0000,
 0x0000,
 0x0000,
 0x0000,
 0x0000,
 0x0000,
 0x0000,
 0x0000,
 0x0000,
 0x0000,
 0x0000,
 0x0000,
 0x0000,
 0x0000,
 0x0000,
 0x0000,
 0x0000,
 0x0000,
 0x0000,
 0x0000,
 0x0000,
 0x0000,
 0x0000,
 0x0000,
 0x0000,
 0x0000,
 0x0000,
 0x0000,
 0x0000,
 0x0000,
 0x0000,
 0x0000,
 0x0000,
 0x0000,
 0x0000,
 0x0000,
 0x0000,
 0x0000,
 0x0000,
 0x0000,
 0x0000,
 0x0000,
 0x0000,
 0x0000,
 0x0000,
 0x0000,
 0x0000,
 0x0000,
 0x0000,
 0x0000,
 0x0000,
 0x0000,
 0x0000,
 0x0000,
 0x0000,
 0x0000,
 0x0000,
 0x0000,
 0x0000,
 0x0000,
 0x0000,
 0x0000,
 0x0000,
 0x0000,
 0x0000,
 0x0000,
 0x0000,
 0x0000,
 0x0000,
 0x0000,
 0x0000,
 0x0000,
 0x0000,
 0x0000,
 0x0000,
 0x0000,
 0x0000,
 0x0000,
 0x0000,
 0x0000,
 0x0000,
 0x0000,
 0x0000,
 0x0000,
 0x0000,
 0x0000,
 0x0000,
 0x0000,
 0x0000,
 0x0000,
 0x0000,
 0x0000,
 0x0000,
 0x0000,
 0x0000,
 0x0000,
 0x0000,
 0x0000,
 0x0000,
 0x0000,
 0x0000,
 0x0000,
 0x0000,
 0x0000,
 0x0000,
 0x0000,
 0x0000,
 0x0000,
 0x0000,
 0x0000,
 0x0000,
 0x0000,
 0x0000,
 0x0000,
 0x0000,
 0x0000,
 0x0000,
 0x0000,
 0x0000,
 0x0000,
 0x0000,
 0x0000,
 0x0000,
 0x0000,
 0x0000,
 0x0000,
 0x0000,
 0x0000,
 0x0000,
 0x802b,
 0x0000,
 0x0000,
 0x0000,
 0x0000,
 0x0000,
 0x0000,
 0x0000,
 0x0000,
 0x0000,
 0x0000,
 0x0000,
 0x0000,
 0x0000,
 0x0000,
 0x0000,
 0x0000,
 0x0000,
 0x0000,
 0x0000,
 0x0000,
 0x0000,
 0x0000,
 0x0000,
 0x0000,
 0x0000,
 0x0000,
 0x0000,
 0x0000,
 0x0000,
 0x0000,
 0x0000,
 0x0000,
 0x0000,
 0x0f70,
 0x0000,
 0x0000,
 0x0000,
 0x0000,
 0x0000,
 0x0000,
 0x0000,
 0x0000,
 0x0000,
 0x0000,
 0x0000,
 0x0000,
 0x0000,
 0x0000,
 0x0000,
 0x0000,
 0x0000,
 0x0000,
 0x0000,
 0x0000,
 0x0000,
 0x8130,
 0x0000,
 0x0000,
 0x0000,
 0x0d73,
 0x0000,
 0x0000,
 0x0000,
 0x0000,
 0x0000,
 0x0000,
 0x0000,
 0x0000,
 0x0000,
 0x0000,
 0x0000,
 0x0000,
 0x0000,
 0x0000,
 0x0000,
 0x0000,
 0x0000,
 0x0000,
 0x0000,
 0x0000,
 0x0000,
 0x0000,
 0x0000,
 0x0000,
 0x0000,
 0x0000,
 0x0000,
 0x0000,
 0x0000,
 0x0000,
 0x0000,
 0x0000,
 0x0000,
 0x0000,
 0x0000,
 0x0000,
 0x8116,
 0x0000,
 0x0000,
 0x0000,
 0x0000,
 0x0000,
 0x0000,
 0x0000,
 0x0000,
 0x0000,
 0x0000,
 0x0000,
 0x0000,
 0x0000,
 0x0000,
 0x0000,
 0x0000,
 0x0000,
 0x0000,
 0x0000,
 0x0000,
 0x0000,
 0x0000,
 0x0000,
 0x0000,
 0x0000,
 0x0000,
 0x0000,
 0x0000,
 0x0000,
 0x0000,
 0x0000,
 0x0000,
 0x0000,
 0x0000,
 0x0000,
 0x0000,
 0x0000,
 0x812a,
 0x0000,
 0x0000,
 0x0000,
 0x0000,
 0x0000,
 0x0000,
 0x0000,
 0x0000,
 0x0000,
 0x0000,
 0x0000,
 0x0000,
 0x0000,
 0x0000,
 0x0000,
 0x0000,
 0x0000,
 0x0000,
 0x0000,
 0x0000,
 0x0000,
 0x0000,
 0x0000,
 0x0000,
 0x0000,
 0x0000,
 0x0000,
 0x0000,
 0x0000,
 0x0000,
 0x0000,
 0x0000,
 0x0000,
 0x0000,
 0x0000,
 0x0000,
 0x0000,
 0x0000,
 0x0000,
 0x0000,
 0x0000,
 0x0000,
 0x0000,
 0x0000,
 0x0000,
 0x0000,
 0x0000,
 0x0000,
 0x0000,
 0x0000,
 0x0000,
 0x0000,
 0x0000,
 0x814b,
 0x0000,
 0x0000,
 0x0000,
 0x0000,
 0x0000,
 0x0000,
 0x0000,
 0x0000,
 0x0000,
 0x0000,
 0x0000,
 0x0000,
 0x0000,
 0x0000,
 0x0000,
 0x0000,
 0x0000,
 0x0000,
 0x0000,
 0x0000,
 0x0000,
 0x0000,
 0x0000,
 0x0000,
 0x0000,
 0x0000,
 0x0000,
 0x0000,
 0x0000,
 0x0000,
 0x0000,
 0x0000,
 0x0000,
 0x0000,
 0x0000,
 0x0000,
 0x0000,
 0x0000,
 0x0000,
 0x0000,
 0x0000,
 0x0000,
 0x0000,
 0x0000,
 0x0000,
 0x0000,
 0x0000,
 0x0000,
 0x0000,
 0x0000,
 0x0000,
 0x0000,
 0x0000,
 0x0000,
 0x0000,
 0x0000,
 0x0000,
 0x0000,
 0x0000,
 0x0000,
 0x0000,
 0x0000,
 0x0000,
 0x0000,
 0x0000,
 0x0000,
 0x0000,
 0x0000,
 0x0000,
 0x0000,
 0x0000,
 0x0000,
 0x0000,
 0x0000,
 0x0000,
 0x0000,
 0x0000,
 0x0000,
 0x0000,
 0x0000,
 0x0000,
 0x0000,
 0x0000,
 0x0000,
 0x0000,
 0x0000,
 0x0000,
 0x0000,
 0x0000,
 0x0000,
 0x0000,
 0x0000,
 0x0000,
 0x0000,
 0x0000,
 0x0000,
 0x0000,
 0x0000,
 0x0000,
 0x0000,
 0x0000,
 0x0000,
 0x0000,
 0x0000,
 0x0000,
 0x0000,
 0x0000,
 0x0000,
 0x0000,
 0x0000,
 0x0000,
 0x0000,
 0x0000,
 0x0000,
 0x0000,
 0x0000,
 0x0000,
 0x0000,
 0x0000,
 0x0000,
 0x0000,
 0x0000,
 0x0000,
 0x0000,
 0x0000,
 0x0000,
 0x0000,
 0x0000,
 0x0000,
 0x0000,
 0x0000,
 0x0000,
 0x0000,
 0x0000,
 0x0000,
 0x0000,
 0x0000,
 0x0000,
 0x0000,
 0x0000,
 0x0000,
 0x0000,
 0x0000,
 0x0000,
 0x0000,
 0x0000,
 0x0000,
 0x0000,
 0x0000,
 0x0000,
 0x80a9,
 0x0000,
 0x0000,
 0x0000,
 0x0000,
 0x0000,
 0x0000,
 0x0000,
 0x0000,
 0x0000,
 0x0000,
 0x0000,
 0x0000,
 0x0000,
 0x0000,
 0x0000,
 0x0000,
 0x0000,
 0x0000,
 0x0000,
 0x0000,
 0x0000,
 0x0000,
 0x0000,
 0x0000,
 0x0000,
 0x0000,
 0x0000,
 0x0000,
 0x0000,
 0x0000,
 0x0000,
 0x0000,
 0x0000,
 0x0000,
 0x0000,
 0x0000,
 0x0000,
 0x0000,
 0x0000,
 0x0000,
 0x0000,
 0x0000,
 0x0000,
 0x8175,
 0x0000,
 0x8046,
 0x0000,
 0x0000,
 0x80a1,
 0x0000,
 0x0000,
 0x0000,
 0x0000,
 0x0000,
 0x0000,
 0x0000,
 0x0000,
 0x0000,
 0x0000,
 0x812c,
 0x0000,
 0x0000,
 0x0000,
 0x0000,
 0x0000,
 0x0000,
 0x0000,
 0x0000,
 0x0000,
 0x0000,
 0x0000,
 0x0000,
 0x0000,
 0x0000,
 0x0000,
 0x0000,
 0x0000,
 0x0000,
 0x0000,
 0x0000,
 0x0000,
 0x0000,
 0x0000,
 0x0000,
 0x0000,
 0x0000,
 0x0000,
 0x0000,
 0x0000,
 0x0000,
 0x0000,
 0x0000,
 0x0000,
 0x0000,
 0x0000,
 0x0000,
 0x0000,
 0x0000,
 0x0000,
 0x0000,
 0x0000,
 0x0000,
 0x0000,
 0x0000,
 0x0000,
 0x0000,
 0x0000,
 0x0000,
 0x0000,
 0x0000,
 0x0000,
 0x0000,
 0x0000,
 0x0000,
 0x0000,
 0x0000,
 0x0000,
 0x0000,
 0x0000,
 0x0000,
 0x0441,
 0x0000,
 0x0000,
 0x0000,
 0x0000,
 0x0000,
 0x0000,
 0x0000,
 0x0000,
 0x0000,
 0x0000,
 0x0000,
 0x0000,
 0x0000,
 0x0000,
 0x0000,
 0x0000,
 0x0000,
 0x0000,
 0x0000,
 0x0000,
 0x0000,
 0x0000,
 0x0000,
 0x0000,
 0x0000,
 0x0000,
 0x0000,
 0x0000,
 0x0000,
 0x0000,
 0x0000,
 0x0000,
 0x0000,
 0x0000,
 0x0000,
 0x0000,
 0x0000,
 0x0000,
 0x0000,
 0x0000,
 0x0000,
 0x0000,
 0x0000,
 0x0000,
 0x0000,
 0x0000,
 0x0000,
 0x0000,
 0x0000,
 0x0000,
 0x0000,
 0x0000,
 0x0000,
 0x0000,
 0x0000,
 0x0000,
 0x0000,
 0x0000,
 0x0000,
 0x0000,
 0x0000,
 0x0000,
 0x0000,
 0x0000,
 0x0000,
 0x0000,
 0x0000,
 0x0000,
 0x0000,
 0x0000,
 0x0000,
 0x0000,
 0x0000,
 0x0000,
 0x0000,
 0x0000,
 0x0000,
 0x0000,
 0x0000,
 0x0000,
 0x0000,
 0x0000,
 0x0000,
 0x0000,
 0x0000,
 0x0000,
 0x0000,
 0x0000,
 0x0000,
 0x0000,
 0x0000,
 0x0000,
 0x0000,
 0x0000,
 0x09ac,
 0x0000,
 0x0000,
 0x0000,
 0x0000,
 0x0000,
 0x0000,
 0x0000,
 0x0000,
 0x0000,
 0x0000,
 0x0000,
 0x0000,
 0x0000,
 0x0000,
 0x0000,
 0x0000,
 0x0000,
 0x0000,
 0x0000,
 0x0000,
 0x0000,
 0x0000,
 0x0000,
 0x0000,
 0x0000,
 0x0000,
 0x0000,
 0x8135,
 0x0000,
 0x0000,
 0x0000,
 0x0000,
 0x0000,
 0x0000,
 0x0000,
 0x0000,
 0x0000,
 0x0000,
 0x0000,
 0x0000,
 0x0000,
 0x0000,
 0x0000,
 0x0000,
 0x0000,
 0x0000,
 0x0000,
 0x0000,
 0x0000,
 0x0000,
 0x0000,
 0x0000,
 0x0000,
 0x0000,
 0x0000,
 0x0000,
 0x0000,
 0x0000,
 0x0000,
 0x0000,
 0x0000,
 0x0000,
 0x0000,
 0x0000,
 0x0000,
 0x0000,
 0x0000,
 0x0000,
 0x0000,
 0x0000,
 0x0000,
 0x0000,
 0x0000,
 0x0000,
 0x0000,
 0x0000,
 0x0000,
 0x0000,
 0x0000,
 0x0000,
 0x0000,
 0x0000,
 0x0000,
 0x0000,
 0x0000,
 0x0000,
 0x0000,
 0x0000,
 0x0000,
 0x0000,
 0x0000,
 0x0000,
 0x0000,
 0x0000,
 0x0000,
 0x0000,
 0x0000,
 0x0000,
 0x0000,
 0x0000,
 0x0000,
 0x0000,
 0x0000,
 0x0000,
 0x0000,
 0x8101,
 0x0000,
 0x0000,
 0x0000,
 0x0000,
 0x0000,
 0x0000,
 0x0000,
 0x0000,
 0x0000,
 0x0000,
 0x0000,
 0x0000,
 0x0000,
 0x0000,
 0x0000,
 0x0000,
 0x0000,
 0x0000,
 0x0000,
 0x0a53,
 0x0000,
 0x0000,
 0x0000,
 0x0000,
 0x0000,
 0x0000,
 0x0000,
 0x0000,
 0x0000,
 0x0000,
 0x0000,
 0x0000,
 0x0000,
 0x0000,
 0x0000,
 0x0000,
 0x0e41,
 0x0000,
 0x0000,
 0x0000,
 0x0000,
 0x0000,
 0x0000,
 0x0000,
 0x0000,
 0x0000,
 0x0000,
 0x0000,
 0x0000,
 0x0000,
 0x0000,
 0x0000,
 0x0000,
 0x0000,
 0x0000,
 0x0000,
 0x0000,
 0x0000,
 0x0000,
 0x0000,
 0x0000,
 0x0000,
 0x0000,
 0x0000,
 0x0000,
 0x0000,
 0x0000,
 0x0000,
 0x0000,
 0x0000,
 0x0000,
 0x0000,
 0x0000,
 0x0000,
 0x0000,
 0x0000,
 0x0000,
 0x0000,
 0x0000,
 0x0000,
 0x0000,
 0x0000,
 0x0000,
 0x0000,
 0x0000,
 0x0000,
 0x0000,
 0x0000,
 0x0000,
 0x0e33,
 0x0000,
 0x0000,
 0x0000,
 0x0000,
 0x0000,
 0x0000,
 0x0000,
 0x0000,
 0x0000,
 0x0000,
 0x0000,
 0x0000,
 0x0000,
 0x0000,
 0x0000,
 0x0000,
 0x0000,
 0x0000,
 0x0000,
 0x0000,
 0x0000,
 0x0000,
 0x0000,
 0x0000,
 0x0000,
 0x0000,
 0x0000,
 0x0000,
 0x0000,
 0x0000,
 0x0000,
 0x0000,
 0x0000,
 0x0000,
 0x0000,
 0x0000,
 0x0000,
 0x0000,
 0x0000,
 0x0000,
 0x0000,
 0x0000,
 0x0000,
 0x0000,
 0x0000,
 0x0000,
 0x0000,
 0x0000,
 0x0000,
 0x0000,
 0x0000,
 0x0000,
 0x0000,
 0x0000,
 0x0000,
 0x0000,
 0x0000,
 0x0000,
 0x0000,
 0x0000,
 0x0000,
 0x0000,
 0x0000,
 0x0000,
 0x0000,
 0x0000,
 0x05b7,
 0x0000,
 0x0000,
 0x0000,
 0x0000,
 0x0000,
 0x0000,
 0x0000,
 0x0000,
 0x0000,
 0x0000,
 0x0000,
 0x0000,
 0x0000,
 0x0000,
 0x0000,
 0x0000,
 0x0000,
 0x0000,
 0x0000,
 0x0000,
 0x0000,
 0x0000,
 0x0000,
 0x0000,
 0x0000,
 0x0000,
 0x0000,
 0x0000,
 0x0000,
 0x0000,
 0x0000,
 0x0000,
 0x0000,
 0x0000,
 0x0000,
 0x0000,
 0x0000,
 0x0000,
 0x0000,
 0x0000,
 0x0000,
 0x0000,
 0x0000,
 0x0000,
 0x0000,
 0x0000,
 0x0000,
 0x0000,
 0x0000,
 0x0000,
 0x0000,
 0x0000,
 0x0000,
 0x0000,
 0x0000,
 0x0000,
 0x0000,
 0x0000,
 0x0000,
 0x0000,
 0x0000,
 0x0000,
 0x0000,
 0x0000,
 0x0000,
 0x0000,
 0x0000,
 0x0000,
 0x0000,
 0x0000,
 0x0000,
 0x0000,
 0x0000,
 0x0000,
 0x0000,
 0x0000,
 0x0000,
 0x0000,
 0x0000,
 0x0000,
 0x810f,
 0x0000,
 0x0000,
 0x0000,
 0x0000,
 0x0000,
 0x0000,
 0x0000,
 0x0000,
 0x0000,
 0x0000,
 0x0000,
 0x0000,
 0x0000,
 0x0000,
 0x0000,
 0x0000,
 0x0000,
 0x0000,
 0x0000,
 0x0000,
 0x0000,
 0x0000,
 0x0000,
 0x0000,
 0x0000,
 0x0000,
 0x0000,
 0x0000,
 0x0000,
 0x0000,
 0x0000,
 0x0000,
 0x0000,
 0x0000,
 0x0000,
 0x0000,
 0x0000,
 0x0000,
 0x0000,
 0x0000,
 0x0000,
 0x0000,
 0x0000,
 0x0000,
 0x0000,
 0x0000,
 0x0000,
 0x0000,
 0x0000,
 0x0000,
 0x0000,
 0x0000,
 0x0000,
 0x0000,
 0x0000,
 0x0000,
 0x0000,
 0x0000,
 0x0000,
 0x0000,
 0x0000,
 0x0000,
 0x0000,
 0x0000,
 0x0000,
 0x0000,
 0x0000,
 0x0000,
 0x0000,
 0x0000,
 0x0000,
 0x0000,
 0x0000,
 0x0000,
 0x0000,
 0x0000,
 0x0000,
 0x0000,
 0x0000,
 0x0000,
 0x0000,
 0x0000,
 0x0000,
 0x0000,
 0x0000,
 0x0000,
 0x0000,
 0x0000,
 0x0000,
 0x0000,
 0x0000,
 0x0000,
 0x0000,
 0x0000,
 0x0000,
 0x0000,
 0x005c,
 0x0000,
 0x0000,
 0x0000,
 0x0000,
 0x0000,
 0x0000,
 0x0000,
 0x0000,
 0x0000,
 0x0000,
 0x0000,
 0x0000,
 0x0000,
 0x0000,
 0x0000,
 0x0000,
 0x0000,
 0x0000,
 0x0000,
 0x0000,
 0x0000,
 0x0000,
 0x0000,
 0x0000,
 0x0000,
 0x0000,
 0x0000,
 0x0000,
 0x0000,
 0x0000,
 0x0000,
 0x0000,
 0x0000,
 0x0000,
 0x0000,
 0x0000,
 0x0000,
 0x0000,
 0x0000,
 0x0000,
 0x06df,
 0x0047,
 0x0000,
 0x0000,
 0x0000,
 0x0000,
 0x0000,
 0x0000,
 0x0000,
 0x0000,
 0x0000,
 0x0000,
 0x0000,
 0x0460,
 0x0000,
 0x0000,
 0x0000,
 0x0000,
 0x0000,
 0x0000,
 0x0000,
 0x0000,
 0x0000,
 0x0000,
 0x0000,
 0x0000,
 0x0000,
 0x0000,
 0x0000,
 0x0000,
 0x0000,
 0x0000,
 0x0000,
 0x0000,
 0x0000,
 0x0000,
 0x0000,
 0x0000,
 0x0000,
 0x0000,
 0x0000,
 0x0000,
 0x0000,
 0x0000,
 0x0000,
 0x0000,
 0x0000,
 0x0000,
 0x0000,
 0x0000,
 0x0000,
 0x0000,
 0x0000,
 0x0000,
 0x0000,
 0x0000,
 0x0000,
 0x0000,
 0x0000,
 0x0000,
 0x0000,
 0x0000,
 0x0000,
 0x0000,
 0x0000,
 0x0000,
 0x0000,
 0x0000,
 0x0000,
 0x0000,
 0x0000,
 0x0000,
 0x0000,
 0x0000,
 0x0000,
 0x0000,
 0x0000,
 0x0000,
 0x0000,
 0x0000,
 0x0000,
 0x0000,
 0x0000,
 0x0000,
 0x0000,
 0x0000,
 0x0000,
 0x0000,
 0x0000,
 0x0000,
 0x0000,
 0x0000,
 0x0000,
 0x0000,
 0x0000,
 0x0000,
 0x0000,
 0x0000,
 0x0000,
 0x0000,
 0x05f7,
 0x0000,
 0x0000,
 0x0000,
 0x0000,
 0x0000,
 0x0000,
 0x0000,
 0x0000,
 0x0000,
 0x0000,
 0x0000,
 0x0000,
 0x0000,
 0x0000,
 0x0000,
 0x0000,
 0x0000,
 0x0000,
 0x0000,
 0x0000,
 0x0000,
 0x0000,
 0x0000,
 0x0000,
 0x0000,
 0x0000,
 0x0000,
 0x0000,
 0x0000,
 0x0000,
 0x0000,
 0x0000,
 0x0a5e,
 0x0000,
 0x0000,
 0x0000,
 0x0000,
 0x0000,
 0x0000,
 0x0000,
 0x0000,
 0x0000,
 0x0000,
 0x0000,
 0x0000,
 0x0000,
 0x0000,
 0x0000,
 0x0000,
 0x0000,
 0x0000,
 0x0000,
 0x0000,
 0x0000,
 0x0000,
 0x0000,
 0x0000,
 0x0000,
 0x0000,
 0x0000,
 0x0000,
 0x0000,
 0x0000,
 0x0000,
 0x0000,
 0x0000,
 0x0213,
 0x0000,
 0x0000,
 0x0000,
 0x0000,
 0x0000,
 0x0000,
 0x0000,
 0x0000,
 0x0000,
 0x0000,
 0x0000,
 0x0000,
 0x0000,
 0x0000,
 0x0000,
 0x0000,
 0x0000,
 0x0000,
 0x0000,
 0x0000,
 0x0000,
 0x0000,
 0x0000,
 0x0000,
 0x0000,
 0x0000,
 0x0000,
 0x0000,
 0x0000,
 0x0000,
 0x0000,
 0x0000,
 0x0000,
 0x0000,
 0x0000,
 0x0000,
 0x0000,
 0x0000,
 0x0000,
 0x0000,
 0x0000,
 0x0000,
 0x0000,
 0x0000,
 0x0000,
 0x0000,
 0x0000,
 0x0000,
 0x0000,
 0x0000,
 0x0000,
 0x0000,
 0x0000,
 0x0000,
 0x0000,
 0x0000,
 0x0000,
 0x0000,
 0x0000,
 0x0000,
 0x0000,
 0x0000,
 0x0000,
 0x0000,
 0x0000,
 0x0000,
 0x0000,
 0x0000,
 0x0000,
 0x0000,
 0x0000,
 0x0000,
 0x0000,
 0x0000,
 0x0000,
 0x0000,
 0x0000,
 0x0000,
 0x0000,
 0x0000,
 0x0000,
 0x0000,
 0x0000,
 0x0000,
 0x0000,
 0x0000,
 0x0000,
 0x0000,
 0x0000,
 0x0000,
 0x0000,
 0x0000,
 0x0000,
 0x0000,
 0x0000,
 0x0000,
 0x0000,
 0x0000,
 0x0000,
 0x0000,
 0x0000,
 0x0000,
 0x0000,
 0x0000,
 0x0000,
 0x0000,
 0x0000,
 0x0000,
 0x0000,
 0x0000,
 0x0000,
 0x0000,
 0x0000,
 0x0000,
 0x0000,
 0x0000,
 0x0000,
 0x0000,
 0x0000,
 0x0000,
 0x0000,
 0x0000,
 0x0000,
 0x0000,
 0x0000,
 0x0000,
 0x0000,
 0x0000,
 0x0000,
 0x0000,
 0x0000,
 0x0000,
 0x0000,
 0x0000,
 0x0000,
 0x0000,
 0x0000,
 0x0000,
 0x0000,
 0x0000,
 0x0000,
 0x0000,
 0x0000,
 0x0000,
 0x0000,
 0x0000,
 0x0000,
 0x0000,
 0x0000,
 0x0000,
 0x0000,
 0x0000,
 0x0000,
 0x0000,
 0x0000,
 0x0000,
 0x0000,
 0x0000,
 0x0000,
 0x0000,
 0x0000,
 0x0000,
 0x0000,
 0x0000,
 0x0000,
 0x0000,
 0x0000,
 0x0000,
 0x0000,
 0x0000,
 0x0000,
 0x0000,
 0x0000,
 0x0000,
 0x0000,
 0x0000,
 0x0000,
 0x0000,
 0x0000,
 0x0000,
 0x0000,
 0x0000,
 0x0000,
 0x0000,
 0x0000,
 0x0000,
 0x0000,
 0x0000,
 0x0000,
 0x0000,
 0x0000,
 0x0000,
 0x0000,
 0x0000,
 0x0000,
 0x0000,
 0x0000,
 0x0000,
 0x0000,
 0x0000,
 0x0000,
 0x0000,
 0x0000,
 0x0000,
 0x0000,
 0x0000,
 0x0000,
 0x0000,
 0x0000,
 0x0000,
 0x0000,
 0x0000,
 0x0000,
 0x0000,
 0x0000,
 0x0000,
 0x0000,
 0x0000,
 0x0000,
 0x0000,
 0x0000,
 0x0000,
 0x0000,
 0x0000,
 0x0000,
 0x0da6,
 0x0000,
 0x0000,
 0x0000,
 0x0000,
 0x0000,
 0x0000,
 0x0000,
 0x0000,
 0x0000,
 0x0000,
 0x0000,
 0x0000,
 0x0000,
 0x0000,
 0x0000,
 0x0000,
 0x0000,
 0x0000,
 0x0000,
 0x0000,
 0x0000,
 0x0000,
 0x0000,
 0x0000,
 0x0000,
 0x0000,
 0x0000,
 0x0000,
 0x0000,
 0x0000,
 0x0000,
 0x0000,
 0x0000,
 0x0000,
 0x0000,
 0x0000,
 0x0000,
 0x0000,
 0x0000,
 0x035c,
 0x0000,
 0x0000,
 0x0000,
 0x0000,
 0x0000,
 0x0000,
 0x0000,
 0x0000,
 0x0000,
 0x0000,
 0x0000,
 0x0000,
 0x0000,
 0x0000,
 0x0000,
 0x0000,
 0x0000,
 0x0000,
 0x0000,
 0x0000,
 0x0000,
 0x0000,
 0x0000,
 0x0000,
 0x0000,
 0x0000,
 0x0000,
 0x0000,
 0x0000,
 0x0000,
 0x0000,
 0x0000,
 0x0000,
 0x0000,
 0x0000,
 0x0000,
 0x0000,
 0x0000,
 0x0000,
 0x0000,
 0x8058,
 0x0000,
 0x0000,
 0x0000,
 0x0000,
 0x0000,
 0x0000,
 0x0000,
 0x0000,
 0x0000,
 0x0000,
 0x0000,
 0x0000,
 0x0000,
 0x0000,
 0x0000,
 0x0000,
 0x0000,
 0x0000,
 0x0000,
 0x10c6,
 0x0000,
 0x0000,
 0x0000,
 0x0000,
 0x0000,
 0x0000,
 0x0000,
 0x0000,
 0x0000,
 0x0000,
 0x0000,
 0x0000,
 0x0000,
 0x0000,
 0x0000,
 0x0000,
 0x0000,
 0x0000,
 0x0000,
 0x0000,
 0x0000,
 0x0000,
 0x0000,
 0x0000,
 0x0000,
 0x0000,
 0x0000,
 0x0000,
 0x0000,
 0x0000,
 0x0000,
 0x0000,
 0x0000,
 0x0000,
 0x0000,
 0x0000,
 0x0000,
 0x0000,
 0x0000,
 0x0000,
 0x0000,
 0x0000,
 0x0000,
 0x0000,
 0x0000,
 0x0000,
 0x0000,
 0x0000,
 0x0000,
 0x0000,
 0x0000,
 0x815e,
 0x0000,
 0x0000,
 0x0000,
 0x0000,
 0x0000,
 0x8103,
 0x0000,
 0x0000,
 0x0000,
 0x0000,
 0x0000,
 0x0000,
 0x0000,
 0x0000,
 0x0000,
 0x0000,
 0x0000,
 0x0000,
 0x0000,
 0x0000,
 0x0000,
 0x0000,
 0x0000,
 0x0000,
 0x0000,
 0x0000,
 0x80e7,
 0x0000,
 0x0000,
 0x0000,
 0x0000,
 0x0000,
 0x0000,
 0x0000,
 0x0000,
 0x0000,
 0x0000,
 0x0000,
 0x0000,
 0x0000,
 0x0000,
 0x0a4d,
 0x0000,
 0x0000,
 0x0000,
 0x0000,
 0x0000,
 0x0000,
 0x0000,
 0x0000,
 0x0000,
 0x0000,
 0x0000,
 0x0000,
 0x0000,
 0x0000,
 0x0000,
 0x0000,
 0x0000,
 0x0000,
 0x0000,
 0x0000,
 0x0000,
 0x0000,
 0x0000,
 0x0000,
 0x0000,
 0x0000,
 0x0000,
 0x0000,
 0x0000,
 0x0000,
 0x0000,
 0x0000,
 0x0000,
 0x0000,
 0x0000,
 0x0000,
 0x0000,
 0x0000,
 0x0000,
 0x0000,
 0x0000,
 0x0000,
 0x0000,
 0x0000,
 0x0000,
 0x0000,
 0x0000,
 0x0000,
 0x0000,
 0x0000,
 0x0000,
 0x0000,
 0x0000,
 0x0000,
 0x0000,
 0x0000,
 0x0000,
 0x0000,
 0x0000,
 0x0000,
 0x0000,
 0x0000,
 0x0000,
 0x0000,
 0x0000,
 0x0000,
 0x0000,
 0x0000,
 0x0000,
 0x0000,
 0x0000,
 0x0000,
 0x0000,
 0x0000,
 0x0000,
 0x0000,
 0x0000,
 0x0000,
 0x0000,
 0x0000,
 0x8155,
 0x0000,
 0x0000,
 0x0000,
 0x80f8,
 0x0000,
 0x0000,
 0x0000,
 0x0000,
 0x0000,
 0x0000,
 0x0000,
 0x0f69,
 0x0000,
 0x0000,
 0x0000,
 0x0000,
 0x0000,
 0x0000,
 0x0000,
 0x042d,
 0x0000,
 0x0000,
 0x0000,
 0x0000,
 0x108d,
 0x0000,
 0x0000,
 0x0000,
 0x0000,
 0x0000,
 0x0000,
 0x0000,
 0x0000,
 0x0000,
 0x0000,
 0x0000,
 0x0000,
 0x0000,
 0x0000,
 0x0000,
 0x0000,
 0x0000,
 0x0000,
 0x0000,
 0x0000,
 0x0000,
 0x0000,
 0x0000,
 0x0000,
 0x0000,
 0x0000,
 0x0000,
 0x0000,
 0x0000,
 0x0000,
 0x0000,
 0x0000,
 0x0000,
 0x0000,
 0x0000,
 0x0000,
 0x0000,
 0x0000,
 0x0000,
 0x0000,
 0x0000,
 0x0000,
 0x0000,
 0x0000,
 0x0000,
 0x0000,
 0x0000,
 0x0000,
 0x0000,
 0x0000,
 0x0000,
 0x0000,
 0x0000,
 0x0000,
 0x0000,
 0x0000,
 0x0000,
 0x0000,
 0x0000,
 0x0000,
 0x0000,
 0x0000,
 0x0000,
 0x0000,
 0x0000,
 0x0000,
 0x0000,
 0x0000,
 0x0000,
 0x0000,
 0x8144,
 0x0000,
 0x0000,
 0x0000,
 0x0000,
 0x0000,
 0x0000,
 0x0000,
 0x0000,
 0x0000,
 0x0000,
 0x8166,
 0x0000,
 0x0000,
 0x0000,
 0x0000,
 0x0000,
 0x0000,
 0x0000,
 0x0000,
 0x0000,
 0x0000,
 0x800c,
 0x0000,
 0x0000,
 0x0000,
 0x0000,
 0x0000,
 0x0000,
 0x0000,
 0x0000,
 0x0000,
 0x0000,
 0x0000,
 0x0000,
 0x0000,
 0x0000,
 0x0000,
 0x0000,
 0x0000,
 0x0000,
 0x0000,
 0x0000,
 0x0000,
 0x0000,
 0x0000,
 0x0000,
 0x0000,
 0x0000,
 0x0000,
 0x0000,
 0x0000,
 0x0000,
 0x0000,
 0x0000,
 0x0000,
 0x0000,
 0x0000,
 0x0000,
 0x01f0,
 0x807f,
 0x0000,
 0x0000,
 0x0000,
 0x0000,
 0x0000,
 0x80df,
 0x0000,
 0x0000,
 0x0000,
 0x0000,
 0x0000,
 0x0000,
 0x0000,
 0x0000,
 0x0000,
 0x811d,
 0x0000,
 0x0000,
 0x0000,
 0x0000,
 0x0000,
 0x0000,
 0x0000,
 0x0000,
 0x0000,
 0x0000,
 0x0000,
 0x0000,
 0x0000,
 0x0000,
 0x0000,
 0x0000,
 0x0000,
 0x0000,
 0x0000,
 0x0000,
 0x0000,
 0x0000,
 0x0000,
 0x0000,
 0x0000,
 0x0000,
 0x0000,
 0x0000,
 0x0000,
 0x074e,
 0x0000,
 0x0000,
 0x0000,
 0x0000,
 0x0000,
 0x0000,
 0x0000,
 0x0000,
 0x0000,
 0x0000,
 0x0000,
 0x0000,
 0x0000,
 0x0000,
 0x0000,
 0x0000,
 0x0000,
 0x0000,
 0x0000,
 0x0000,
 0x8107,
 0x0000,
 0x0000,
 0x0000,
 0x0000,
 0x0000,
 0x0000,
 0x0000,
 0x0000,
 0x0000,
 0x0000,
 0x0000,
 0x0000,
 0x0000,
 0x0000,
 0x0000,
 0x0000,
 0x0000,
 0x0000,
 0x0000,
 0x0000,
 0x0000,
 0x0000,
 0x0000,
 0x0000,
 0x0000,
 0x0000,
 0x0000,
 0x0000,
 0x0000,
 0x0000,
 0x0000,
 0x0000,
 0x0000,
 0x0000,
 0x0000,
 0x8079,
 0x0000,
 0x0000,
 0x0000,
 0x0000,
 0x0000,
 0x0000,
 0x0000,
 0x0000,
 0x0000,
 0x0000,
 0x0000,
 0x0000,
 0x0000,
 0x0000,
 0x0000,
 0x0000,
 0x0000,
 0x0000,
 0x0000,
 0x0000,
 0x0000,
 0x0000,
 0x0000,
 0x0000,
 0x0000,
 0x0000,
 0x0000,
 0x0000,
 0x0000,
 0x0000,
 0x0000,
 0x0000,
 0x0000,
 0x0000,
 0x0000,
 0x0000,
 0x0000,
 0x0000,
 0x0000,
 0x0000,
 0x0000,
 0x0000,
 0x0000,
 0x0000,
 0x0000,
 0x0000,
 0x0000,
 0x0000,
 0x0000,
 0x0000,
 0x0000,
 0x0000,
 0x0000,
 0x0000,
 0x0000,
 0x0000,
 0x0000,
 0x0000,
 0x0000,
 0x0000,
 0x0000,
 0x8132,
 0x0000,
 0x0000,
 0x0000,
 0x0000,
 0x0000,
 0x0000,
 0x0000,
 0x0000,
 0x0000,
 0x0000,
 0x0000,
 0x0000,
 0x0000,
 0x0000,
 0x0000,
 0x0000,
 0x0000,
 0x0000,
 0x0000,
 0x0000,
 0x0000,
 0x0dba,
 0x0000,
 0x0000,
 0x0000,
 0x0000,
 0x0000,
 0x0000,
 0x0000,
 0x0000,
 0x0000,
 0x0000,
 0x0000,
 0x0000,
 0x0000,
 0x0000,
 0x0000,
 0x0000,
 0x0000,
 0x0000,
 0x0000,
 0x0000,
 0x0000,
 0x0000,
 0x0000,
 0x0000,
 0x0000,
 0x0000,
 0x0000,
 0x0000,
 0x0000,
 0x0000,
 0x0000,
 0x0000,
 0x0000,
 0x0000,
 0x0000,
 0x0000,
 0x0000,
 0x0000,
 0x0000,
 0x0000,
 0x0000,
 0x0000,
 0x0000,
 0x0000,
 0x0000,
 0x0000,
 0x0000,
 0x0000,
 0x0000,
 0x0000,
 0x0000,
 0x0000,
 0x0000,
 0x810d,
 0x0000,
 0x0000,
 0x0000,
 0x0000,
 0x0000,
 0x0000,
 0x0000,
 0x0000,
 0x0000,
 0x0000,
 0x0000,
 0x0000,
 0x0000,
 0x0000,
 0x0000,
 0x0000,
 0x0000,
 0x0000,
 0x0000,
 0x0000,
 0x0000,
 0x0000,
 0x0000,
 0x0000,
 0x0000,
 0x0000,
 0x0000,
 0x0000,
 0x0000,
 0x0000,
 0x0000,
 0x0000,
 0x0000,
 0x0000,
 0x0000,
 0x0000,
 0x0000,
 0x0000,
 0x0000,
 0x0000,
 0x0000,
 0x0000,
 0x0000,
 0x0000,
 0x0000,
 0x0000,
 0x06bf,
 0x0000,
 0x0000,
 0x0000,
 0x0000,
 0x0000,
 0x0000,
 0x0000,
 0x0000,
 0x0000,
 0x0000,
 0x0000,
 0x0000,
 0x0000,
 0x0000,
 0x0000,
 0x0000,
 0x0000,
 0x0000,
 0x0000,
 0x0000,
 0x0000,
 0x0000,
 0x0000,
 0x0000,
 0x0000,
 0x0000,
 0x0000,
 0x0000,
 0x0000,
 0x0000,
 0x0000,
 0x0000,
 0x0000,
 0x0000,
 0x0000,
 0x0000,
 0x0000,
 0x0000,
 0x0000,
 0x0000,
 0x0000,
 0x0000,
 0x0000,
 0x0000,
 0x0000,
 0x0000,
 0x0000,
 0x0000,
 0x0000,
 0x0000,
 0x0000,
 0x0000,
 0x0000,
 0x0000,
 0x8025,
 0x0000,
 0x0000,
 0x0000,
 0x0000,
 0x0000,
 0x0000,
 0x0000,
 0x0000,
 0x0000,
 0x0000,
 0x0000,
 0x0000,
 0x0000,
 0x0000,
 0x0000,
 0x0000,
 0x0000,
 0x0000,
 0x0000,
 0x80b6,
 0x0e46,
 0x0000,
 0x0000,
 0x0000,
 0x0000,
 0x0000,
 0x0000,
 0x0000,
 0x0000,
 0x0000,
 0x0000,
 0x0000,
 0x0000,
 0x0000,
 0x0000,
 0x0000,
 0x0000,
 0x0000,
 0x0000,
 0x0000,
 0x0000,
 0x0000,
 0x0000,
 0x0000,
 0x0000,
 0x0000,
 0x0000,
 0x0000,
 0x0000,
 0x0000,
 0x0000,
 0x0000,
 0x0000,
 0x0000,
 0x0000,
 0x0000,
 0x0000,
 0x0000,
 0x0000,
 0x0000,
 0x0000,
 0x0000,
 0x0000,
 0x0000,
 0x0000,
 0x0000,
 0x0000,
 0x0000,
 0x0000,
 0x0000,
 0x0000,
 0x0000,
 0x0000,
 0x0000,
 0x0000,
 0x0000,
 0x0000,
 0x0000,
 0x0000,
 0x0000,
 0x0000,
 0x0000,
 0x0000,
 0x0000,
 0x0000,
 0x0000,
 0x0000,
 0x0000,
 0x0000,
 0x0000,
 0x0000,
 0x0000,
 0x0000,
 0x0000,
 0x0000,
 0x0000,
 0x0000,
 0x0000,
 0x0000,
 0x0000,
 0x0000,
 0x0000,
 0x0000,
 0x0000,
 0x0000,
 0x0000,
 0x0000,
 0x0000,
 0x0000,
 0x0000,
 0x0000,
 0x0000,
 0x0000,
 0x0000,
 0x0000,
 0x0000,
 0x0000,
 0x0000,
 0x0000,
 0x0000,
 0x0000,
 0x0000,
 0x0000,
 0x0000,
 0x0000,
 0x0000,
 0x0000,
 0x0000,
 0x0000,
 0x0000,
 0x0000,
 0x0000,
 0x0000,
 0x0000,
 0x0000,
 0x0000,
 0x0000,
 0x0000,
 0x0000,
 0x0000,
 0x0000,
 0x0000,
 0x0000,
 0x0000,
 0x0000,
 0x80be,
 0x0000,
 0x0000,
 0x0000,
 0x0000,
 0x0000,
 0x0000,
 0x0000,
 0x0000,
 0x0000,
 0x0000,
 0x0000,
 0x0000,
 0x0000,
 0x0000,
 0x0000,
 0x0000,
 0x0000,
 0x0000,
 0x0000,
 0x0000,
 0x0000,
 0x0000,
 0x0000,
 0x0000,
 0x0000,
 0x0000,
 0x0000,
 0x0000,
 0x0000,
 0x0d62,
 0x0000,
 0x0000,
 0x0000,
 0x0000,
 0x0000,
 0x0000,
 0x0000,
 0x0000,
 0x0000,
 0x0000,
 0x0000,
 0x0000,
 0x0000,
 0x0000,
 0x0000,
 0x0000,
 0x0000,
 0x0000,
 0x0000,
 0x0000,
 0x0000,
 0x0000,
 0x0000,
 0x0000,
 0x0000,
 0x0000,
 0x0000,
 0x0000,
 0x0000,
 0x0000,
 0x0000,
 0x0000,
 0x0000,
 0x10c8,
 0x0000,
 0x0000,
 0x0000,
 0x0000,
 0x0000,
 0x0000,
 0x0000,
 0x0000,
 0x0000,
 0x0000,
 0x0000,
 0x0000,
 0x0000,
 0x0000,
 0x0000,
 0x0000,
 0x0000,
 0x0000,
 0x0000,
 0x80a3,
 0x0000,
 0x075f,
 0x0000,
 0x0000,
 0x0000,
 0x0000,
 0x0000,
 0x0000,
 0x0000,
 0x0000,
 0x0000,
 0x0a1e,
 0x0000,
 0x0000,
 0x0000,
 0x0000,
 0x0000,
 0x0000,
 0x0000,
 0x0000,
 0x0000,
 0x0000,
 0x0000,
 0x0000,
 0x0000,
 0x0000,
 0x0000,
 0x0000,
 0x0000,
 0x0000,
 0x0000,
 0x0000,
 0x0000,
 0x0000,
 0x0000,
 0x0000,
 0x0000,
 0x0000,
 0x0000,
 0x0000,
 0x0000,
 0x0000,
 0x0000,
 0x0000,
 0x0000,
 0x0000,
 0x0000,
 0x0000,
 0x0000,
 0x0000,
 0x0000,
 0x0000,
 0x0000,
 0x0000,
 0x0000,
 0x0000,
 0x0000,
 0x0000,
 0x0000,
 0x0000,
 0x0000,
 0x0000,
 0x0000,
 0x0000,
 0x0000,
 0x0000,
 0x0000,
 0x0000,
 0x0000,
 0x0000,
 0x0000,
 0x0000,
 0x0000,
 0x0000,
 0x0000,
 0x0000,
 0x0000,
 0x0000,
 0x8016,
 0x06e8,
 0x0000,
 0x0000,
 0x8074,
 0x0000,
 0x0000,
 0x0000,
 0x0000,
 0x0000,
 0x0000,
 0x0000,
 0x0000,
 0x0000,
 0x0000,
 0x0000,
 0x0000,
 0x0000,
 0x0000,
 0x0000,
 0x0000,
 0x0000,
 0x0000,
 0x0000,
 0x0000,
 0x0000,
 0x0000,
 0x0000,
 0x0000,
 0x0000,
 0x0000,
 0x0000,
 0x0000,
 0x0000,
 0x0000,
 0x0000,
 0x0000,
 0x0000,
 0x0000,
 0x0000,
 0x0000,
 0x0000,
 0x0000,
 0x0000,
 0x0000,
 0x0000,
 0x0000,
 0x0000,
 0x0000,
 0x0000,
 0x0000,
 0x0000,
 0x0000,
 0x0000,
 0x0000,
 0x0000,
 0x0000,
 0x0000,
 0x0000,
 0x0000,
 0x0000,
 0x0000,
 0x0000,
 0x0000,
 0x0000,
 0x0000,
 0x0000,
 0x0000,
 0x0000,
 0x0000,
 0x0000,
 0x0000,
 0x0000,
 0x0000,
 0x0000,
 0x0000,
 0x0000,
 0x0000,
 0x0000,
 0x0000,
 0x0000,
 0x0000,
 0x0000,
 0x0000,
 0x0000,
 0x0000,
 0x0000,
 0x0000,
 0x0000,
 0x0000,
 0x0000,
 0x0000,
 0x0000,
 0x0000,
 0x0000,
 0x0000,
 0x0000,
 0x0000,
 0x0000,
 0x0000,
 0x0000,
 0x0000,
 0x0000,
 0x0000,
 0x0000,
 0x0000,
 0x0000,
 0x0000,
 0x0000,
 0x0000,
 0x0000,
 0x0000,
 0x0000,
 0x0000,
 0x808d,
 0x0000,
 0x0000,
 0x0000,
 0x0000,
 0x0000,
 0x0000,
 0x0000,
 0x0000,
 0x0000,
 0x0000,
 0x0a49,
 0x0000,
 0x0000,
 0x0000,
 0x0000,
 0x0000,
 0x0000,
 0x0000,
 0x0000,
 0x0d7c,
 0x0000,
 0x0000,
 0x0000,
 0x0000,
 0x0000,
 0x0000,
 0x0000,
 0x0000,
 0x0000,
 0x0000,
 0x0000,
 0x0000,
 0x0000,
 0x0000,
 0x0000,
 0x0000,
 0x0000,
 0x0000,
 0x0000,
 0x0000,
 0x0000,
 0x0000,
 0x0000,
 0x0000,
 0x0000,
 0x0000,
 0x0000,
 0x0000,
 0x0000,
 0x0000,
 0x0000,
 0x0000,
 0x0000,
 0x0000,
 0x0000,
 0x0000,
 0x0000,
 0x0000,
 0x0322,
 0x0000,
 0x0326,
 0x0000,
 0x0000,
 0x0000,
 0x0000,
 0x0000,
 0x0000,
 0x0000,
 0x0000,
 0x0000,
 0x0000,
 0x0000,
 0x0000,
 0x0000,
 0x0000,
 0x0000,
 0x0000,
 0x0000,
 0x0000,
 0x0000,
 0x0000,
 0x0000,
 0x0000,
 0x0000,
 0x0000,
 0x0000,
 0x0000,
 0x0000,
 0x0000,
 0x0000,
 0x0000,
 0x0000,
 0x0000,
 0x0000,
 0x0000,
 0x0000,
 0x0000,
 0x0000,
 0x0000,
 0x0000,
 0x0000,
 0x0000,
 0x0000,
 0x0000,
 0x0000,
 0x0000,
 0x0000,
 0x0000,
 0x0000,
 0x0000,
 0x0000,
 0x0000,
 0x0000,
 0x0000,
 0x0000,
 0x0000,
 0x0000,
 0x0000,
 0x0000,
 0x0000,
 0x0000,
 0x0000,
 0x0000,
 0x0000,
 0x0000,
 0x0000,
 0x0000,
 0x0000,
 0x0000,
 0x0000,
 0x06f0,
 0x0000,
 0x0000,
 0x0000,
 0x0000,
 0x0000,
 0x0000,
 0x0000,
 0x0000,
 0x0000,
 0x0000,
 0x0000,
 0x0000,
 0x0000,
 0x0000,
 0x0000,
 0x0000,
 0x0000,
 0x0000,
 0x0000,
 0x0000,
 0x0000,
 0x0000,
 0x0000,
 0x0000,
 0x0000,
 0x0000,
 0x0000,
 0x0000,
 0x0000,
 0x0000,
 0x0000,
 0x0000,
 0x0000,
 0x0000,
 0x0000,
 0x0000,
 0x0000,
 0x0000,
 0x0000,
 0x0000,
 0x0000,
 0x0000,
 0x0000,
 0x0000,
 0x0000,
 0x0000,
 0x0000,
 0x0000,
 0x0000,
 0x0000,
 0x0000,
 0x0000,
 0x0000,
 0x0000,
 0x0000,
 0x0000,
 0x0000,
 0x0000,
 0x0000,
 0x0000,
 0x0000,
 0x0000,
 0x0000,
 0x0000,
 0x0000,
 0x0000,
 0x0000,
 0x0000,
 0x0000,
 0x0000,
 0x0000,
 0x0000,
 0x0000,
 0x0000,
 0x0000,
 0x0000,
 0x0000,
 0x0000,
 0x0000,
 0x0000,
 0x0000,
 0x0000,
 0x0000,
 0x0000,
 0x0000,
 0x0000,
 0x0000,
 0x0000,
 0x0000,
 0x0000,
 0x0000,
 0x0000,
 0x0000,
 0x0000,
 0x0000,
 0x0000,
 0x0000,
 0x0000,
 0x0000,
 0x0000,
 0x0000,
 0x0000,
 0x0000,
 0x0000,
 0x0000,
 0x0000,
 0x0000,
 0x0000,
 0x0000,
 0x0000,
 0x0000,
 0x0000,
 0x0000,
 0x0000,
 0x0000,
 0x0000,
 0x0000,
 0x0000,
 0x0000,
 0x0000,
 0x0000,
 0x0000,
 0x0000,
 0x0000,
 0x0000,
 0x0000,
 0x0000,
 0x0000,
 0x0000,
 0x0000,
 0x0000,
 0x0000,
 0x0000,
 0x0000,
 0x0000,
 0x0000,
 0x0000,
 0x0000,
 0x0000,
 0x0000,
 0x0000,
 0x0000,
 0x0000,
 0x0000,
 0x0000,
 0x0000,
 0x0000,
 0x0000,
 0x0000,
 0x0000,
 0x0000,
 0x0000,
 0x0000,
 0x0000,
 0x0000,
 0x0000,
 0x0000,
 0x0000,
 0x0000,
 0x80c7,
 0x0000,
 0x0000,
 0x0000,
 0x0000,
 0x0000,
 0x0000,
 0x0000,
 0x0000,
 0x0000,
 0x0000,
 0x0000,
 0x0000,
 0x0000,
 0x0000,
 0x0000,
 0x0000,
 0x0000,
 0x0000,
 0x0000,
 0x0000,
 0x0000,
 0x0000,
 0x0000,
 0x0000,
 0x0000,
 0x0000,
 0x0000,
 0x0000,
 0x0000,
 0x0000,
 0x0000,
 0x0000,
 0x0000,
 0x0000,
 0x0000,
 0x0000,
 0x0000,
 0x0000,
 0x0000,
 0x0000,
 0x0000,
 0x0000,
 0x0000,
 0x0000,
 0x0000,
 0x0000,
 0x0000,
 0x0000,
 0x0000,
 0x0000,
 0x0000,
 0x0000,
 0x0000,
 0x0000,
 0x0000,
 0x0000,
 0x0000,
 0x0000,
 0x0000,
 0x0000,
 0x0000,
 0x0000,
 0x0000,
 0x0000,
 0x0000,
 0x0000,
 0x0000,
 0x0000,
 0x0000,
 0x0000,
 0x0000,
 0x0000,
 0x0000,
 0x0000,
 0x0000,
 0x0000,
 0x0000,
 0x0000,
 0x0000,
 0x0000,
 0x0000,
 0x0000,
 0x0000,
 0x0000,
 0x0000,
 0x0000,
 0x0000,
 0x0000,
 0x0000,
 0x0000,
 0x0000,
 0x0000,
 0x0000,
 0x0000,
 0x0000,
 0x0000,
 0x0000,
 0x0000,
 0x0000,
 0x0000,
 0x0000,
 0x0000,
 0x0000,
 0x0000,
 0x0000,
 0x0000,
 0x0000,
 0x0000,
 0x0000,
 0x0000,
 0x0000,
 0x0000,
 0x0000,
 0x0000,
 0x0000,
 0x0000,
 0x0000,
 0x0000,
 0x0000,
 0x0000,
 0x0000,
 0x0000,
 0x0000,
 0x0000,
 0x0000,
 0x0000,
 0x0000,
 0x0000,
 0x0000,
 0x0000,
 0x8004,
 0x0d7e,
 0x0000,
 0x0000,
 0x0000,
 0x0000,
 0x0000,
 0x0000,
 0x0000,
 0x0000,
 0x0000,
 0x0000,
 0x0000,
 0x0000,
 0x0000,
 0x0000,
 0x0000,
 0x0000,
 0x0000,
 0x0000,
 0x0000,
 0x0000,
 0x0000,
 0x020d,
 0x0000,
 0x0000,
 0x0000,
 0x0000,
 0x0000,
 0x0000,
 0x0000,
 0x0000,
 0x0000,
 0x0000,
 0x0000,
 0x0000,
 0x0000,
 0x0000,
 0x0000,
 0x0000,
 0x0000,
 0x0000,
 0x0000,
 0x0000,
 0x0000,
 0x0000,
 0x0000,
 0x0000,
 0x0000,
 0x0000,
 0x0000,
 0x0000,
 0x0000,
 0x0000,
 0x0000,
 0x0000,
 0x0000,
 0x0000,
 0x0000,
 0x0000,
 0x0000,
 0x0000,
 0x0000,
 0x0000,
 0x0000,
 0x0000,
 0x0000,
 0x0000,
 0x0000,
 0x0000,
 0x0000,
 0x0000,
 0x0000,
 0x0000,
 0x0000,
 0x0000,
 0x0000,
 0x0000,
 0x0000,
 0x0000,
 0x0000,
 0x0000,
 0x0000,
 0x0000,
 0x0000,
 0x0000,
 0x0000,
 0x0000,
 0x0000,
 0x0000,
 0x0000,
 0x0000,
 0x0000,
 0x0000,
 0x0000,
 0x0000,
 0x0000,
 0x0000,
 0x0000,
 0x0000,
 0x0000,
 0x0000,
 0x0000,
 0x0000,
 0x0000,
 0x0000,
 0x0000,
 0x0000,
 0x0000,
 0x0000,
 0x075d,
 0x0000,
 0x0000,
 0x0000,
 0x0000,
 0x0000,
 0x0000,
 0x0000,
 0x0000,
 0x0000,
 0x0000,
 0x0000,
 0x0000,
 0x0000,
 0x0000,
 0x0000,
 0x0000,
 0x0000,
 0x0000,
 0x0000,
 0x0000,
 0x0000,
 0x0000,
 0x0000,
 0x0000,
 0x0000,
 0x0000,
 0x0000,
 0x0000,
 0x0000,
 0x0000,
 0x0000,
 0x0000,
 0x0000,
 0x0000,
 0x0000,
 0x0000,
 0x0000,
 0x0000,
 0x0000,
 0x0000,
 0x0000,
 0x0000,
 0x0000,
 0x0000,
 0x0000,
 0x0000,
 0x0000,
 0x0000,
 0x0000,
 0x0000,
 0x0000,
 0x0000,
 0x0000,
 0x0000,
 0x0000,
 0x0000,
 0x0000,
 0x0000,
 0x0000,
 0x0000,
 0x0000,
 0x0000,
 0x0000,
 0x0000,
 0x0000,
 0x0000,
 0x0000,
 0x0473,
 0x806b,
 0x0000,
 0x0000,
 0x0000,
 0x0000,
 0x0000,
 0x0000,
 0x0000,
 0x0000,
 0x0000,
 0x0000,
 0x0000,
 0x0000,
 0x0000,
 0x0000,
 0x0000,
 0x0000,
 0x0000,
 0x0000,
 0x0000,
 0x0000,
 0x0000,
 0x01fa,
 0x0000,
 0x0000,
 0x0000,
 0x0000,
 0x0000,
 0x0000,
 0x0000,
 0x0000,
 0x0000,
 0x0000,
 0x0000,
 0x0000,
 0x0000,
 0x0000,
 0x0000,
 0x0000,
 0x0000,
 0x0000,
 0x0000,
 0x0000,
 0x0000,
 0x0000,
 0x0000,
 0x0000,
 0x0000,
 0x0000,
 0x0000,
 0x0000,
 0x0000,
 0x0000,
 0x0000,
 0x0000,
 0x0000,
 0x0000,
 0x0000,
 0x0000,
 0x0000,
 0x0000,
 0x0000,
 0x0000,
 0x0000,
 0x0000,
 0x0000,
 0x0000,
 0x0000,
 0x0000,
 0x0000,
 0x0000,
 0x0000,
 0x0000,
 0x0000,
 0x0000,
 0x0000,
 0x0000,
 0x0000,
 0x0000,
 0x0000,
 0x0000,
 0x0000,
 0x0000,
 0x0000,
 0x0000,
 0x0000,
 0x0000,
 0x0000,
 0x0000,
 0x0000,
 0x0000,
 0x0000,
 0x0000,
 0x0000,
 0x0000,
 0x0000,
 0x0000,
 0x0000,
 0x0000,
 0x8142,
 0x0000,
 0x0000,
 0x0000,
 0x0000,
 0x0000,
 0x0000,
 0x0000,
 0x0000,
 0x0000,
 0x0000,
 0x0000,
 0x0000,
 0x0000,
 0x0000,
 0x0000,
 0x0000,
 0x0000,
 0x0000,
 0x0000,
 0x0000,
 0x0000,
 0x0000,
 0x0000,
 0x0000,
 0x0000,
 0x0000,
 0x0000,
 0x0000,
 0x0000,
 0x0000,
 0x0000,
 0x0000,
 0x0000,
 0x0000,
 0x0000,
 0x0000,
 0x0000,
 0x0000,
 0x0000,
 0x0000,
 0x0000,
 0x0000,
 0x0000,
 0x0000,
 0x0000,
 0x0000,
 0x0000,
 0x0000,
 0x0000,
 0x0000,
 0x0000,
 0x0000,
 0x0000,
 0x0000,
 0x0000,
 0x0000,
 0x0000,
 0x0000,
 0x0000,
 0x0000,
 0x0000,
 0x0000,
 0x0000,
 0x0000,
 0x0000,
 0x0000,
 0x0000,
 0x0000,
 0x8113,
 0x0000,
 0x0000,
 0x0000,
 0x0000,
 0x0000,
 0x0000,
 0x0000,
 0x0000,
 0x0000,
 0x0000,
 0x0000,
 0x0000,
 0x0000,
 0x0000,
 0x0000,
 0x0000,
 0x0000,
 0x0000,
 0x0000,
 0x0000,
 0x0000,
 0x0000,
 0x0000,
 0x0000,
 0x0000,
 0x0000,
 0x0000,
 0x0000,
 0x0000,
 0x0000,
 0x0000,
 0x0000,
 0x0000,
 0x0000,
 0x0000,
 0x0000,
 0x0000,
 0x0000,
 0x0000,
 0x0000,
 0x0000,
 0x0000,
 0x0000,
 0x0000,
 0x0000,
 0x0000,
 0x0000,
 0x0000,
 0x0000,
 0x0000,
 0x0000,
 0x0000,
 0x0000,
 0x0000,
 0x0000,
 0x8081,
 0x0000,
 0x0000,
 0x0000,
 0x0000,
 0x0000,
 0x0000,
 0x0000,
 0x0000,
 0x0000,
 0x0329,
 0x0000,
 0x0000,
 0x0000,
 0x0000,
 0x0000,
 0x0000,
 0x0000,
 0x0000,
 0x0000,
 0x0000,
 0x0000,
 0x0000,
 0x0000,
 0x0000,
 0x0000,
 0x0000,
 0x0000,
 0x0000,
 0x0000,
 0x0000,
 0x0000,
 0x0000,
 0x0000,
 0x0000,
 0x0000,
 0x0000,
 0x0000,
 0x0000,
 0x0000,
 0x0000,
 0x0000,
 0x0000,
 0x0000,
 0x0000,
 0x0000,
 0x0000,
 0x0000,
 0x0000,
 0x0000,
 0x0000,
 0x0000,
 0x0000,
 0x0000,
 0x0000,
 0x0000,
 0x0000,
 0x0000,
 0x0000,
 0x0000,
 0x0000,
 0x0000,
 0x0000,
 0x0000,
 0x0000,
 0x0000,
 0x0000,
 0x0000,
 0x0000,
 0x0000,
 0x0000,
 0x0000,
 0x0000,
 0x0000,
 0x0000,
 0x0000,
 0x0000,
 0x0000,
 0x0000,
 0x0000,
 0x0000,
 0x0000,
 0x0000,
 0x0000,
 0x0000,
 0x0000,
 0x0000,
 0x0000,
 0x0000,
 0x0000,
 0x0000,
 0x0000,
 0x0000,
 0x0000,
 0x0000,
 0x0000,
 0x8026,
 0x0000,
 0x0000,
 0x0000,
 0x0000,
 0x0000,
 0x0000,
 0x0000,
 0x0000,
 0x0000,
 0x0000,
 0x0000,
 0x0000,
 0x0000,
 0x0000,
 0x0000,
 0x0000,
 0x0000,
 0x0000,
 0x0000,
 0x0000,
 0x0000,
 0x0000,
 0x0000,
 0x0000,
 0x0000,
 0x0000,
 0x0000,
 0x0000,
 0x0000,
 0x0000,
 0x0000,
 0x0000,
 0x0000,
 0x0000,
 0x0000,
 0x0000,
 0x0000,
 0x0000,
 0x0000,
 0x0000,
 0x0000,
 0x0000,
 0x0000,
 0x0000,
 0x0000,
 0x0000,
 0x0000,
 0x0000,
 0x0000,
 0x0000,
 0x0000,
 0x8028,
 0x0000,
 0x0000,
 0x0000,
 0x0000,
 0x0000,
 0x0000,
 0x0000,
 0x0000,
 0x0000,
 0x0000,
 0x0000,
 0x0000,
 0x0e3b,
 0x0000,
 0x0000,
 0x0000,
 0x0000,
 0x0000,
 0x0000,
 0x0000,
 0x0000,
 0x0000,
 0x0000,
 0x0000,
 0x0000,
 0x0000,
 0x0000,
 0x10c0,
 0x0000,
 0x0000,
 0x0000,
 0x0000,
 0x0000,
 0x0000,
 0x0000,
 0x0000,
 0x8048,
 0x0000,
 0x0000,
 0x0000,
 0x0000,
 0x0000,
 0x0000,
 0x0000,
 0x0000,
 0x0000,
 0x0000,
 0x0000,
 0x0000,
 0x0000,
 0x0000,
 0x0000,
 0x0000,
 0x0000,
 0x0000,
 0x0000,
 0x0000,
 0x0000,
 0x0000,
 0x0000,
 0x0000,
 0x0000,
 0x0000,
 0x0000,
 0x0000,
 0x0000,
 0x0000,
 0x0000,
 0x0000,
 0x0000,
 0x0000,
 0x0000,
 0x0000,
 0x8012,
 0x0000,
 0x0000,
 0x0000,
 0x0000,
 0x0000,
 0x0000,
 0x0000,
 0x0000,
 0x0000,
 0x0000,
 0x0000,
 0x0000,
 0x0000,
 0x0000,
 0x0000,
 0x0000,
 0x0000,
 0x0000,
 0x0000,
 0x0000,
 0x0000,
 0x0000,
 0x0000,
 0x0000,
 0x0000,
 0x0000,
 0x0000,
 0x0000,
 0x0000,
 0x0f34,
 0x0000,
 0x0000,
 0x0000,
 0x0000,
 0x0000,
 0x0000,
 0x0000,
 0x0000,
 0x0000,
 0x0000,
 0x0000,
 0x0000,
 0x0000,
 0x0000,
 0x0000,
 0x0000,
 0x0000,
 0x0000,
 0x0000,
 0x0000,
 0x0000,
 0x0000,
 0x0000,
 0x0000,
 0x0000,
 0x0db6,
 0x0000,
 0x0000,
 0x0000,
 0x0000,
 0x0000,
 0x0000,
 0x0000,
 0x0000,
 0x0000,
 0x0000,
 0x0000,
 0x0000,
 0x0000,
 0x0000,
 0x0000,
 0x0000,
 0x0000,
 0x0000,
 0x0000,
 0x0000,
 0x0000,
 0x0000,
 0x0000,
 0x0000,
 0x0000,
 0x0000,
 0x0000,
 0x0000,
 0x0000,
 0x0000,
 0x0000,
 0x0000,
 0x0000,
 0x0000,
 0x0000,
 0x0000,
 0x0000,
 0x0000,
 0x0000,
 0x0000,
 0x0000,
 0x0000,
 0x0000,
 0x0000,
 0x0000,
 0x0000,
 0x0000,
 0x0000,
 0x0000,
 0x0000,
 0x0000,
 0x0000,
 0x0000,
 0x0000,
 0x0000,
 0x0000,
 0x0000,
 0x0000,
 0x0000,
 0x0000,
 0x0000,
 0x0000,
 0x0000,
 0x0000,
 0x0000,
 0x0000,
 0x0000,
 0x0000,
 0x0000,
 0x0000,
 0x80f7,
 0x0000,
 0x0000,
 0x0000,
 0x0000,
 0x0000,
 0x0000,
 0x0000,
 0x0000,
 0x0000,
 0x0000,
 0x0000,
 0x0000,
 0x0000,
 0x0000,
 0x0000,
 0x0000,
 0x0000,
 0x0000,
 0x0000,
 0x0000,
 0x0000,
 0x0000,
 0x0000,
 0x0000,
 0x0000,
 0x80fb,
 0x0000,
 0x0000,
 0x0000,
 0x0000,
 0x0000,
 0x0000,
 0x0000,
 0x0000,
 0x0000,
 0x0000,
 0x0000,
 0x0000,
 0x0000,
 0x0000,
 0x0000,
 0x0000,
 0x0000,
 0x0000,
 0x0000,
 0x0219,
 0x0000,
 0x0000,
 0x0000,
 0x0000,
 0x0000,
 0x0000,
 0x0000,
 0x0000,
 0x0000,
 0x0000,
 0x0000,
 0x0000,
 0x0000,
 0x0000,
 0x0000,
 0x0000,
 0x0000,
 0x0000,
 0x0000,
 0x0000,
 0x0000,
 0x0000,
 0x0000,
 0x0000,
 0x06b3,
 0x0000,
 0x0000,
 0x0000,
 0x0000,
 0x0000,
 0x0000,
 0x0000,
 0x0000,
 0x0000,
 0x0000,
 0x0000,
 0x0000,
 0x0000,
 0x0000,
 0x0000,
 0x0000,
 0x0000,
 0x0000,
 0x0000,
 0x0000,
 0x0000,
 0x0000,
 0x0000,
 0x0000,
 0x0000,
 0x0000,
 0x0000,
 0x0000,
 0x0000,
 0x0000,
 0x0000,
 0x0000,
 0x0000,
 0x0000,
 0x0000,
 0x0000,
 0x0000,
 0x811f,
 0x0000,
 0x0000,
 0x0000,
 0x0000,
 0x0000,
 0x0000,
 0x0000,
 0x0000,
 0x0000,
 0x0000,
 0x0000,
 0x0000,
 0x0000,
 0x0000,
 0x0000,
 0x0000,
 0x0000,
 0x0000,
 0x0000,
 0x0000,
 0x0000,
 0x0000,
 0x0000,
 0x0000,
 0x0000,
 0x0000,
 0x0000,
 0x0000,
 0x0000,
 0x0000,
 0x0000,
 0x0000,
 0x0000,
 0x0000,
 0x0000,
 0x0000,
 0x0000,
 0x0000,
 0x0000,
 0x0000,
 0x0000,
 0x06e3,
 0x0000,
 0x0000,
 0x0000,
 0x0000,
 0x0000,
 0x0000,
 0x0000,
 0x0000,
 0x0000,
 0x0000,
 0x0000,
 0x0000,
 0x0000,
 0x0000,
 0x0000,
 0x0000,
 0x0000,
 0x0000,
 0x0000,
 0x0000,
 0x0000,
 0x0000,
 0x0000,
 0x0000,
 0x0000,
 0x0000,
 0x0000,
 0x0000,
 0x0000,
 0x0000,
 0x0000,
 0x0000,
 0x0000,
 0x0000,
 0x0000,
 0x0000,
 0x0000,
 0x0000,
 0x0000,
 0x0000,
 0x0000,
 0x0000,
 0x0000,
 0x0000,
 0x0000,
 0x0000,
 0x0000,
 0x0000,
 0x80ec,
 0x0000,
 0x0000,
 0x0000,
 0x0000,
 0x0000,
 0x0000,
 0x0000,
 0x0000,
 0x0000,
 0x0000,
 0x0000,
 0x0000,
 0x0000,
 0x0000,
 0x0000,
 0x0000,
 0x0000,
 0x0000,
 0x0000,
 0x0000,
 0x0000,
 0x0000,
 0x0000,
 0x0000,
 0x0000,
 0x0000,
 0x0000,
 0x0000,
 0x0000,
 0x0000,
 0x0000,
 0x0000,
 0x0000,
 0x0000,
 0x0000,
 0x0000,
 0x0000,
 0x0000,
 0x0000,
 0x0000,
 0x0000,
 0x0000,
 0x0000,
 0x0000,
 0x0000,
 0x0000,
 0x0000,
 0x0000,
 0x0000,
 0x0000,
 0x0000,
 0x0000,
 0x0000,
 0x0000,
 0x0000,
 0x0000,
 0x0000,
 0x0000,
 0x0000,
 0x0000,
 0x0000,
 0x0000,
 0x0000,
 0x0000,
 0x0000,
 0x0000,
 0x0000,
 0x0000,
 0x0000,
 0x0000,
 0x0000,
 0x0000,
 0x0000,
 0x0000,
 0x0000,
 0x0000,
 0x0000,
 0x0000,
 0x0000,
 0x0000,
 0x0000,
 0x0000,
 0x0000,
 0x0000,
 0x0000,
 0x0000,
 0x0000,
 0x0000,
 0x0000,
 0x0000,
 0x0000,
 0x0000,
 0x0000,
 0x0000,
 0x0000,
 0x0000,
 0x0000,
 0x0000,
 0x0000,
 0x0000,
 0x0000,
 0x0000,
 0x0000,
 0x0000,
 0x0000,
 0x0000,
 0x0000,
 0x0000,
 0x0000,
 0x8097,
 0x0000,
 0x0000,
 0x0000,
 0x0000,
 0x0000,
 0x0000,
 0x0000,
 0x0000,
 0x0000,
 0x0000,
 0x0000,
 0x0000,
 0x0000,
 0x0000,
 0x0000,
 0x0000,
 0x0000,
 0x0000,
 0x0000,
 0x0000,
 0x0000,
 0x0000,
 0x0000,
 0x0000,
 0x0000,
 0x0000,
 0x0000,
 0x0000,
 0x0000,
 0x0000,
 0x0000,
 0x0000,
 0x0000,
 0x0000,
 0x0000,
 0x0000,
 0x0000,
 0x0000,
 0x0000,
 0x0ec3,
 0x0000,
 0x0000,
 0x0000,
 0x0000,
 0x0000,
 0x0000,
 0x0000,
 0x0000,
 0x0000,
 0x0000,
 0x0000,
 0x0000,
 0x0000,
 0x0000,
 0x0000,
 0x0000,
 0x0000,
 0x0000,
 0x0000,
 0x0000,
 0x0000,
 0x0000,
 0x0000,
 0x0000,
 0x0000,
 0x0000,
 0x0000,
 0x0000,
 0x8125,
 0x0000,
 0x0000,
 0x0000,
 0x0000,
 0x0000,
 0x0000,
 0x0000,
 0x0000,
 0x0000,
 0x0000,
 0x0000,
 0x0000,
 0x0000,
 0x0000,
 0x0000,
 0x0000,
 0x0000,
 0x0000,
 0x0000,
 0x0d5e,
 0x0000,
 0x0000,
 0x0000,
 0x0000,
 0x0000,
 0x0000,
 0x0000,
 0x0000,
 0x0000,
 0x0000,
 0x0000,
 0x0000,
 0x0000,
 0x0000,
 0x0000,
 0x0000,
 0x0000,
 0x0000,
 0x0000,
 0x0000,
 0x8072,
 0x0000,
 0x0000,
 0x0000,
 0x0000,
 0x0000,
 0x0000,
 0x0000,
 0x0000,
 0x0000,
 0x0000,
 0x0000,
 0x0000,
 0x0000,
 0x0000,
 0x0000,
 0x0000,
 0x0000,
 0x0000,
 0x0000,
 0x0000,
 0x0000,
 0x0000,
 0x0000,
 0x0000,
 0x0000,
 0x0000,
 0x8052,
 0x0000,
 0x0000,
 0x0000,
 0x0000,
 0x0000,
 0x0000,
 0x8171,
 0x0000,
 0x0000,
 0x0000,
 0x0000,
 0x0000,
 0x0000,
 0x0000,
 0x0000,
 0x0000,
 0x0000,
 0x0000,
 0x0000,
 0x0000,
 0x0000,
 0x0000,
 0x0000,
 0x0000,
 0x0000,
 0x0000,
 0x0000,
 0x0000,
 0x0000,
 0x0000,
 0x0000,
 0x0000,
 0x0000,
 0x0000,
 0x0000,
 0x0000,
 0x0000,
 0x0000,
 0x0000,
 0x0000,
 0x0000,
 0x0000,
 0x0000,
 0x0000,
 0x0000,
 0x0000,
 0x0000,
 0x0000,
 0x0000,
 0x0000,
 0x0000,
 0x0000,
 0x0000,
 0x0000,
 0x0000,
 0x0000,
 0x0000,
 0x0000,
 0x0000,
 0x0000,
 0x805a,
 0x0000,
 0x0000,
 0x0000,
 0x0000,
 0x0000,
 0x0000,
 0x0000,
 0x0000,
 0x0000,
 0x0000,
 0x0000,
 0x0000,
 0x0000,
 0x0000,
 0x0000,
 0x0000,
 0x0000,
 0x0000,
 0x0000,
 0x0000,
 0x0000,
 0x0000,
 0x0000,
 0x0000,
 0x0000,
 0x0000,
 0x0000,
 0x0000,
 0x0000,
 0x0000,
 0x0000,
 0x0000,
 0x0000,
 0x0000,
 0x0000,
 0x0000,
 0x0000,
 0x0000,
 0x0000,
 0x8030,
 0x0000,
 0x0000,
 0x0000,
 0x0000,
 0x0000,
 0x0000,
 0x80f3,
 0x8077,
 0x0000,
 0x0000,
 0x0000,
 0x0000,
 0x0000,
 0x0000,
 0x0000,
 0x0000,
 0x0000,
 0x0000,
 0x0000,
 0x0000,
 0x0000,
 0x10be,
 0x0000,
 0x0000,
 0x0000,
 0x0000,
 0x0000,
 0x0000,
 0x0000,
 0x0000,
 0x0000,
 0x0000,
 0x0000,
 0x0000,
 0x0000,
 0x0000,
 0x0000,
 0x0000,
 0x0000,
 0x0000,
 0x0000,
 0x0000,
 0x0000,
 0x0000,
 0x0000,
 0x0000,
 0x0000,
 0x0000,
 0x0000,
 0x0000,
 0x0000,
 0x0000,
 0x0000,
 0x0000,
 0x0000,
 0x0000,
 0x0000,
 0x0000,
 0x0000,
 0x0000,
 0x0000,
 0x8148,
 0x0000,
 0x0000,
 0x0000,
 0x0000,
 0x0000,
 0x0000,
 0x0000,
 0x0000,
 0x0000,
 0x0000,
 0x0000,
 0x0200,
 0x0000,
 0x0000,
 0x0000,
 0x0000,
 0x0000,
 0x0000,
 0x0000,
 0x0000,
 0x0000,
 0x0000,
 0x0000,
 0x0000,
 0x0000,
 0x0000,
 0x0000,
 0x0000,
 0x0000,
 0x0000,
 0x0000,
 0x0000,
 0x0000,
 0x0000,
 0x0000,
 0x0000,
 0x0000,
 0x0000,
 0x0000,
 0x0000,
 0x0000,
 0x0000,
 0x0000,
 0x0000,
 0x0000,
 0x0000,
 0x0000,
 0x0000,
 0x0000,
 0x0000,
 0x0000,
 0x0000,
 0x0000,
 0x0000,
 0x0000,
 0x0000,
 0x0000,
 0x0000,
 0x0000,
 0x0000,
 0x0000,
 0x0000,
 0x0000,
 0x0000,
 0x0000,
 0x1094,
 0x0000,
 0x0000,
 0x0000,
 0x0000,
 0x0000,
 0x0000,
 0x0000,
 0x0000,
 0x0000,
 0x0000,
 0x0000,
 0x0000,
 0x0000,
 0x0000,
 0x0000,
 0x0000,
 0x0000,
 0x0000,
 0x0000,
 0x0000,
 0x0000,
 0x0000,
 0x0000,
 0x0000,
 0x0000,
 0x0000,
 0x8042,
 0x0000,
 0x00d4,
 0x0000,
 0x0000,
 0x0000,
 0x0000,
 0x0000,
 0x0000,
 0x0000,
 0x0000,
 0x0000,
 0x0000,
 0x0000,
 0x0000,
 0x0000,
 0x0000,
 0x0000,
 0x0000,
 0x0000,
 0x0000,
 0x0000,
 0x0000,
 0x0000,
 0x0000,
 0x0000,
 0x0000,
 0x0000,
 0x0000,
 0x0000,
 0x0000,
 0x0000,
 0x0000,
 0x0000,
 0x0000,
 0x0000,
 0x0000,
 0x0000,
 0x0000,
 0x0000,
 0x0000,
 0x0000,
 0x0000,
 0x0000,
 0x0000,
 0x0000,
 0x0000,
 0x0000,
 0x0000,
 0x0000,
 0x0000,
 0x0000,
 0x0000,
 0x0000,
 0x0000,
 0x0000,
 0x0000,
 0x808a,
 0x0000,
 0x0000,
 0x0000,
 0x0000,
 0x0000,
 0x0000,
 0x0000,
 0x0000,
 0x0000,
 0x0000,
 0x0000,
 0x0000,
 0x0000,
 0x0000,
 0x0000,
 0x0000,
 0x0000,
 0x0000,
 0x0000,
 0x0000,
 0x0000,
 0x0000,
 0x0000,
 0x0000,
 0x0000,
 0x0000,
 0x0000,
 0x0000,
 0x0000,
 0x0000,
 0x0000,
 0x0000,
 0x0000,
 0x0000,
 0x0000,
 0x0000,
 0x0000,
 0x0000,
 0x0000,
 0x0000,
 0x0000,
 0x0000,
 0x0000,
 0x0000,
 0x0000,
 0x0000,
 0x0000,
 0x0000,
 0x0000,
 0x0000,
 0x0000,
 0x0000,
 0x0000,
 0x0000,
 0x0000,
 0x0000,
 0x0000,
 0x0000,
 0x0000,
 0x0000,
 0x0000,
 0x0000,
 0x0000,
 0x0000,
 0x0000,
 0x0000,
 0x0000,
 0x0000,
 0x0000,
 0x0000,
 0x0000,
 0x0000,
 0x0000,
 0x0000,
 0x0000,
 0x0000,
 0x0000,
 0x0ebf,
 0x0000,
 0x0000,
 0x0000,
 0x0000,
 0x0000,
 0x0000,
 0x0000,
 0x0000,
 0x0000,
 0x0000,
 0x0000,
 0x0000,
 0x0000,
 0x0000,
 0x0000,
 0x0000,
 0x0000,
 0x0000,
 0x0000,
 0x0000,
 0x0000,
 0x0000,
 0x0000,
 0x0000,
 0x0000,
 0x0000,
 0x0000,
 0x0000,
 0x0000,
 0x0000,
 0x0000,
 0x0000,
 0x0000,
 0x0000,
 0x0000,
 0x0000,
 0x0000,
 0x0000,
 0x0000,
 0x0000,
 0x0000,
 0x0000,
 0x0000,
 0x0000,
 0x0000,
 0x0000,
 0x0000,
 0x0000,
 0x0000,
 0x0000,
 0x0000,
 0x0000,
 0x0000,
 0x0000,
 0x0000,
 0x0000,
 0x0000,
 0x0000,
 0x0000,
 0x0000,
 0x0000,
 0x0000,
 0x0000,
 0x0000,
 0x0000,
 0x0000,
 0x0000,
 0x0000,
 0x0000,
 0x0000,
 0x0000,
 0x0000,
 0x0000,
 0x0000,
 0x0000,
 0x0000,
 0x0000,
 0x0000,
 0x0000,
 0x0000,
 0x0000,
 0x0000,
 0x0000,
 0x0000,
 0x0000,
 0x0000,
 0x0000,
 0x0000,
 0x0000,
 0x0000,
 0x0000,
 0x0000,
 0x0000,
 0x0000,
 0x0000,
 0x0000,
 0x0000,
 0x0000,
 0x0000,
 0x0000,
 0x0000,
 0x0000,
 0x0000,
 0x0000,
 0x0000,
 0x0000,
 0x0000,
 0x0000,
 0x0000,
 0x0000,
 0x0000,
 0x0000,
 0x0000,
 0x816d,
 0x0000,
 0x0000,
 0x0000,
 0x0000,
 0x0000,
 0x0000,
 0x0000,
 0x0000,
 0x0000,
 0x0000,
 0x0000,
 0x0000,
 0x0000,
 0x0000,
 0x0000,
 0x0000,
 0x0000,
 0x0000,
 0x0000,
 0x0000,
 0x0000,
 0x0000,
 0x0000,
 0x0000,
 0x0000,
 0x0000,
 0x0000,
 0x0000,
 0x0000,
 0x0000,
 0x0000,
 0x0000,
 0x0000,
 0x0000,
 0x0000,
 0x0000,
 0x8094,
 0x0000,
 0x0000,
 0x0000,
 0x0000,
 0x0000,
 0x0000,
 0x0000,
 0x0000,
 0x0000,
 0x0000,
 0x0000,
 0x0000,
 0x0000,
 0x0000,
 0x0000,
 0x0000,
 0x0000,
 0x0000,
 0x0000,
 0x0000,
 0x0000,
 0x0000,
 0x0000,
 0x0000,
 0x0000,
 0x0000,
 0x0000,
 0x0000,
 0x0000,
 0x0000,
 0x0000,
 0x0000,
 0x0000,
 0x0000,
 0x0000,
 0x0000,
 0x0000,
 0x0000,
 0x0000,
 0x0000,
 0x0000,
 0x0000,
 0x0000,
 0x0000,
 0x0000,
 0x0000,
 0x0000,
 0x0000,
 0x0000,
 0x0000,
 0x0000,
 0x0000,
 0x0000,
 0x0000,
 0x0000,
 0x0000,
 0x0000,
 0x0000,
 0x0000,
 0x0000,
 0x0000,
 0x0000,
 0x0000,
 0x0000,
 0x0000,
 0x0000,
 0x0000,
 0x0000,
 0x0000,
 0x0000,
 0x0000,
 0x0000,
 0x0000,
 0x8095,
 0x0000,
 0x0000,
 0x0000,
 0x0000,
 0x80c5,
 0x0000,
 0x0000,
 0x0000,
 0x0000,
 0x0000,
 0x0000,
 0x0000,
 0x0000,
 0x0000,
 0x0000,
 0x80c0,
 0x0000,
 0x0000,
 0x0000,
 0x0000,
 0x0000,
 0x0000,
 0x0000,
 0x0000,
 0x0000,
 0x0000,
 0x0000,
 0x0000,
 0x0000,
 0x0000,
 0x0000,
 0x0000,
 0x0a1a,
 0x0000,
 0x0000,
 0x0000,
 0x0000,
 0x0000,
 0x0000,
 0x0000,
 0x0000,
 0x0000,
 0x0000,
 0x0000,
 0x0000,
 0x0000,
 0x0000,
 0x0000,
 0x0000,
 0x0000,
 0x0000,
 0x0000,
 0x0000,
 0x0000,
 0x0000,
 0x0000,
 0x0000,
 0x0000,
 0x0000,
 0x0000,
 0x0000,
 0x0000,
 0x0000,
 0x0000,
 0x0000,
 0x0000,
 0x0000,
 0x0000,
 0x0000,
 0x01f8,
 0x0000,
 0x0000,
 0x0000,
 0x0000,
 0x0000,
 0x0000,
 0x0000,
 0x0000,
 0x0000,
 0x0000,
 0x0000,
 0x0000,
 0x0000,
 0x0000,
 0x0000,
 0x0000,
 0x0000,
 0x0000,
 0x0000,
 0x0000,
 0x0000,
 0x0000,
 0x0000,
 0x0000,
 0x0000,
 0x0000,
 0x0000,
 0x0000,
 0x0000,
 0x0000,
 0x0000,
 0x0000,
 0x0000,
 0x0000,
 0x0000,
 0x0000,
 0x0000,
 0x0000,
 0x0000,
 0x0000,
 0x0000,
 0x0000,
 0x0000,
 0x0000,
 0x0000,
 0x0000,
 0x0000,
 0x0000,
 0x0000,
 0x0000,
 0x0000,
 0x0000,
 0x0000,
 0x0000,
 0x0000,
 0x0000,
 0x0000,
 0x0000,
 0x803c,
 0x0000,
 0x0000,
 0x0000,
 0x0000,
 0x0000,
 0x0000,
 0x0000,
 0x0000,
 0x0000,
 0x0000,
 0x0000,
 0x0000,
 0x0000,
 0x0000,
 0x0000,
 0x0000,
 0x0000,
 0x0000,
 0x0000,
 0x0000,
 0x0000,
 0x0000,
 0x0000,
 0x0000,
 0x0000,
 0x06d5,
 0x0000,
 0x0000,
 0x0000,
 0x0000,
 0x0000,
 0x0000,
 0x0000,
 0x0000,
 0x0000,
 0x0000,
 0x0000,
 0x0000,
 0x0000,
 0x0000,
 0x0000,
 0x0000,
 0x0000,
 0x0000,
 0x0000,
 0x0000,
 0x0000,
 0x0000,
 0x0000,
 0x0000,
 0x0000,
 0x0000,
 0x0000,
 0x0000,
 0x0000,
 0x0000,
 0x0000,
 0x0000,
 0x0000,
 0x0000,
 0x0000,
 0x0000,
 0x0000,
 0x0000,
 0x0000,
 0x0000,
 0x0000,
 0x0000,
 0x0000,
 0x0000,
 0x0000,
 0x0000,
 0x0000,
 0x0000,
 0x0000,
 0x0000,
 0x0000,
 0x0000,
 0x0000,
 0x0000,
 0x0000,
 0x0000,
 0x0000,
 0x0000,
 0x0000,
 0x0000,
 0x0000,
 0x0000,
 0x0000,
 0x0000,
 0x0000,
 0x0000,
 0x0000,
 0x0000,
 0x0000,
 0x0000,
 0x0000,
 0x0000,
 0x0000,
 0x0000,
 0x0000,
 0x0000,
 0x0000,
 0x0000,
 0x0000,
 0x0000,
 0x0000,
 0x035a,
 0x0000,
 0x0000,
 0x0000,
 0x0000,
 0x0000,
 0x0000,
 0x0000,
 0x0000,
 0x0000,
 0x0000,
 0x0000,
 0x0000,
 0x0000,
 0x0000,
 0x0000,
 0x0000,
 0x0000,
 0x0a66,
 0x0000,
 0x0000,
 0x0000,
 0x0000,
 0x0000,
 0x0000,
 0x0000,
 0x0000,
 0x0000,
 0x0000,
 0x0000,
 0x0000,
 0x0000,
 0x0000,
 0x0000,
 0x0000,
 0x0000,
 0x0000,
 0x0000,
 0x0000,
 0x0000,
 0x0000,
 0x0000,
 0x0000,
 0x0000,
 0x0000,
 0x0000,
 0x0000,
 0x0000,
 0x0000,
 0x0000,
 0x0000,
 0x07a3,
 0x0000,
 0x0000,
 0x0000,
 0x0000,
 0x0000,
 0x0000,
 0x0000,
 0x0000,
 0x0000,
 0x0000,
 0x0000,
 0x0000,
 0x0000,
 0x0000,
 0x0000,
 0x0000,
 0x0000,
 0x0000,
 0x0000,
 0x0000,
 0x0000,
 0x0000,
 0x0000,
 0x0000,
 0x0000,
 0x0000,
 0x8149,
 0x0000,
 0x0000,
 0x807b,
 0x0000,
 0x0000,
 0x0000,
 0x0000,
 0x0000,
 0x0000,
 0x0000,
 0x0000,
 0x0000,
 0x0000,
 0x0000,
 0x0000,
 0x0000,
 0x015f,
 0x0000,
 0x0000,
 0x0000,
 0x0000,
 0x0000,
 0x0000,
 0x0000,
 0x0000,
 0x0000,
 0x0000,
 0x0000,
 0x0000,
 0x0000,
 0x0000,
 0x0000,
 0x0000,
 0x0000,
 0x0000,
 0x0000,
 0x0000,
 0x0000,
 0x0000,
 0x0000,
 0x0000,
 0x0000,
 0x0000,
 0x0000,
 0x0000,
 0x0000,
 0x0000,
 0x0000,
 0x80fd,
 0x0000,
 0x0000,
 0x0000,
 0x0000,
 0x0000,
 0x0000,
 0x0000,
 0x0000,
 0x0000,
 0x0000,
 0x0000,
 0x0000,
 0x0000,
 0x0000,
 0x0000,
 0x0000,
 0x0000,
 0x0000,
 0x0000,
 0x0000,
 0x0000,
 0x0000,
 0x0000,
 0x0000,
 0x0000,
 0x0000,
 0x0000,
 0x0000,
 0x0000,
 0x0000,
 0x0000,
 0x0000,
 0x0000,
 0x0000,
 0x0000,
 0x0000,
 0x0000,
 0x0000,
 0x0000,
 0x0000,
 0x8022,
 0x0000,
 0x0000,
 0x0000,
 0x0000,
 0x0000,
 0x0000,
 0x0000,
 0x0000,
 0x0000,
 0x0000,
 0x0000,
 0x0000,
 0x0000,
 0x0000,
 0x0000,
 0x0000,
 0x0000,
 0x0000,
 0x0000,
 0x06e5,
 0x0000,
 0x0000,
 0x0000,
 0x0000,
 0x0000,
 0x0000,
 0x8133,
 0x0000,
 0x0000,
 0x0000,
 0x0000,
 0x0000,
 0x0000,
 0x0000,
 0x0000,
 0x0000,
 0x0000,
 0x0000,
 0x0000,
 0x0000,
 0x0000,
 0x0000,
 0x0000,
 0x0000,
 0x0000,
 0x0000,
 0x0000,
 0x0000,
 0x0000,
 0x0000,
 0x8136,
 0x0000,
 0x0000,
 0x0000,
 0x0000,
 0x0000,
 0x0000,
 0x0000,
 0x0000,
 0x0000,
 0x0000,
 0x0000,
 0x0000,
 0x0000,
 0x0000,
 0x0000,
 0x0000,
 0x80e5,
 0x0000,
 0x0000,
 0x0000,
 0x0000,
 0x0000,
 0x0000,
 0x0000,
 0x0000,
 0x0000,
 0x0000,
 0x0000,
 0x0000,
 0x0000,
 0x0000,
 0x0000,
 0x0000,
 0x0000,
 0x0000,
 0x0000,
 0x0000,
 0x0000,
 0x0000,
 0x0000,
 0x0000,
 0x0000,
 0x0000,
 0x0000,
 0x0000,
 0x0000,
 0x0000,
 0x0000,
 0x0000,
 0x0000,
 0x0000,
 0x0000,
 0x0000,
 0x0000,
 0x0000,
 0x0000,
 0x0000,
 0x0000,
 0x0000,
 0x0000,
 0x0000,
 0x0000,
 0x0000,
 0x0000,
 0x0000,
 0x0000,
 0x0000,
 0x0000,
 0x0000,
 0x0000,
 0x0000,
 0x810b,
 0x0000,
 0x0447,
 0x0000,
 0x0000,
 0x0000,
 0x0000,
 0x0000,
 0x0000,
 0x0000,
 0x0000,
 0x0000,
 0x0000,
 0x0000,
 0x0000,
 0x0000,
 0x0000,
 0x0000,
 0x0000,
 0x0000,
 0x0000,
 0x0000,
 0x0000,
 0x0000,
 0x0000,
 0x0000,
 0x0000,
 0x0000,
 0x0000,
 0x0000,
 0x0000,
 0x0000,
 0x0000,
 0x0000,
 0x0000,
 0x0000,
 0x0000,
 0x0000,
 0x0000,
 0x0000,
 0x0000,
 0x0000,
 0x0000,
 0x0000,
 0x0000,
 0x0000,
 0x0000,
 0x0000,
 0x0000,
 0x0000,
 0x0000,
 0x0000,
 0x0000,
 0x0000,
 0x0000,
 0x0000,
 0x0000,
 0x0000,
 0x0000,
 0x800e,
 0x0000,
 0x0000,
 0x0000,
 0x0000,
 0x0000,
 0x0000,
 0x0000,
 0x0000,
 0x0000,
 0x0000,
 0x0000,
 0x0000,
 0x0000,
 0x0000,
 0x0000,
 0x0000,
 0x0000,
 0x0000,
 0x0000,
 0x0000,
 0x0000,
 0x0000,
 0x0000,
 0x80ee,
 0x0000,
 0x0000,
 0x0000,
 0x0000,
 0x0000,
 0x0000,
 0x0000,
 0x0000,
 0x0000,
 0x0000,
 0x0000,
 0x0000,
 0x0000,
 0x0000,
 0x0000,
 0x0000,
 0x0000,
 0x0000,
 0x0000,
 0x0000,
 0x0000,
 0x0000,
 0x0000,
 0x0000,
 0x0000,
 0x0000,
 0x0000,
 0x0000,
 0x0000,
 0x0000,
 0x0000,
 0x0000,
 0x0000,
 0x0000,
 0x0000,
 0x0000,
 0x0000,
 0x0000,
 0x0000,
 0x0000,
 0x0000,
 0x0000,
 0x0000,
 0x0000,
 0x0000,
 0x0000,
 0x0000,
 0x0000,
 0x0000,
 0x0000,
 0x0000,
 0x0000,
 0x0000,
 0x0000,
 0x0000,
 0x0000,
 0x0000,
 0x0000,
 0x0000,
 0x0000,
 0x0000,
 0x0000,
 0x0000,
 0x0000,
 0x0000,
 0x0000,
 0x0000,
 0x0000,
 0x0000,
 0x0000,
 0x0000,
 0x0000,
 0x0000,
 0x0000,
 0x0000,
 0x0000,
 0x0000,
 0x0000,
 0x0000,
 0x0000,
 0x0000,
 0x0000,
 0x0000,
 0x0000,
 0x0000,
 0x0000,
 0x0000,
 0x0000,
 0x0000,
 0x0000,
 0x0000,
 0x0000,
 0x0000,
 0x0000,
 0x0000,
 0x0000,
 0x0000,
 0x0000,
 0x0e9b,
 0x0000,
 0x0000,
 0x0000,
 0x0000,
 0x0000,
 0x0000,
 0x0000,
 0x0000,
 0x8163,
 0x0000,
 0x0000,
 0x0000,
 0x0000,
 0x0000,
 0x0000,
 0x0000,
 0x0000,
 0x0000,
 0x0000,
 0x0000,
 0x0000,
 0x0000,
 0x0000,
 0x0000,
 0x0000,
 0x0000,
 0x0000,
 0x0000,
 0x0000,
 0x0000,
 0x0000,
 0x0000,
 0x0000,
 0x0000,
 0x0000,
 0x0000,
 0x0000,
 0x0000,
 0x0000,
 0x0000,
 0x0000,
 0x0000,
 0x0000,
 0x0000,
 0x0000,
 0x0000,
 0x0000,
 0x0000,
 0x0000,
 0x0000,
 0x0000,
 0x0000,
 0x0000,
 0x0000,
 0x0000,
 0x0000,
 0x0000,
 0x0000,
 0x0000,
 0x0000,
 0x0000,
 0x0000,
 0x0000,
 0x0000,
 0x0000,
 0x0000,
 0x0000,
 0x0000,
 0x0000,
 0x0000,
 0x0000,
 0x0000,
 0x0000,
 0x0000,
 0x0000,
 0x0000,
 0x0000,
 0x0000,
 0x0000,
 0x0000,
 0x0000,
 0x0000,
 0x0000,
 0x0000,
 0x0000,
 0x0000,
 0x0000,
 0x0000,
 0x0000,
 0x0000,
 0x0000,
 0x0000,
 0x0000,
 0x0000,
 0x0000,
 0x0000,
 0x0000,
 0x0000,
 0x0000,
 0x0000,
 0x0000,
 0x0000,
 0x0000,
 0x0000,
 0x0000,
 0x0000,
 0x0000,
 0x0000,
 0x0000,
 0x0000,
 0x0000,
 0x0000,
 0x0000,
 0x0000,
 0x0000,
 0x0000,
 0x0000,
 0x0000,
 0x0000,
 0x0000,
 0x0000,
 0x0000,
 0x0000,
 0x0000,
 0x0000,
 0x0000,
 0x0000,
 0x0000,
 0x0000,
 0x0000,
 0x0000,
 0x0000,
 0x0000,
 0x0000,
 0x0000,
 0x0000,
 0x0000,
 0x0000,
 0x0000,
 0x0000,
 0x0000,
 0x0000,
 0x0000,
 0x0000,
 0x0000,
 0x0000,
 0x0000,
 0x0000,
 0x0000,
 0x0000,
 0x0000,
 0x0000,
 0x01fd,
 0x0000,
 0x0000,
 0x0000,
 0x0000,
 0x0000,
 0x0000,
 0x0000,
 0x0000,
 0x0000,
 0x0000,
 0x0000,
 0x0000,
 0x0000,
 0x0000,
 0x0000,
 0x0000,
 0x0000,
 0x0000,
 0x0000,
 0x0000,
 0x0000,
 0x0000,
 0x0000,
 0x0000,
 0x0000,
 0x0000,
 0x0000,
 0x0000,
 0x0000,
 0x0000,
 0x0356,
 0x0000,
 0x0000,
 0x0000,
 0x0000,
 0x0000,
 0x0000,
 0x0000,
 0x0000,
 0x0000,
 0x0000,
 0x0000,
 0x0000,
 0x0000,
 0x0000,
 0x0000,
 0x0000,
 0x0000,
 0x0000,
 0x0000,
 0x0000,
 0x0000,
 0x10ce,
 0x0000,
 0x0000,
 0x0000,
 0x0000,
 0x0000,
 0x0000,
 0x0000,
 0x0000,
 0x0000,
 0x0000,
 0x8167,
 0x0000,
 0x0000,
 0x0000,
 0x0000,
 0x0000,
 0x0000,
 0x0000,
 0x0000,
 0x0000,
 0x0000,
 0x0000,
 0x0000,
 0x0000,
 0x0000,
 0x0000,
 0x0000,
 0x0000,
 0x0000,
 0x0000,
 0x0000,
 0x0000,
 0x0000,
 0x0000,
 0x0000,
 0x0000,
 0x0000,
 0x0000,
 0x0000,
 0x0000,
 0x0000,
 0x0000,
 0x0000,
 0x0000,
 0x0000,
 0x8160,
 0x0000,
 0x0000,
 0x0000,
 0x0000,
 0x0000,
 0x0000,
 0x0000,
 0x0000,
 0x0000,
 0x0000,
 0x0000,
 0x0000,
 0x0000,
 0x0000,
 0x0000,
 0x0000,
 0x0000,
 0x0000,
 0x0000,
 0x0000,
 0x0000,
 0x0000,
 0x0000,
 0x0000,
 0x0000,
 0x0000,
 0x0000,
 0x0000,
 0x0000,
 0x0000,
 0x0000,
 0x0000,
 0x0000,
 0x0000,
 0x0000,
 0x0000,
 0x0000,
 0x0000,
 0x0000,
 0x0000,
 0x0000,
 0x0000,
 0x0000,
 0x0000,
 0x0000,
 0x0000,
 0x0000,
 0x0000,
 0x0000,
 0x0000,
 0x0000,
 0x0000,
 0x0000,
 0x0000,
 0x0000,
 0x0000,
 0x0000,
 0x0000,
 0x0000,
 0x0000,
 0x0000,
 0x0000,
 0x0000,
 0x0000,
 0x0000,
 0x0000,
 0x0000,
 0x0000,
 0x0000,
 0x0000,
 0x0000,
 0x0000,
 0x0000,
 0x0000,
 0x0000,
 0x0000,
 0x0000,
 0x0000,
 0x0000,
 0x0000,
 0x0000,
 0x0000,
 0x0000,
 0x0000,
 0x0000,
 0x0000,
 0x0000,
 0x0000,
 0x0000,
 0x0000,
 0x0000,
 0x0000,
 0x0000,
 0x0000,
 0x0000,
 0x0000,
 0x0000,
 0x0000,
 0x0000,
 0x0000,
 0x0000,
 0x0000,
 0x0000,
 0x0000,
 0x0000,
 0x0000,
 0x0000,
 0x0000,
 0x0000,
 0x0000,
 0x0000,
 0x0000,
 0x0000,
 0x0000,
 0x0000,
 0x0000,
 0x0000,
 0x0000,
 0x0000,
 0x0000,
 0x0000,
 0x0000,
 0x0000,
 0x0000,
 0x0000,
 0x0708,
 0x0000,
 0x0000,
 0x0000,
 0x0000,
 0x0000,
 0x0000,
 0x0000,
 0x0000,
 0x0000,
 0x0000,
 0x0000,
 0x0000,
 0x0000,
 0x0000,
 0x0000,
 0x0000,
 0x0000,
 0x0000,
 0x0000,
 0x0000,
 0x0000,
 0x0000,
 0x0000,
 0x0000,
 0x0000,
 0x0000,
 0x0000,
 0x0000,
 0x0000,
 0x0000,
 0x0000,
 0x0d67,
 0x0000,
 0x0000,
 0x0000,
 0x0000,
 0x0000,
 0x0000,
 0x0000,
 0x042b,
 0x0000,
 0x0000,
 0x0000,
 0x0000,
 0x0000,
 0x0000,
 0x0000,
 0x0000,
 0x0000,
 0x0000,
 0x0000,
 0x0000,
 0x0000,
 0x0000,
 0x0000,
 0x0000,
 0x80e6,
 0x0000,
 0x0000,
 0x0000,
 0x0000,
 0x0000,
 0x0000,
 0x0000,
 0x0000,
 0x0000,
 0x0000,
 0x0000,
 0x0000,
 0x0000,
 0x0000,
 0x0000,
 0x0000,
 0x0000,
 0x0000,
 0x0749,
 0x0000,
 0x0000,
 0x0000,
 0x0000,
 0x0000,
 0x0000,
 0x0000,
 0x0000,
 0x0000,
 0x0000,
 0x0000,
 0x0000,
 0x0000,
 0x0000,
 0x0000,
 0x0000,
 0x0000,
 0x0000,
 0x0000,
 0x0000,
 0x0000,
 0x0000,
 0x0000,
 0x0000,
 0x0000,
 0x0000,
 0x0000,
 0x0000,
 0x0000,
 0x0000,
 0x0000,
 0x0000,
 0x0000,
 0x0000,
 0x0000,
 0x0000,
 0x0000,
 0x0000,
 0x0000,
 0x0000,
 0x0000,
 0x0000,
 0x0000,
 0x0000,
 0x0000,
 0x0000,
 0x0000,
 0x0000,
 0x0000,
 0x0000,
 0x0000,
 0x0000,
 0x0000,
 0x0000,
 0x0000,
 0x0000,
 0x0000,
 0x0000,
 0x0a18,
 0x0000,
 0x0000,
 0x10d5,
 0x0000,
 0x0000,
 0x0000,
 0x0000,
 0x0000,
 0x0000,
 0x0000,
 0x0000,
 0x0000,
 0x0000,
 0x0000,
 0x0000,
 0x0000,
 0x0000,
 0x0000,
 0x0000,
 0x0000,
 0x0000,
 0x0000,
 0x0000,
 0x0000,
 0x0000,
 0x0000,
 0x0000,
 0x0000,
 0x0000,
 0x0000,
 0x0000,
 0x0000,
 0x0000,
 0x0000,
 0x801b,
 0x0000,
 0x0000,
 0x0000,
 0x0000,
 0x0000,
 0x0000,
 0x0000,
 0x0000,
 0x0000,
 0x0000,
 0x0000,
 0x0000,
 0x0000,
 0x0000,
 0x0000,
 0x0000,
 0x0000,
 0x0000,
 0x0000,
 0x0000,
 0x0000,
 0x0000,
 0x0000,
 0x0000,
 0x0000,
 0x0000,
 0x0000,
 0x0000,
 0x0000,
 0x0000,
 0x0000,
 0x0000,
 0x0000,
 0x0000,
 0x0000,
 0x0000,
 0x070b,
 0x0000,
 0x0000,
 0x0000,
 0x0000,
 0x0000,
 0x0000,
 0x0000,
 0x0000,
 0x0000,
 0x0000,
 0x0000,
 0x0000,
 0x0000,
 0x0000,
 0x0000,
 0x0000,
 0x0000,
 0x0000,
 0x0000,
 0x0000,
 0x0000,
 0x0000,
 0x0000,
 0x0000,
 0x0000,
 0x0000,
 0x0000,
 0x0000,
 0x0000,
 0x0000,
 0x0000,
 0x0000,
 0x0000,
 0x0000,
 0x0000,
 0x0000,
 0x0000,
 0x0000,
 0x0000,
 0x0000,
 0x0000,
 0x0000,
 0x0000,
 0x0000,
 0x0000,
 0x0000,
 0x0000,
 0x0000,
 0x0000,
 0x0000,
 0x0000,
 0x0000,
 0x0000,
 0x0000,
 0x0000,
 0x0000,
 0x0000,
 0x0000,
 0x0000,
 0x0000,
 0x0000,
 0x0000,
 0x0000,
 0x0000,
 0x0000,
 0x0000,
 0x0000,
 0x0000,
 0x0000,
 0x0000,
 0x0000,
 0x0000,
 0x0000,
 0x0000,
 0x0000,
 0x0000,
 0x0000,
 0x0000,
 0x0000,
 0x0000,
 0x0000,
 0x0000,
 0x0000,
 0x0000,
 0x0000,
 0x0000,
 0x0000,
 0x0000,
 0x0000,
 0x0000,
 0x0000,
 0x0000,
 0x0000,
 0x0000,
 0x0000,
 0x0000,
 0x0000,
 0x0000,
 0x0000,
 0x0000,
 0x0000,
 0x0000,
 0x0000,
 0x0000,
 0x0000,
 0x0000,
 0x0000,
 0x0000,
 0x0000,
 0x0000,
 0x0000,
 0x0000,
 0x0000,
 0x0000,
 0x0000,
 0x0000,
 0x0000,
 0x0000,
 0x0000,
 0x0000,
 0x0000,
 0x0000,
 0x0000,
 0x0000,
 0x0000,
 0x0000,
 0x0000,
 0x0000,
 0x0000,
 0x0000,
 0x0000,
 0x0000,
 0x0000,
 0x0000,
 0x0000,
 0x0000,
 0x0000,
 0x0000,
 0x0000,
 0x0000,
 0x0000,
 0x0000,
 0x0000,
 0x0000,
 0x0000,
 0x0000,
 0x0000,
 0x0000,
 0x0000,
 0x0000,
 0x0000,
 0x0000,
 0x0000,
 0x0000,
 0x0000,
 0x0000,
 0x0000,
 0x0000,
 0x0000,
 0x0000,
 0x0000,
 0x0000,
 0x0000,
 0x0000,
 0x0000,
 0x0000,
 0x0000,
 0x0000,
 0x0000,
 0x0000,
 0x0000,
 0x0000,
 0x0000,
 0x0000,
 0x0000,
 0x0000,
 0x0000,
 0x0000,
 0x0000,
 0x0000,
 0x0000,
 0x0000,
 0x0000,
 0x0000,
 0x0000,
 0x0000,
 0x0000,
 0x0000,
 0x0000,
 0x0000,
 0x0000,
 0x0000,
 0x0000,
 0x0000,
 0x0000,
 0x0000,
 0x0000,
 0x0000,
 0x0000,
 0x0000,
 0x0000,
 0x0000,
 0x0000,
 0x0000,
 0x0000,
 0x0000,
 0x0000,
 0x0000,
 0x0000,
 0x0000,
 0x0000,
 0x0000,
 0x0000,
 0x0000,
 0x0000,
 0x0000,
 0x0000,
 0x0000,
 0x0000,
 0x0000,
 0x0000,
 0x0000,
 0x0000,
 0x0000,
 0x0000,
 0x0000,
 0x0000,
 0x0000,
 0x0000,
 0x0000,
 0x0000,
 0x0000,
 0x0000,
 0x0000,
 0x0000,
 0x0000,
 0x0000,
 0x0000,
 0x0000,
 0x0000,
 0x0000,
 0x0000,
 0x0000,
 0x0000,
 0x0000,
 0x0000,
 0x0000,
 0x0000,
 0x0000,
 0x0000,
 0x0000,
 0x0000,
 0x0000,
 0x0000,
 0x0000,
 0x0000,
 0x0000,
 0x0000,
 0x0000,
 0x0d65,
 0x0000,
 0x0000,
 0x0000,
 0x0000,
 0x0000,
 0x0000,
 0x0000,
 0x0000,
 0x0000,
 0x0000,
 0x0000,
 0x0000,
 0x0000,
 0x0000,
 0x0000,
 0x0000,
 0x0000,
 0x0000,
 0x0000,
 0x0000,
 0x0000,
 0x0000,
 0x0000,
 0x093b,
 0x0000,
 0x0000,
 0x0000,
 0x0000,
 0x0000,
 0x0000,
 0x0000,
 0x0000,
 0x0000,
 0x0000,
 0x0000,
 0x0000,
 0x0000,
 0x0000,
 0x0000,
 0x0000,
 0x0000,
 0x0000,
 0x0000,
 0x0000,
 0x0000,
 0x0000,
 0x0000,
 0x0000,
 0x0000,
 0x0000,
 0x0000,
 0x0000,
 0x0000,
 0x0000,
 0x0000,
 0x0000,
 0x0000,
 0x0000,
 0x0000,
 0x0000,
 0x0000,
 0x0000,
 0x0000,
 0x0000,
 0x0000,
 0x0000,
 0x0000,
 0x0000,
 0x0000,
 0x0000,
 0x0000,
 0x0000,
 0x0000,
 0x0000,
 0x0000,
 0x0000,
 0x0000,
 0x0000,
 0x0000,
 0x0000,
 0x0000,
 0x805c,
 0x0000,
 0x0000,
 0x0000,
 0x0000,
 0x0000,
 0x0000,
 0x0000,
 0x0000,
 0x0000,
 0x0000,
 0x0000,
 0x0000,
 0x0000,
 0x0000,
 0x0000,
 0x0000,
 0x0000,
 0x0000,
 0x0000,
 0x0000,
 0x0000,
 0x0000,
 0x0000,
 0x0000,
 0x0000,
 0x0000,
 0x0000,
 0x0000,
 0x0000,
 0x0000,
 0x0000,
 0x0000,
 0x0000,
 0x0000,
 0x0000,
 0x0000,
 0x0000,
 0x0000,
 0x0000,
 0x0000,
 0x0000,
 0x0000,
 0x0000,
 0x0000,
 0x0000,
 0x0000,
 0x0000,
 0x0000,
 0x0000,
 0x0000,
 0x0000,
 0x06dd,
 0x0000,
 0x0000,
 0x0000,
 0x8036,
 0x0000,
 0x0000,
 0x0000,
 0x0000,
 0x0000,
 0x0000,
 0x0000,
 0x0000,
 0x0000,
 0x0000,
 0x0000,
 0x0000,
 0x0000,
 0x0000,
 0x0000,
 0x0000,
 0x0000,
 0x0000,
 0x0000,
 0x0000,
 0x0000,
 0x0000,
 0x0000,
 0x0000,
 0x0000,
 0x0000,
 0x0000,
 0x0000,
 0x0000,
 0x0000,
 0x0000,
 0x0000,
 0x0000,
 0x0000,
 0x0000,
 0x0000,
 0x0000,
 0x0000,
 0x0000,
 0x0000,
 0x0000,
 0x0000,
 0x0000,
 0x0000,
 0x0000,
 0x0000,
 0x0000,
 0x0000,
 0x0000,
 0x0000,
 0x0000,
 0x0000,
 0x0000,
 0x0000,
 0x0000,
 0x0000,
 0x0000,
 0x0000,
 0x0000,
 0x0000,
 0x0000,
 0x0000,
 0x0000,
 0x0000,
 0x0162,
 0x0000,
 0x0000,
 0x0000,
 0x0000,
 0x0000,
 0x0000,
 0x0000,
 0x0000,
 0x0000,
 0x0000,
 0x0000,
 0x0000,
 0x0000,
 0x0000,
 0x0000,
 0x0000,
 0x0000,
 0x0000,
 0x0000,
 0x0000,
 0x0000,
 0x0000,
 0x0000,
 0x0000,
 0x0000,
 0x0000,
 0x0000,
 0x0000,
 0x0000,
 0x0000,
 0x0000,
 0x0000,
 0x0000,
 0x0000,
 0x0000,
 0x0000,
 0x0000,
 0x0000,
 0x0000,
 0x0000,
 0x0000,
 0x0000,
 0x0000,
 0x0000,
 0x0000,
 0x0000,
 0x0000,
 0x0000,
 0x0000,
 0x0000,
 0x0000,
 0x0000,
 0x0204,
 0x0000,
 0x0000,
 0x0000,
 0x0000,
 0x0000,
 0x0000,
 0x0000,
 0x0000,
 0x0000,
 0x0000,
 0x0000,
 0x0000,
 0x0000,
 0x0000,
 0x8054,
 0x0000,
 0x0000,
 0x0000,
 0x0000,
 0x0000,
 0x0000,
 0x0000,
 0x0000,
 0x0000,
 0x0000,
 0x0000,
 0x0000,
 0x0000,
 0x0000,
 0x0000,
 0x0000,
 0x0000,
 0x0000,
 0x0000,
 0x0000,
 0x0000,
 0x0000,
 0x0000,
 0x0000,
 0x0000,
 0x0000,
 0x0000,
 0x0000,
 0x0000,
 0x0000,
 0x0000,
 0x0000,
 0x0000,
 0x0000,
 0x0000,
 0x0000,
 0x0000,
 0x0000,
 0x0000,
 0x0000,
 0x0000,
 0x0000,
 0x0000,
 0x0000,
 0x0000,
 0x0000,
 0x0000,
 0x0000,
 0x0000,
 0x0000,
 0x0000,
 0x0000,
 0x0000,
 0x0000,
 0x0000,
 0x0000,
 0x0000,
 0x0000,
 0x0000,
 0x0000,
 0x0000,
 0x0000,
 0x0000,
 0x0000,
 0x0000,
 0x0000,
 0x0000,
 0x0000,
 0x0000,
 0x0000,
 0x0000,
 0x0000,
 0x0000,
 0x0000,
 0x0000,
 0x0000,
 0x0000,
 0x0000,
 0x0000,
 0x0000,
 0x0000,
 0x0000,
 0x0000,
 0x0000,
 0x0000,
 0x0000,
 0x0000,
 0x0000,
 0x0000,
 0x0000,
 0x0000,
 0x0000,
 0x0000,
 0x0000,
 0x0000,
 0x0000,
 0x0000,
 0x0000,
 0x0000,
 0x0000,
 0x0000,
 0x0000,
 0x0000,
 0x0000,
 0x0000,
 0x0000,
 0x0000,
 0x0000,
 0x0000,
 0x0000,
 0x0000,
 0x80cc,
 0x0000,
 0x0000,
 0x0000,
 0x0000,
 0x0000,
 0x0000,
 0x0000,
 0x0000,
 0x0000,
 0x0000,
 0x0000,
 0x0000,
 0x0000,
 0x0000,
 0x0000,
 0x0000,
 0x0000,
 0x0000,
 0x0000,
 0x8086,
 0x0000,
 0x0000,
 0x0000,
 0x0000,
 0x0000,
 0x0000,
 0x0000,
 0x0000,
 0x0000,
 0x0000,
 0x0000,
 0x0000,
 0x0000,
 0x0000,
 0x0000,
 0x0000,
 0x0000,
 0x0000,
 0x0000,
 0x0000,
 0x0000,
 0x0000,
 0x0000,
 0x0000,
 0x0000,
 0x0000,
 0x0000,
 0x0000,
 0x0000,
 0x0000,
 0x0000,
 0x0000,
 0x0000,
 0x0000,
 0x0000,
 0x0000,
 0x0000,
 0x0111,
 0x0000,
 0x0000,
 0x0000,
 0x0000,
 0x0000,
 0x0000,
 0x0000,
 0x0000,
 0x0000,
 0x0000,
 0x0000,
 0x0000,
 0x0000,
 0x0000,
 0x0000,
 0x0000,
 0x0000,
 0x0000,
 0x0000,
 0x0000,
 0x0000,
 0x0000,
 0x0000,
 0x0000,
 0x0000,
 0x0000,
 0x0000,
 0x0000,
 0x0000,
 0x0000,
 0x0000,
 0x0000,
 0x0000,
 0x0000,
 0x0000,
 0x0000,
 0x0000,
 0x0000,
 0x0000,
 0x09ae,
 0x0000,
 0x0000,
 0x0000,
 0x0000,
 0x0000,
 0x0000,
 0x0000,
 0x0000,
 0x0000,
 0x0000,
 0x0000,
 0x0000,
 0x0000,
 0x0000,
 0x0000,
 0x0000,
 0x0000,
 0x0000,
 0x0000,
 0x0000,
 0x0000,
 0x805e,
 0x0000,
 0x0000,
 0x0000,
 0x0000,
 0x0000,
 0x0000,
 0x0000,
 0x0000,
 0x0000,
 0x0000,
 0x0000,
 0x0000,
 0x0000,
 0x0000,
 0x0000,
 0x0000,
 0x0000,
 0x0000,
 0x0000,
 0x0000,
 0x0000,
 0x0000,
 0x0000,
 0x0000,
 0x0000,
 0x0000,
 0x0000,
 0x0000,
 0x0000,
 0x0000,
 0x0000,
 0x0000,
 0x0000,
 0x0000,
 0x0000,
 0x0000,
 0x0000,
 0x0000,
 0x0000,
 0x0000,
 0x0000,
 0x0000,
 0x0000,
 0x0000,
 0x0000,
 0x0000,
 0x0000,
 0x0000,
 0x0000,
 0x0000,
 0x0000,
 0x0000,
 0x0000,
 0x0000,
 0x0000,
 0x0000,
 0x0000,
 0x0000,
 0x0000,
 0x0000,
 0x0000,
 0x0000,
 0x0000,
 0x0000,
 0x0000,
 0x0000,
 0x0000,
 0x0000,
 0x0000,
 0x0000,
 0x0000,
 0x0000,
 0x0000,
 0x0000,
 0x0000,
 0x0000,
 0x0000,
 0x0000,
 0x0000,
 0x0000,
 0x0000,
 0x0000,
 0x0000,
 0x0000,
 0x0000,
 0x0000,
 0x0000,
 0x0000,
 0x0000,
 0x0000,
 0x0000,
 0x0000,
 0x0000,
 0x0000,
 0x0000,
 0x0000,
 0x0000,
 0x0000,
 0x0000,
 0x0000,
 0x0000,
 0x0000,
 0x0000,
 0x0000,
 0x0000,
 0x0000,
 0x0000,
 0x0000,
 0x0000,
 0x0000,
 0x0000,
 0x0000,
 0x0000,
 0x0000,
 0x0000,
 0x0000,
 0x0000,
 0x0000,
 0x0000,
 0x0000,
 0x0000,
 0x0000,
 0x0000,
 0x0000,
 0x0000,
 0x0000,
 0x0000,
 0x0000,
 0x0000,
 0x0000,
 0x0000,
 0x0000,
 0x05c3,
 0x0000,
 0x0000,
 0x0000,
 0x0000,
 0x0000,
 0x0000,
 0x0000,
 0x0000,
 0x0000,
 0x0000,
 0x0000,
 0x0000,
 0x0000,
 0x0000,
 0x0000,
 0x0000,
 0x0000,
 0x0000,
 0x0000,
 0x0000,
 0x0000,
 0x0000,
 0x0000,
 0x0000,
 0x0000,
 0x0000,
 0x0000,
 0x0000,
 0x0000,
 0x0000,
 0x0000,
 0x0000,
 0x0000,
 0x0000,
 0x0000,
 0x0000,
 0x0000,
 0x0000,
 0x0000,
 0x0000,
 0x0000,
 0x0000,
 0x0000,
 0x0000,
 0x0000,
 0x0000,
 0x0000,
 0x0000,
 0x0000,
 0x0000,
 0x0000,
 0x0000,
 0x0000,
 0x0000,
 0x0000,
 0x0000,
 0x0000,
 0x0000,
 0x0000,
 0x0000,
 0x0000,
 0x0000,
 0x0000,
 0x0000,
 0x0000,
 0x0000,
 0x0000,
 0x0000,
 0x0000,
 0x0000,
 0x0000,
 0x0000,
 0x0000,
 0x0000,
 0x0000,
 0x0000,
 0x0000,
 0x0000,
 0x0000,
 0x0000,
 0x0000,
 0x0000,
 0x0000,
 0x0000,
 0x0000,
 0x0000,
 0x0000,
 0x0000,
 0x0000,
 0x0000,
 0x0000,
 0x0000,
 0x0000,
 0x0000,
 0x0000,
 0x0000,
 0x0000,
 0x0000,
 0x0000,
 0x8109,
 0x0000,
 0x0000,
 0x0000,
 0x0000,
 0x0000,
 0x0000,
 0x0000,
 0x0000,
 0x0000,
 0x0000,
 0x0000,
 0x0000,
 0x0000,
 0x0000,
 0x0000,
 0x0000,
 0x0000,
 0x0000,
 0x0000,
 0x0000,
 0x0000,
 0x0000,
 0x0000,
 0x0000,
 0x0000,
 0x0000,
 0x0a0e,
 0x0000,
 0x0000,
 0x0000,
 0x0000,
 0x0000,
 0x0000,
 0x0000,
 0x0000,
 0x0000,
 0x0000,
 0x0000,
 0x0000,
 0x0000,
 0x0000,
 0x0000,
 0x0000,
 0x0000,
 0x0000,
 0x0000,
 0x0000,
 0x0000,
 0x0000,
 0x0000,
 0x0000,
 0x0000,
 0x0000,
 0x0000,
 0x0000,
 0x0000,
 0x0000,
 0x0000,
 0x0000,
 0x0000,
 0x0000,
 0x0000,
 0x0000,
 0x0000,
 0x0000,
 0x0000,
 0x0000,
 0x0000,
 0x0000,
 0x0000,
 0x0000,
 0x0000,
 0x0000,
 0x0000,
 0x0000,
 0x0000,
 0x0000,
 0x0000,
 0x0000,
 0x0000,
 0x0000,
 0x0000,
 0x0000,
 0x0000,
 0x0000,
 0x0000,
 0x0000,
 0x0000,
 0x0000,
 0x0000,
 0x0000,
 0x0000,
 0x0000,
 0x0000,
 0x8002,
 0x0000,
 0x0000,
 0x0000,
 0x0000,
 0x0000,
 0x0000,
 0x0000,
 0x0000,
 0x0000,
 0x0000,
 0x0000,
 0x0000,
 0x0000,
 0x0000,
 0x0000,
 0x0000,
 0x0000,
 0x0000,
 0x0000,
 0x0000,
 0x0000,
 0x0000,
 0x0000,
 0x0000,
 0x0000,
 0x0000,
 0x0000,
 0x0000,
 0x0000,
 0x0000,
 0x0000,
 0x0000,
 0x0000,
 0x0000,
 0x0000,
 0x0000,
 0x0000,
 0x0000,
 0x0000,
 0x0000,
 0x0000,
 0x0000,
 0x0000,
 0x0000,
 0x0000,
 0x0000,
 0x0000,
 0x0000,
 0x0000,
 0x0000,
 0x0000,
 0x0000,
 0x0000,
 0x0000,
 0x0000,
 0x0000,
 0x0000,
 0x0000,
 0x0000,
 0x0000,
 0x0000,
 0x0000,
 0x0000,
 0x0000,
 0x0000,
 0x0000,
 0x0000,
 0x0000,
 0x0000,
 0x0000,
 0x0000,
 0x0000,
 0x0000,
 0x0000,
 0x0000,
 0x0000,
 0x0000,
 0x0000,
 0x0000,
 0x0000,
 0x0000,
 0x0000,
 0x0000,
 0x0000,
 0x0000,
 0x0000,
 0x0000,
 0x0000,
 0x0000,
 0x0000,
 0x0000,
 0x0000,
 0x80cd,
 0x0000,
 0x0000,
 0x0000,
 0x0000,
 0x0000,
 0x0000,
 0x0000,
 0x0000,
 0x0000,
 0x0000,
 0x0000,
 0x0000,
 0x0000,
 0x0f2e,
 0x0000,
 0x0000,
 0x0000,
 0x0000,
 0x0000,
 0x0000,
 0x0000,
 0x0000,
 0x0000,
 0x0000,
 0x0000,
 0x0000,
 0x0000,
 0x0000,
 0x0000,
 0x0000,
 0x0000,
 0x0000,
 0x0000,
 0x0000,
 0x0000,
 0x0000,
 0x0000,
 0x0000,
 0x0000,
 0x0000,
 0x0000,
 0x0000,
 0x0000,
 0x0000,
 0x0000,
 0x0000,
 0x0000,
 0x0000,
 0x06db,
 0x0000,
 0x0000,
 0x0000,
 0x0000,
 0x0000,
 0x0000,
 0x0000,
 0x0000,
 0x0000,
 0x0000,
 0x0000,
 0x0000,
 0x0000,
 0x0000,
 0x0000,
 0x0000,
 0x0000,
 0x0000,
 0x0000,
 0x0000,
 0x0000,
 0x0000,
 0x0000,
 0x0000,
 0x0000,
 0x0000,
 0x0000,
 0x0000,
 0x0000,
 0x0000,
 0x0000,
 0x0211,
 0x0000,
 0x0000,
 0x0000,
 0x0000,
 0x0000,
 0x0000,
 0x0000,
 0x0000,
 0x0000,
 0x0000,
 0x0000,
 0x0000,
 0x0000,
 0x0000,
 0x0000,
 0x0000,
 0x0000,
 0x0000,
 0x0000,
 0x0000,
 0x0000,
 0x0000,
 0x0000,
 0x80d5,
 0x0d5c,
 0x0000,
 0x0000,
 0x0000,
 0x0000,
 0x0000,
 0x0000,
 0x0000,
 0x0000,
 0x0000,
 0x0000,
 0x0000,
 0x0000,
 0x0000,
 0x0000,
 0x0000,
 0x0000,
 0x0000,
 0x0000,
 0x0000,
 0x0000,
 0x0000,
 0x0000,
 0x0000,
 0x0000,
 0x0000,
 0x0000,
 0x0000,
 0x0000,
 0x0000,
 0x0000,
 0x0000,
 0x0000,
 0x0000,
 0x0000,
 0x0000,
 0x0000,
 0x0000,
 0x0000,
 0x0000,
 0x0000,
 0x0000,
 0x0000,
 0x0000,
 0x0000,
 0x0000,
 0x0000,
 0x0000,
 0x0000,
 0x0000,
 0x0000,
 0x0000,
 0x0000,
 0x0000,
 0x0000,
 0x0000,
 0x0000,
 0x0000,
 0x0000,
 0x0000,
 0x0000,
 0x0000,
 0x0000,
 0x0000,
 0x0000,
 0x0000,
 0x0000,
 0x0000,
 0x0000,
 0x0000,
 0x0000,
 0x0000,
 0x0000,
 0x0000,
 0x0000,
 0x0000,
 0x0a2d,
 0x0000,
 0x0000,
 0x0000,
 0x0000,
 0x0000,
 0x0000,
 0x0000,
 0x0000,
 0x0000,
 0x0000,
 0x0000,
 0x0000,
 0x0000,
 0x0000,
 0x0000,
 0x0000,
 0x0a51,
 0x0000,
 0x0000,
 0x0000,
 0x0000,
 0x0000,
 0x0000,
 0x0000,
 0x0000,
 0x0000,
 0x0000,
 0x0000,
 0x0000,
 0x0000,
 0x0000,
 0x0000,
 0x0000,
 0x0000,
 0x0000,
 0x0000,
 0x0000,
 0x0000,
 0x0000,
 0x0000,
 0x0000,
 0x0000,
 0x0000,
 0x021f,
 0x0000,
 0x0000,
 0x0000,
 0x0000,
 0x07c0,
 0x0000,
 0x0000,
 0x0000,
 0x0000,
 0x0000,
 0x0000,
 0x0000,
 0x0000,
 0x0000,
 0x0000,
 0x0000,
 0x0000,
 0x0000,
 0x0000,
 0x0000,
 0x0000,
 0x0000,
 0x801d,
 0x0000,
 0x0000,
 0x0000,
 0x0000,
 0x0000,
 0x0000,
 0x0000,
 0x8153,
 0x0000,
 0x0000,
 0x0000,
 0x0000,
 0x0000,
 0x0000,
 0x01f4,
 0x0000,
 0x0000,
 0x0000,
 0x0000,
 0x0000,
 0x0000,
 0x0000,
 0x0000,
 0x0000,
 0x0000,
 0x0000,
 0x0000,
 0x0000,
 0x0000,
 0x0000,
 0x0000,
 0x0000,
 0x0000,
 0x0000,
 0x0000,
 0x0000,
 0x0000,
 0x0000,
 0x0000,
 0x0000,
 0x0000,
 0x0000,
 0x0000,
 0x0000,
 0x0000,
 0x0000,
 0x0000,
 0x0000,
 0x0000,
 0x0000,
 0x0000,
 0x0000,
 0x0000,
 0x0000,
 0x0000,
 0x0000,
 0x0000,
 0x0000,
 0x0000,
 0x0000,
 0x0000,
 0x0000,
 0x0000,
 0x0000,
 0x0000,
 0x0000,
 0x0000,
 0x0000,
 0x0000,
 0x0000,
 0x0000,
 0x0000,
 0x0000,
 0x0000,
 0x0000,
 0x801e,
 0x0000,
 0x0000,
 0x0000,
 0x0000,
 0x0000,
 0x0000,
 0x0000,
 0x0000,
 0x0000,
 0x0000,
 0x0000,
 0x0000,
 0x0000,
 0x0000,
 0x0000,
 0x0000,
 0x0000,
 0x0000,
 0x0000,
 0x0000,
 0x0000,
 0x0000,
 0x0000,
 0x0000,
 0x0000,
 0x0000,
 0x0000,
 0x0000,
 0x0000,
 0x0000,
 0x0544,
 0x0000,
 0x0000,
 0x0000,
 0x0000,
 0x0000,
 0x0000,
 0x0000,
 0x0000,
 0x0000,
 0x0000,
 0x0000,
 0x0000,
 0x0000,
 0x0000,
 0x0000,
 0x0000,
 0x0000,
 0x0000,
 0x0000,
 0x0000,
 0x0000,
 0x0000,
 0x0000,
 0x0000,
 0x80bc,
 0x0000,
 0x0000,
 0x0000,
 0x0000,
 0x0000,
 0x0000,
 0x0000,
 0x0000,
 0x0000,
 0x0000,
 0x0000,
 0x0000,
 0x0000,
 0x0000,
 0x0000,
 0x0000,
 0x0000,
 0x0000,
 0x0000,
 0x0000,
 0x0000,
 0x0000,
 0x0000,
 0x0000,
 0x0000,
 0x0000,
 0x0000,
 0x0000,
 0x0000,
 0x0000,
 0x0000,
 0x0000,
 0x0000,
 0x0000,
 0x0000,
 0x0000,
 0x0000,
 0x0000,
 0x0000,
 0x0000,
 0x0000,
 0x0000,
 0x0000,
 0x0000,
 0x0000,
 0x0000,
 0x0000,
 0x0000,
 0x0000,
 0x0000,
 0x0000,
 0x0000,
 0x0000,
 0x0000,
 0x0000,
 0x0000,
 0x0d78,
 0x0000,
 0x0000,
 0x0000,
 0x0000,
 0x0000,
 0x0000,
 0x0000,
 0x0000,
 0x0000,
 0x0000,
 0x0000,
 0x0000,
 0x0000,
 0x0000,
 0x0000,
 0x0000,
 0x0000,
 0x0000,
 0x0000,
 0x0000,
 0x0000,
 0x0000,
 0x0000,
 0x0000,
 0x0000,
 0x0000,
 0x0000,
 0x0000,
 0x0000,
 0x0000,
 0x0000,
 0x0000,
 0x0000,
 0x0000,
 0x0000,
 0x0000,
 0x0000,
 0x0000,
 0x0000,
 0x0000,
 0x0000,
 0x0000,
 0x0000,
 0x0000,
 0x0000,
 0x0000,
 0x0000,
 0x0000,
 0x0000,
 0x0000,
 0x0000,
 0x0000,
 0x0000,
 0x0000,
 0x0000,
 0x0000,
 0x0000,
 0x0000,
 0x0000,
 0x0000,
 0x0000,
 0x0000,
 0x0000,
 0x0000,
 0x0000,
 0x0000,
 0x0000,
 0x0000,
 0x0000,
 0x0000,
 0x0000,
 0x0000,
 0x0000,
 0x0000,
 0x0000,
 0x0000,
 0x0000,
 0x0000,
 0x0000,
 0x0000,
 0x0000,
 0x0000,
 0x0000,
 0x0000,
 0x0000,
 0x0000,
 0x0000,
 0x0000,
 0x0000,
 0x0000,
 0x0000,
 0x0000,
 0x0000,
 0x0000,
 0x0000,
 0x0000,
 0x0000,
 0x0000,
 0x0000,
 0x0000,
 0x0000,
 0x0000,
 0x0000,
 0x0000,
 0x0000,
 0x0000,
 0x0000,
 0x0000,
 0x0000,
 0x0000,
 0x0000,
 0x0000,
 0x0000,
 0x0000,
 0x0000,
 0x0000,
 0x0000,
 0x0000,
 0x0000,
 0x0000,
 0x0000,
 0x0000,
 0x0000,
 0x0000,
 0x0000,
 0x0000,
 0x0000,
 0x0000,
 0x10bc,
 0x0000,
 0x0000,
 0x0000,
 0x0000,
 0x0000,
 0x0000,
 0x0000,
 0x0000,
 0x0000,
 0x0000,
 0x0000,
 0x0000,
 0x0000,
 0x0000,
 0x0000,
 0x0000,
 0x0000,
 0x8111,
 0x0000,
 0x0000,
 0x0000,
 0x0000,
 0x0000,
 0x0000,
 0x0000,
 0x0000,
 0x0000,
 0x0000,
 0x0000,
 0x0000,
 0x0000,
 0x0000,
 0x0000,
 0x0000,
 0x0000,
 0x0000,
 0x0f36,
 0x0000,
 0x0000,
 0x0000,
 0x0000,
 0x0000,
 0x0000,
 0x0000,
 0x0000,
 0x0000,
 0x0000,
 0x0000,
 0x0000,
 0x0000,
 0x0000,
 0x0000,
 0x0000,
 0x0000,
 0x0000,
 0x0000,
 0x0000,
 0x0000,
 0x0000,
 0x0000,
 0x0000,
 0x0000,
 0x0000,
 0x0000,
 0x0000,
 0x0000,
 0x0000,
 0x0000,
 0x0000,
 0x0000,
 0x0000,
 0x0000,
 0x0000,
 0x0000,
 0x0000,
 0x0000,
 0x0000,
 0x0000,
 0x0000,
 0x0000,
 0x0000,
 0x0000,
 0x0000,
 0x0000,
 0x814d,
 0x0000,
 0x0000,
 0x8034,
 0x0000,
 0x0000,
 0x0000,
 0x0000,
 0x0000,
 0x0000,
 0x0000,
 0x0000,
 0x0000,
 0x0000,
 0x0000,
 0x0000,
 0x0000,
 0x0000,
 0x0000,
 0x0000,
 0x0000,
 0x0000,
 0x0000,
 0x0000,
 0x0000,
 0x0000,
 0x0000,
 0x0000,
 0x0000,
 0x0000,
 0x0000,
 0x0000,
 0x0000,
 0x0000,
 0x0000,
 0x0000,
 0x0000,
 0x0000,
 0x0000,
 0x0000,
 0x0000,
 0x0000,
 0x0000,
 0x0000,
 0x0000,
 0x0000,
 0x0000,
 0x0000,
 0x0000,
 0x0000,
 0x0000,
 0x0000,
 0x0000,
 0x0000,
 0x0000,
 0x0000,
 0x0000,
 0x0000,
 0x0000,
 0x0000,
 0x0000,
 0x0000,
 0x0000,
 0x0000,
 0x0000,
 0x0000,
 0x0000,
 0x0000,
 0x0000,
 0x0000,
 0x0000,
 0x0000,
 0x0000,
 0x0000,
 0x0000,
 0x0000,
 0x0000,
 0x0000,
 0x0000,
 0x0000,
 0x0000,
 0x0000,
 0x0000,
 0x0000,
 0x0000,
 0x0000,
 0x0000,
 0x0000,
 0x0000,
 0x0000,
 0x0000,
 0x0000,
 0x0000,
 0x0000,
 0x0000,
 0x0000,
 0x0000,
 0x0000,
 0x0000,
 0x0000,
 0x0000,
 0x0000,
 0x0000,
 0x0000,
 0x0000,
 0x0000,
 0x0000,
 0x0000,
 0x0000,
 0x0000,
 0x0000,
 0x0000,
 0x0000,
 0x0000,
 0x0000,
 0x0000,
 0x0000,
 0x0000,
 0x0000,
 0x0000,
 0x0000,
 0x0000,
 0x0000,
 0x0000,
 0x0000,
 0x0000,
 0x0000,
 0x0000,
 0x0000,
 0x0000,
 0x0000,
 0x0000,
 0x0000,
 0x0000,
 0x0000,
 0x0000,
 0x0000,
 0x0000,
 0x0000,
 0x0000,
 0x0000,
 0x0000,
 0x0000,
 0x0000,
 0x0000,
 0x0000,
 0x0000,
 0x0000,
 0x0000,
 0x0000,
 0x0000,
 0x0000,
 0x0000,
 0x0000,
 0x0000,
 0x80b1,
 0x0000,
 0x09c7,
 0x8040,
 0x0000,
 0x0000,
 0x0000,
 0x0000,
 0x0000,
 0x0000,
 0x0000,
 0x0000,
 0x0000,
 0x0000,
 0x0000,
 0x0000,
 0x0000,
 0x0000,
 0x0000,
 0x0000,
 0x0000,
 0x0000,
 0x0000,
 0x0000,
 0x0000,
 0x808b,
 0x0000,
 0x0000,
 0x0000,
 0x0000,
 0x0000,
 0x0000,
 0x0000,
 0x0000,
 0x0000,
 0x0000,
 0x0000,
 0x0000,
 0x0000,
 0x0000,
 0x0000,
 0x0000,
 0x0000,
 0x0000,
 0x0000,
 0x0000,
 0x0000,
 0x0000,
 0x0000,
 0x0000,
 0x0000,
 0x0000,
 0x0000,
 0x0000,
 0x0000,
 0x0000,
 0x0000,
 0x0000,
 0x0000,
 0x0000,
 0x0000,
 0x0000,
 0x0000,
 0x0000,
 0x0000,
 0x0000,
 0x0000,
 0x0000,
 0x0000,
 0x0000,
 0x0000,
 0x0000,
 0x0000,
 0x0000,
 0x0000,
 0x0000,
 0x0000,
 0x0000,
 0x0000,
 0x0000,
 0x0000,
 0x0000,
 0x0000,
 0x0000,
 0x0000,
 0x0000,
 0x0000,
 0x0000,
 0x0000,
 0x0000,
 0x0000,
 0x0000,
 0x0000,
 0x0000,
 0x0000,
 0x0115,
 0x0000,
 0x0000,
 0x0000,
 0x0000,
 0x0000,
 0x0000,
 0x0000,
 0x0000,
 0x0000,
 0x0000,
 0x0000,
 0x0000,
 0x0000,
 0x0000,
 0x0000,
 0x0000,
 0x0000,
 0x0000,
 0x0000,
 0x0000,
 0x0000,
 0x0000,
 0x0000,
 0x0000,
 0x0000,
 0x0000,
 0x0000,
 0x0000,
 0x0000,
 0x0000,
 0x0000,
 0x0000,
 0x0000,
 0x0000,
 0x0000,
 0x0000,
 0x0000,
 0x0000,
 0x0000,
 0x0000,
 0x0000,
 0x0000,
 0x0000,
 0x0000,
 0x0000,
 0x0000,
 0x0000,
 0x0000,
 0x0000,
 0x0000,
 0x0000,
 0x0000,
 0x0000,
 0x0000,
 0x0000,
 0x0000,
 0x0000,
 0x0000,
 0x0000,
 0x0000,
 0x0000,
 0x0000,
 0x0000,
 0x0000,
 0x0000,
 0x0000,
 0x0000,
 0x0000,
 0x0000,
 0x0000,
 0x0000,
 0x0000,
 0x0000,
 0x0000,
 0x0000,
 0x0000,
 0x0000,
 0x0000,
 0x0000,
 0x0000,
 0x0000,
 0x0000,
 0x0000,
 0x0000,
 0x0000,
 0x0000,
 0x0000,
 0x0000,
 0x0000,
 0x0000,
 0x0000,
 0x0000,
 0x0000,
 0x0000,
 0x0000,
 0x0000,
 0x0000,
 0x0000,
 0x0000,
 0x0000,
 0x0000,
 0x0000,
 0x0000,
 0x0000,
 0x0000,
 0x0000,
 0x0000,
 0x0000,
 0x0000,
 0x0000,
 0x0000,
 0x0000,
 0x0000,
 0x0000,
 0x0000,
 0x0000,
 0x0000,
 0x0000,
 0x0000,
 0x0000,
 0x0000,
 0x0000,
 0x0000,
 0x0000,
 0x0000,
 0x0000,
 0x0000,
 0x0000,
 0x0000,
 0x0000,
 0x0000,
 0x0000,
 0x0000,
 0x0000,
 0x0000,
 0x0000,
 0x0000,
 0x0000,
 0x0000,
 0x0000,
 0x0000,
 0x0000,
 0x0000,
 0x0000,
 0x0000,
 0x0000,
 0x0000,
 0x0000,
 0x0000,
 0x0000,
 0x0000,
 0x0000,
 0x0000,
 0x0000,
 0x0000,
 0x0000,
 0x0000,
 0x0000,
 0x0000,
 0x805f,
 0x0000,
 0x0000,
 0x0000,
 0x0000,
 0x0000,
 0x0000,
 0x0000,
 0x0000,
 0x0000,
 0x0000,
 0x0000,
 0x0000,
 0x0000,
 0x0000,
 0x0000,
 0x0000,
 0x0000,
 0x0000,
 0x0000,
 0x0000,
 0x0000,
 0x0000,
 0x0000,
 0x0000,
 0x0000,
 0x0000,
 0x0000,
 0x0000,
 0x0000,
 0x0000,
 0x0000,
 0x0000,
 0x0000,
 0x0000,
 0x0000,
 0x0000,
 0x0000,
 0x0000,
 0x0000,
 0x0000,
 0x0000,
 0x0000,
 0x0000,
 0x0000,
 0x0000,
 0x0000,
 0x0000,
 0x0000,
 0x0000,
 0x0000,
 0x0000,
 0x0000,
 0x0000,
 0x0000,
 0x0000,
 0x0000,
 0x0000,
 0x0000,
 0x0000,
 0x0000,
 0x0000,
 0x0000,
 0x0000,
 0x0000,
 0x804e,
 0x0000,
 0x0000,
 0x0000,
 0x0000,
 0x0000,
 0x0000,
 0x0000,
 0x0000,
 0x0000,
 0x0000,
 0x0000,
 0x0000,
 0x0000,
 0x0000,
 0x0000,
 0x0000,
 0x0000,
 0x0000,
 0x0000,
 0x0000,
 0x0000,
 0x0000,
 0x0000,
 0x0000,
 0x0000,
 0x8014,
 0x0000,
 0x0000,
 0x0000,
 0x0000,
 0x0000,
 0x0000,
 0x0000,
 0x0000,
 0x0000,
 0x0000,
 0x0000,
 0x0000,
 0x0000,
 0x0000,
 0x0000,
 0x0000,
 0x0000,
 0x0000,
 0x0000,
 0x0000,
 0x0000,
 0x0000,
 0x0000,
 0x0000,
 0x0000,
 0x0000,
 0x0000,
 0x80a6,
 0x0000,
 0x0000,
 0x0000,
 0x0000,
 0x8176,
 0x0000,
 0x04a4,
 0x0000,
 0x0000,
 0x0000,
 0x0000,
 0x0000,
 0x0000,
 0x0000,
 0x0000,
 0x0000,
 0x0000,
 0x0000,
 0x0000,
 0x0000,
 0x0000,
 0x0000,
 0x0000,
 0x0000,
 0x0000,
 0x0000,
 0x0000,
 0x0000,
 0x0000,
 0x0000,
 0x0000,
 0x0000,
 0x0000,
 0x0000,
 0x0000,
 0x0000,
 0x0000,
 0x0000,
 0x0000,
 0x0000,
 0x0000,
 0x0000,
 0x0000,
 0x0000,
 0x0000,
 0x0000,
 0x0000,
 0x0000,
 0x0000,
 0x0000,
 0x0000,
 0x0000,
 0x0000,
 0x0000,
 0x0000,
 0x0000,
 0x0000,
 0x0000,
 0x0000,
 0x0000,
 0x0000,
 0x0000,
 0x0000,
 0x0000,
 0x0000,
 0x0000,
 0x0000,
 0x0000,
 0x0000,
 0x0000,
 0x0000,
 0x0000,
 0x0000,
 0x0000,
 0x0000,
 0x0000,
 0x0000,
 0x0000,
 0x0000,
 0x0000,
 0x0000,
 0x0000,
 0x0000,
 0x0000,
 0x0000,
 0x0000,
 0x0000,
 0x0000,
 0x0000,
 0x0000,
 0x0000,
 0x0000,
 0x0000,
 0x0000,
 0x0000,
 0x0000,
 0x0000,
 0x0000,
 0x0000,
 0x0000,
 0x0000,
 0x0000,
 0x0000,
 0x0000,
 0x0000,
 0x0000,
 0x0000,
 0x0000,
 0x0000,
 0x0000,
 0x0000,
 0x0000,
 0x0000,
 0x0000,
 0x0000,
 0x0000,
 0x0000,
 0x0000,
 0x0000,
 0x0000,
 0x0000,
 0x0000,
 0x0000,
 0x0000,
 0x0000,
 0x0000,
 0x06f6,
 0x0000,
 0x0000,
 0x0000,
 0x0000,
 0x0000,
 0x0000,
 0x0000,
 0x0000,
 0x0000,
 0x0000,
 0x0000,
 0x0000,
 0x0000,
 0x0000,
 0x0745,
 0x0000,
 0x0000,
 0x0000,
 0x0000,
 0x0000,
 0x0000,
 0x0000,
 0x0000,
 0x0000,
 0x0000,
 0x0000,
 0x0000,
 0x0000,
 0x0000,
 0x0000,
 0x0000,
 0x0000,
 0x0000,
 0x0000,
 0x0000,
 0x0000,
 0x0000,
 0x0000,
 0x0000,
 0x0000,
 0x0000,
 0x0000,
 0x0000,
 0x0000,
 0x0000,
 0x0000,
 0x0000,
 0x0000,
 0x0000,
 0x0000,
 0x0000,
 0x0000,
 0x0000,
 0x0000,
 0x0000,
 0x0000,
 0x0000,
 0x0000,
 0x0000,
 0x0000,
 0x0000,
 0x0000,
 0x0000,
 0x0000,
 0x0000,
 0x0000,
 0x0000,
 0x0000,
 0x0000,
 0x0000,
 0x0000,
 0x0000,
 0x0000,
 0x0000,
 0x0000,
 0x0000,
 0x0000,
 0x0000,
 0x0000,
 0x0000,
 0x0000,
 0x0000,
 0x0000,
 0x0000,
 0x0000,
 0x0000,
 0x0000,
 0x0000,
 0x0000,
 0x0000,
 0x0000,
 0x0000,
 0x0000,
 0x0000,
 0x0000,
 0x0000,
 0x0000,
 0x0000,
 0x0000,
 0x0000,
 0x0000,
 0x0000,
 0x0000,
 0x0000,
 0x0000,
 0x0000,
 0x0000,
 0x0000,
 0x0000,
 0x0000,
 0x0000,
 0x0000,
 0x01f2,
 0x0000,
 0x0000,
 0x0000,
 0x0000,
 0x0000,
 0x0000,
 0x0000,
 0x0000,
 0x0000,
 0x0000,
 0x0000,
 0x0000,
 0x0000,
 0x0000,
 0x0000,
 0x0000,
 0x0000,
 0x0000,
 0x0000,
 0x0000,
 0x0000,
 0x0000,
 0x0000,
 0x0000,
 0x0000,
 0x0000,
 0x0000,
 0x0000,
 0x0000,
 0x0000,
 0x0000,
 0x0000,
 0x0000,
 0x0000,
 0x0000,
 0x0000,
 0x0000,
 0x8178,
 0x0000,
 0x0000,
 0x0000,
 0x0000,
 0x0000,
 0x0000,
 0x0000,
 0x0000,
 0x0000,
 0x0000,
 0x0000,
 0x0000,
 0x0000,
 0x0000,
 0x0000,
 0x0000,
 0x0000,
 0x0000,
 0x0000,
 0x0000,
 0x0000,
 0x0000,
 0x0000,
 0x0000,
 0x0000,
 0x0000,
 0x0000,
 0x0000,
 0x0000,
 0x0000,
 0x0000,
 0x0000,
 0x0000,
 0x0000,
 0x0000,
 0x0000,
 0x0000,
 0x0000,
 0x0000,
 0x0000,
 0x80b5,
 0x0000,
 0x0000,
 0x0000,
 0x0000,
 0x0000,
 0x0000,
 0x0000,
 0x0000,
 0x0000,
 0x0000,
 0x0000,
 0x0000,
 0x0000,
 0x0000,
 0x0000,
 0x0000,
 0x0000,
 0x0000,
 0x0000,
 0x0000,
 0x0000,
 0x0000,
 0x0000,
 0x0000,
 0x0000,
 0x0000,
 0x0000,
 0x0000,
 0x0000,
 0x0000,
 0x0000,
 0x0000,
 0x0000,
 0x0000,
 0x0000,
 0x0000,
 0x0000,
 0x0000,
 0x0000,
 0x0000,
 0x0000,
 0x0000,
 0x0000,
 0x0000,
 0x0000,
 0x0000,
 0x043b,
 0x0000,
 0x0000,
 0x0000,
 0x0000,
 0x0000,
 0x813c,
 0x0000,
 0x0000,
 0x0000,
 0x0000,
 0x0000,
 0x0000,
 0x0000,
 0x0000,
 0x0000,
 0x0000,
 0x0000,
 0x0000,
 0x0000,
 0x0000,
 0x0000,
 0x0000,
 0x0000,
 0x0000,
 0x0000,
 0x0000,
 0x0000,
 0x0000,
 0x0000,
 0x0000,
 0x0000,
 0x0000,
 0x0000,
 0x0000,
 0x0000,
 0x0000,
 0x0000,
 0x0000,
 0x0000,
 0x0000,
 0x0000,
 0x0000,
 0x0000,
 0x0000,
 0x0000,
 0x0000,
 0x0000,
 0x0000,
 0x0000,
 0x0000,
 0x0475,
 0x0000,
 0x0000,
 0x8021,
 0x0000,
 0x0000,
 0x0000,
 0x0000,
 0x0000,
 0x0000,
 0x0000,
 0x0000,
 0x0000,
 0x0000,
 0x0000,
 0x0000,
 0x0000,
 0x0000,
 0x0000,
 0x0000,
 0x0000,
 0x0000,
 0x0000,
 0x0000,
 0x0000,
 0x0000,
 0x0000,
 0x0000,
 0x0000,
 0x0000,
 0x0000,
 0x0000,
 0x0000,
 0x0000,
 0x0000,
 0x0000,
 0x0000,
 0x0000,
 0x0000,
 0x0000,
 0x0000,
 0x0000,
 0x0000,
 0x0000,
 0x0000,
 0x0000,
 0x0000,
 0x0000,
 0x0000,
 0x0000,
 0x0000,
 0x0000,
 0x0000,
 0x0000,
 0x0000,
 0x0000,
 0x0000,
 0x0000,
 0x0000,
 0x0000,
 0x0000,
 0x0000,
 0x0000,
 0x0000,
 0x0000,
 0x0000,
 0x0000,
 0x0000,
 0x0000,
 0x0000,
 0x0000,
 0x0000,
 0x0000,
 0x0000,
 0x0000,
 0x0000,
 0x0000,
 0x0000,
 0x0000,
 0x0000,
 0x0000,
 0x0000,
 0x0000,
 0x0000,
 0x0000,
 0x0000,
 0x0000,
 0x0000,
 0x0000,
 0x0000,
 0x0000,
 0x0000,
 0x0000,
 0x80e1,
 0x0000,
 0x0000,
 0x0000,
 0x0000,
 0x0000,
 0x0000,
 0x0000,
 0x0000,
 0x0000,
 0x0000,
 0x0000,
 0x0000,
 0x0000,
 0x0000,
 0x0000,
 0x0000,
 0x0000,
 0x0000,
 0x0000,
 0x0000,
 0x0000,
 0x0000,
 0x0000,
 0x0000,
 0x0000,
 0x0000,
 0x0000,
 0x0000,
 0x0000,
 0x0000,
 0x0000,
 0x0000,
 0x0000,
 0x0000,
 0x0000,
 0x0000,
 0x0000,
 0x0000,
 0x0000,
 0x0000,
 0x0000,
 0x0000,
 0x0000,
 0x0000,
 0x0000,
 0x0000,
 0x0000,
 0x0000,
 0x0000,
 0x0000,
 0x0000,
 0x0f78,
 0x8114,
 0x0000,
 0x0000,
 0x0000,
 0x0000,
 0x0000,
 0x8123,
 0x0000,
 0x0000,
 0x0000,
 0x0000,
 0x0000,
 0x0000,
 0x0000,
 0x0000,
 0x0000,
 0x0000,
 0x0000,
 0x0000,
 0x0000,
 0x0000,
 0x0000,
 0x0000,
 0x0000,
 0x0000,
 0x0000,
 0x0000,
 0x0000,
 0x0000,
 0x0000,
 0x0000,
 0x0000,
 0x0000,
 0x0000,
 0x0000,
 0x0000,
 0x0000,
 0x0000,
 0x0000,
 0x0000,
 0x0000,
 0x0000,
 0x0000,
 0x0000,
 0x0000,
 0x0000,
 0x108b,
 0x0000,
 0x0000,
 0x0000,
 0x0000,
 0x0000,
 0x0000,
 0x0000,
 0x0000,
 0x0000,
 0x0000,
 0x0000,
 0x0000,
 0x0000,
 0x0000,
 0x0000,
 0x0000,
 0x0000,
 0x0000,
 0x0000,
 0x0119,
 0x0000,
 0x0000,
 0x0000,
 0x0000,
 0x0000,
 0x0000,
 0x0000,
 0x0000,
 0x0000,
 0x0000,
 0x0000,
 0x0000,
 0x0000,
 0x0000,
 0x0000,
 0x0000,
 0x0000,
 0x0000,
 0x0000,
 0x0000,
 0x0000,
 0x0000,
 0x0000,
 0x0000,
 0x0000,
 0x0000,
 0x0000,
 0x0000,
 0x0000,
 0x0000,
 0x0000,
 0x0000,
 0x0000,
 0x0000,
 0x0000,
 0x0000,
 0x0000,
 0x0000,
 0x0000,
 0x0000,
 0x0000,
 0x0000,
 0x0000,
 0x0000,
 0x0000,
 0x0000,
 0x0a7f,
 0x0000,
 0x0000,
 0x0000,
 0x0000,
 0x0000,
 0x0000,
 0x0000,
 0x0000,
 0x0000,
 0x0000,
 0x0000,
 0x0000,
 0x0000,
 0x0000,
 0x0000,
 0x0000,
 0x0000,
 0x0000,
 0x0000,
 0x0000,
 0x0000,
 0x0000,
 0x0000,
 0x0000,
 0x0000,
 0x0000,
 0x0000,
 0x0000,
 0x0000,
 0x0000,
 0x0000,
 0x0000,
 0x0000,
 0x0000,
 0x0000,
 0x0000,
 0x0000,
 0x0000,
 0x0000,
 0x0000,
 0x0000,
 0x811b,
 0x0000,
 0x0000,
 0x0000,
 0x0000,
 0x0000,
 0x0000,
 0x0000,
 0x0000,
 0x0000,
 0x0000,
 0x0000,
 0x0000,
 0x0000,
 0x0000,
 0x0000,
 0x0000,
 0x0000,
 0x0000,
 0x0000,
 0x0000,
 0x0000,
 0x0000,
 0x0000,
 0x0000,
 0x0000,
 0x0000,
 0x0000,
 0x0000,
 0x0000,
 0x0000,
 0x0000,
 0x0000,
 0x0000,
 0x0000,
 0x0000,
 0x0000,
 0x0000,
 0x0000,
 0x0000,
 0x0000,
 0x0000,
 0x0000,
 0x0000,
 0x0000,
 0x0000,
 0x0000,
 0x0000,
 0x0000,
 0x0000,
 0x0000,
 0x0000,
 0x0000,
 0x0000,
 0x0000,
 0x0000,
 0x0000,
 0x0000,
 0x0000,
 0x0000,
 0x0000,
 0x0000,
 0x0000,
 0x0000,
 0x0000,
 0x0000,
 0x0000,
 0x0000,
 0x0000,
 0x0000,
 0x0000,
 0x0000,
 0x0000,
 0x0000,
 0x0000,
 0x0000,
 0x0000,
 0x0000,
 0x0000,
 0x0000,
 0x0000,
 0x0000,
 0x0000,
 0x0000,
 0x0000,
 0x0000,
 0x0000,
 0x0000,
 0x0000,
 0x0000,
 0x0000,
 0x0000,
 0x0000,
 0x0000,
 0x0000,
 0x0000,
 0x0000,
 0x0000,
 0x0000,
 0x0000,
 0x0000,
 0x0000,
 0x0000,
 0x0000,
 0x0000,
 0x0000,
 0x0000,
 0x0000,
 0x0000,
 0x0000,
 0x0000,
 0x0000,
 0x0000,
 0x0000,
 0x0439,
 0x0000,
 0x0000,
 0x0000,
 0x0000,
 0x0000,
 0x0000,
 0x0000,
 0x0000,
 0x0000,
 0x0000,
 0x0000,
 0x0000,
 0x0000,
 0x0000,
 0x0000,
 0x0000,
 0x0000,
 0x0000,
 0x0000,
 0x0000,
 0x0000,
 0x0000,
 0x0000,
 0x0000,
 0x0000,
 0x0000,
 0x0000,
 0x0000,
 0x0000,
 0x0000,
 0x0000,
 0x0000,
 0x0000,
 0x0000,
 0x0000,
 0x0000,
 0x0000,
 0x0000,
 0x0000,
 0x0000,
 0x0000,
 0x0000,
 0x0000,
 0x0000,
 0x0000,
 0x0000,
 0x0000,
 0x0000,
 0x0000,
 0x0000,
 0x0000,
 0x0000,
 0x0000,
 0x0000,
 0x0000,
 0x0000,
 0x0000,
 0x0000,
 0x0000,
 0x0000,
 0x0113,
 0x0000,
 0x0000,
 0x0000,
 0x0000,
 0x0000,
 0x0000,
 0x0000,
 0x0000,
 0x0000,
 0x0000,
 0x0000,
 0x0000,
 0x0000,
 0x0000,
 0x0000,
 0x0000,
 0x0000,
 0x0000,
 0x0000,
 0x0000,
 0x0000,
 0x0000,
 0x0000,
 0x0000,
 0x0000,
 0x0000,
 0x0000,
 0x0000,
 0x0000,
 0x0000,
 0x0000,
 0x0000,
 0x0000,
 0x0000,
 0x0000,
 0x0000,
 0x0000,
 0x0000,
 0x0000,
 0x0000,
 0x0000,
 0x0000,
 0x0000,
 0x0000,
 0x0000,
 0x0000,
 0x0000,
 0x0000,
 0x0000,
 0x0000,
 0x0000,
 0x0000,
 0x0000,
 0x0000,
 0x0000,
 0x0000,
 0x0000,
 0x0000,
 0x0000,
 0x0000,
 0x0000,
 0x815a,
 0x0000,
 0x0000,
 0x0000,
 0x0000,
 0x0000,
 0x0000,
 0x0000,
 0x0000,
 0x0000,
 0x0000,
 0x0000,
 0x0000,
 0x0000,
 0x0000,
 0x0000,
 0x0000,
 0x0000,
 0x0000,
 0x0000,
 0x0000,
 0x0000,
 0x0000,
 0x0000,
 0x0000,
 0x0000,
 0x0000,
 0x0000,
 0x0000,
 0x0000,
 0x0000,
 0x0000,
 0x0000,
 0x0000,
 0x0000,
 0x0000,
 0x0000,
 0x0000,
 0x0000,
 0x0000,
 0x0000,
 0x0000,
 0x0000,
 0x0000,
 0x0000,
 0x0000,
 0x0000,
 0x0000,
 0x0000,
 0x0000,
 0x0000,
 0x0000,
 0x0000,
 0x0000,
 0x0000,
 0x0000,
 0x0000,
 0x0000,
 0x0000,
 0x0000,
 0x0000,
 0x0000,
 0x0000,
 0x0000,
 0x0000,
 0x0000,
 0x0000,
 0x0000,
 0x0000,
 0x0000,
 0x0000,
 0x0000,
 0x0000,
 0x0000,
 0x0000,
 0x0000,
 0x0000,
 0x0000,
 0x0000,
 0x0000,
 0x0000,
 0x0000,
 0x0000,
 0x0000,
 0x0000,
 0x0000,
 0x0000,
 0x0000,
 0x0000,
 0x0000,
 0x0000,
 0x0000,
 0x0000,
 0x0000,
 0x0000,
 0x0000,
 0x0000,
 0x0000,
 0x0000,
 0x0000,
 0x0000,
 0x0000,
 0x0000,
 0x0000,
 0x0000,
 0x0000,
 0x0000,
 0x0000,
 0x0000,
 0x0000,
 0x0000,
 0x0000,
 0x0000,
 0x0000,
 0x0000,
 0x021d,
 0x0000,
 0x0000,
 0x0000,
 0x0000,
 0x0000,
 0x0000,
 0x0000,
 0x0000,
 0x0000,
 0x0000,
 0x0000,
 0x0000,
 0x0000,
 0x0000,
 0x0000,
 0x0000,
 0x0000,
 0x0000,
 0x0000,
 0x0000,
 0x0000,
 0x0000,
 0x0000,
 0x0000,
 0x0000,
 0x0000,
 0x0000,
 0x0000,
 0x0000,
 0x0000,
 0x0000,
 0x0000,
 0x0000,
 0x0000,
 0x0000,
 0x0000,
 0x0000,
 0x0000,
 0x0000,
 0x0000,
 0x0000,
 0x0000,
 0x0000,
 0x0000,
 0x0000,
 0x0000,
 0x0000,
 0x0000,
 0x0000,
 0x0000,
 0x0000,
 0x0000,
 0x0000,
 0x0000,
 0x0000,
 0x0000,
 0x0000,
 0x0000,
 0x0000,
 0x0000,
 0x0000,
 0x817a,
 0x8088,
 0x0000,
 0x0000,
 0x0000,
 0x0000,
 0x0000,
 0x0000,
 0x0000,
 0x0000,
 0x0000,
 0x0000,
 0x0000,
 0x0000,
 0x0000,
 0x0000,
 0x0000,
 0x0000,
 0x0000,
 0x0000,
 0x0000,
 0x0000,
 0x0000,
 0x0000,
 0x0000,
 0x0000,
 0x0000,
 0x0000,
 0x0000,
 0x0000,
 0x0000,
 0x0000,
 0x0000,
 0x0000,
 0x0000,
 0x0000,
 0x0000,
 0x0000,
 0x0000,
 0x0000,
 0x0000,
 0x0000,
 0x0000,
 0x0000,
 0x0000,
 0x0000,
 0x0000,
 0x0000,
 0x0000,
 0x0000,
 0x0000,
 0x0000,
 0x0000,
 0x0000,
 0x0000,
 0x0000,
 0x0000,
 0x0000,
 0x0000,
 0x0000,
 0x0000,
 0x0000,
 0x0000,
 0x0000,
 0x0000,
 0x8156,
 0x0000,
 0x0000,
 0x0000,
 0x0000,
 0x0000,
 0x0000,
 0x0000,
 0x0000,
 0x0000,
 0x0000,
 0x0000,
 0x0000,
 0x0000,
 0x0000,
 0x0000,
 0x80c9,
 0x0000,
 0x0000,
 0x0000,
 0x0000,
 0x0000,
 0x0000,
 0x0000,
 0x0000,
 0x0000,
 0x0000,
 0x0000,
 0x0000,
 0x0000,
 0x0000,
 0x0000,
 0x0000,
 0x0000,
 0x0000,
 0x0000,
 0x0000,
 0x0000,
 0x0000,
 0x0000,
 0x0000,
 0x0000,
 0x0000,
 0x0000,
 0x0000,
 0x0000,
 0x0000,
 0x0000,
 0x0000,
 0x0000,
 0x0000,
 0x0000,
 0x0000,
 0x0000,
 0x0000,
 0x0000,
 0x0000,
 0x0000,
 0x0000,
 0x0000,
 0x0000,
 0x0000,
 0x0000,
 0x0000,
 0x0000,
 0x0000,
 0x0000,
 0x0000,
 0x0000,
 0x0000,
 0x0000,
 0x0eb9,
 0x0000,
 0x0000,
 0x0000,
 0x0000,
 0x0000,
 0x0000,
 0x0000,
 0x0000,
 0x0000,
 0x0000,
 0x0000,
 0x0000,
 0x0000,
 0x0000,
 0x0000,
 0x0000,
 0x0000,
 0x0000,
 0x0000,
 0x0000,
 0x0000,
 0x0000,
 0x0000,
 0x0000,
 0x0000,
 0x0000,
 0x0000,
 0x0000,
 0x0000,
 0x0000,
 0x0000,
 0x0000,
 0x0000,
 0x0000,
 0x0000,
 0x0000,
 0x0000,
 0x0000,
 0x0000,
 0x0000,
 0x0000,
 0x0000,
 0x0000,
 0x0000,
 0x0000,
 0x0000,
 0x0000,
 0x0000,
 0x0000,
 0x0000,
 0x0000,
 0x0000,
 0x0000,
 0x0000,
 0x0000,
 0x0000,
 0x0000,
 0x0000,
 0x0000,
 0x0000,
 0x0000,
 0x0000,
 0x0000,
 0x0000,
 0x0000,
 0x0000,
 0x0000,
 0x0000,
 0x0000,
 0x0000,
 0x0000,
 0x0000,
 0x0000,
 0x0000,
 0x0000,
 0x0000,
 0x0000,
 0x0000,
 0x0000,
 0x0000,
 0x0000,
 0x0000,
 0x0000,
 0x0000,
 0x0000,
 0x0000,
 0x0000,
 0x0000,
 0x0000,
 0x0000,
 0x0000,
 0x0000,
 0x0000,
 0x0000,
 0x0000,
 0x0000,
 0x0000,
 0x0000,
 0x0000,
 0x0000,
 0x0000,
 0x0000,
 0x0000,
 0x0000,
 0x0000,
 0x0000,
 0x0000,
 0x0000,
 0x0000,
 0x0000,
 0x0000,
 0x0000,
 0x0000,
 0x0710,
 0x0000,
 0x0000,
 0x0000,
 0x0000,
 0x0000,
 0x0000,
 0x0000,
 0x0000,
 0x0000,
 0x0000,
 0x0000,
 0x0000,
 0x0000,
 0x0000,
 0x0000,
 0x0000,
 0x0000,
 0x0000,
 0x0000,
 0x0000,
 0x0000,
 0x0000,
 0x0000,
 0x0000,
 0x0000,
 0x0000,
 0x0000,
 0x0000,
 0x0000,
 0x0000,
 0x0000,
 0x0000,
 0x0000,
 0x0000,
 0x0000,
 0x0000,
 0x0000,
 0x0000,
 0x0000,
 0x0000,
 0x0000,
 0x0000,
 0x0000,
 0x0000,
 0x0000,
 0x0000,
 0x0000,
 0x0000,
 0x0000,
 0x0000,
 0x0000,
 0x0000,
 0x0000,
 0x0000,
 0x0000,
 0x0000,
 0x0000,
 0x0000,
 0x8092,
 0x0000,
 0x0000,
 0x0000,
 0x0000,
 0x0000,
 0x0000,
 0x0000,
 0x0000,
 0x0000,
 0x0000,
 0x0000,
 0x0000,
 0x0000,
 0x0000,
 0x0000,
 0x0000,
 0x0000,
 0x0000,
 0x0000,
 0x0000,
 0x0000,
 0x0000,
 0x0000,
 0x0000,
 0x0000,
 0x0000,
 0x0000,
 0x0000,
 0x0f3b,
 0x0000,
 0x0000,
 0x0000,
 0x0000,
 0x0000,
 0x0000,
 0x0000,
 0x0000,
 0x0000,
 0x0000,
 0x0000,
 0x0000,
 0x021b,
 0x0000,
 0x0000,
 0x0000,
 0x0000,
 0x0000,
 0x0000,
 0x0000,
 0x0000,
 0x0000,
 0x0000,
 0x0000,
 0x0000,
 0x0000,
 0x0000,
 0x0000,
 0x0000,
 0x0000,
 0x0000,
 0x0000,
 0x0000,
 0x0000,
 0x0000,
 0x0000,
 0x0000,
 0x0000,
 0x0000,
 0x0000,
 0x0000,
 0x0000,
 0x0000,
 0x0000,
 0x0000,
 0x0000,
 0x0000,
 0x0000,
 0x0000,
 0x0000,
 0x0000,
 0x0000,
 0x0000,
 0x0000,
 0x0000,
 0x803e,
 0x0000,
 0x0000,
 0x0000,
 0x0000,
 0x0000,
 0x0000,
 0x0000,
 0x0000,
 0x0000,
 0x0000,
 0x0000,
 0x0000,
 0x0000,
 0x0000,
 0x0000,
 0x0000,
 0x0000,
 0x0000,
 0x8162,
 0x0000,
 0x0000,
 0x0000,
 0x0000,
 0x0000,
 0x0000,
 0x0000,
 0x0000,
 0x0000,
 0x0000,
 0x0000,
 0x0000,
 0x0000,
 0x0000,
 0x0000,
 0x0000,
 0x0000,
 0x0000,
 0x0000,
 0x0000,
 0x0000,
 0x0000,
 0x0000,
 0x0000,
 0x0000,
 0x0000,
 0x0000,
 0x0000,
 0x0000,
 0x0000,
 0x0000,
 0x0000,
 0x0000,
 0x0000,
 0x0000,
 0x0000,
 0x0000,
 0x0000,
 0x0000,
 0x0000,
 0x0000,
 0x0000,
 0x804c,
 0x0000,
 0x0000,
 0x0000,
 0x0000,
 0x0000,
 0x0000,
 0x0000,
 0x0000,
 0x0000,
 0x0000,
 0x0000,
 0x0000,
 0x0000,
 0x0000,
 0x0000,
 0x0000,
 0x0000,
 0x0000,
 0x0000,
 0x0000,
 0x0000,
 0x0000,
 0x0000,
 0x0000,
 0x0000,
 0x0000,
 0x0000,
 0x0000,
 0x0000,
 0x020a,
 0x0000,
 0x0000,
 0x0000,
 0x0000,
 0x0000,
 0x0000,
 0x0000,
 0x0000,
 0x0000,
 0x0000,
 0x0000,
 0x0000,
 0x0000,
 0x0000,
 0x0000,
 0x059b,
 0x0000,
 0x0000,
 0x0000,
 0x0000,
 0x0000,
 0x0000,
 0x0000,
 0x0000,
 0x0000,
 0x0000,
 0x0000,
 0x0000,
 0x0000,
 0x0000,
 0x0000,
 0x0000,
 0x0000,
 0x0000,
 0x0000,
 0x0000,
 0x0000,
 0x0000,
 0x0000,
 0x0000,
 0x0000,
 0x0000,
 0x0000,
 0x0000,
 0x0000,
 0x0000,
 0x0000,
 0x0000,
 0x0000,
 0x0000,
 0x0000,
 0x0000,
 0x0000,
 0x0000,
 0x0000,
 0x0000,
 0x0000,
 0x0000,
 0x0000,
 0x0000,
 0x0000,
 0x0000,
 0x0000,
 0x0000,
 0x0000,
 0x0000,
 0x0000,
 0x0000,
 0x0000,
 0x0000,
 0x0000,
 0x0000,
 0x0000,
 0x0000,
 0x0000,
 0x0000,
 0x0000,
 0x0000,
 0x0000,
 0x0000,
 0x0000,
 0x0000,
 0x0000,
 0x0000,
 0x0000,
 0x0000,
 0x0000,
 0x0000,
 0x0000,
 0x0000,
 0x0000,
 0x0000,
 0x0000,
 0x0000,
 0x0000,
 0x0000,
 0x0000,
 0x0000,
 0x0000,
 0x0000,
 0x0000,
 0x0000,
 0x0000,
 0x0000,
 0x0000,
 0x0000,
 0x0000,
 0x0000,
 0x0000,
 0x0000,
 0x0000,
 0x0000,
 0x0000,
 0x0000,
 0x0000,
 0x0000,
 0x0000,
 0x0000,
 0x0000,
 0x0000,
 0x0000,
 0x0000,
 0x0000,
 0x0000,
 0x0000,
 0x0000,
 0x0000,
 0x0000,
 0x0000,
 0x0000,
 0x0000,
 0x0000,
 0x0000,
 0x0000,
 0x0000,
 0x0000,
 0x0000,
 0x0000,
 0x0000,
 0x0000,
 0x0000,
 0x0000,
 0x0000,
 0x0000,
 0x0000,
 0x0000,
 0x0000,
 0x0000,
 0x0000,
 0x0000,
 0x0000,
 0x0000,
 0x0000,
 0x0000,
 0x0000,
 0x0000,
 0x0000,
 0x0000,
 0x0000,
 0x0000,
 0x0000,
 0x0000,
 0x0000,
 0x0000,
 0x0000,
 0x0000,
 0x0000,
 0x0000,
 0x0000,
 0x0000,
 0x0000,
 0x0000,
 0x0000,
 0x0000,
 0x0000,
 0x0000,
 0x0000,
 0x0000,
 0x0000,
 0x0000,
 0x0000,
 0x0000,
 0x0000,
 0x0000,
 0x0000,
 0x0000,
 0x0000,
 0x0000,
 0x0000,
 0x0000,
 0x0000,
 0x0000,
 0x0000,
 0x0000,
 0x0000,
 0x0000,
 0x0000,
 0x0000,
 0x0000,
 0x0000,
 0x0000,
 0x0000,
 0x0000,
 0x0000,
 0x0000,
 0x10c4,
 0x0000,
 0x0000,
 0x0000,
 0x0000,
 0x0000,
 0x0000,
 0x0000,
 0x0000,
 0x0000,
 0x0000,
 0x0000,
 0x0000,
 0x0000,
 0x0000,
 0x0000,
 0x0000,
 0x0000,
 0x0000,
 0x0000,
 0x0000,
 0x0000,
 0x0000,
 0x0000,
 0x0000,
 0x0000,
 0x0000,
 0x0000,
 0x0000,
 0x0000,
 0x0000,
 0x0000,
 0x0000,
 0x0000,
 0x0000,
 0x0000,
 0x0000,
 0x0000,
 0x0000,
 0x0000,
 0x0000,
 0x0000,
 0x0000,
 0x0000,
 0x0000,
 0x0000,
 0x0000,
 0x0000,
 0x0000,
 0x0000,
 0x0000,
 0x0000,
 0x0000,
 0x0000,
 0x0000,
 0x0000,
 0x0000,
 0x0000,
 0x0000,
 0x0000,
 0x0000,
 0x0000,
 0x0000,
 0x0000,
 0x0000,
 0x0000,
 0x0000,
 0x0000,
 0x0000,
 0x0000,
 0x0000,
 0x0000,
 0x0000,
 0x0000,
 0x0000,
 0x0000,
 0x0000,
 0x0000,
 0x0000,
 0x0000,
 0x0000,
 0x0000,
 0x0000,
 0x0000,
 0x0000,
 0x0000,
 0x0000,
 0x0000,
 0x0388,
 0x0000,
 0x0000,
 0x0000,
 0x0000,
 0x0000,
 0x0000,
 0x0000,
 0x0000,
 0x0000,
 0x0000,
 0x0000,
 0x0dae,
 0x0000,
 0x0000,
 0x0000,
 0x0000,
 0x0000,
 0x0000,
 0x0000,
 0x0000,
 0x0000,
 0x0000,
 0x0000,
 0x0000,
 0x0000,
 0x0000,
 0x0000,
 0x0000,
 0x0000,
 0x0d60,
 0x0000,
 0x0000,
 0x0000,
 0x0000,
 0x0000,
 0x0000,
 0x0000,
 0x0000,
 0x0000,
 0x0000,
 0x0000,
 0x0000,
 0x0000,
 0x0000,
 0x0000,
 0x0000,
 0x0000,
 0x0000,
 0x0000,
 0x0000,
 0x0000,
 0x0000,
 0x0000,
 0x0000,
 0x8151,
 0x0000,
 0x0000,
 0x0000,
 0x0000,
 0x0000,
 0x0000,
 0x0000,
 0x0000,
 0x0000,
 0x0000,
 0x0000,
 0x0000,
 0x0000,
 0x0000,
 0x0000,
 0x0000,
 0x0000,
 0x0000,
 0x0000,
 0x0000,
 0x0000,
 0x0000,
 0x0000,
 0x0000,
 0x0000,
 0x0000,
 0x0000,
 0x0000,
 0x0000,
 0x0000,
 0x0000,
 0x0000,
 0x0000,
 0x0000,
 0x0000,
 0x0000,
 0x0000,
 0x0000,
 0x0000,
 0x0000,
 0x0000,
 0x0000,
 0x0000,
 0x0000,
 0x0000,
 0x0000,
 0x0000,
 0x0000,
 0x0000,
 0x0000,
 0x0000,
 0x0000,
 0x0000,
 0x0000,
 0x0000,
 0x0000,
 0x0000,
 0x0000,
 0x0000,
 0x0000,
 0x0000,
 0x0000,
 0x0000,
 0x0000,
 0x0000,
 0x0000,
 0x0000,
 0x0000,
 0x0000,
 0x0000,
 0x0000,
 0x0000,
 0x0000,
 0x0000,
 0x0000,
 0x0000,
 0x0000,
 0x0000,
 0x0000,
 0x0000,
 0x0000,
 0x0000,
 0x0000,
 0x0000,
 0x0000,
 0x0000,
 0x0000,
 0x0000,
 0x0000,
 0x0000,
 0x0000,
 0x0000,
 0x0000,
 0x0000,
 0x0000,
 0x0000,
 0x0000,
 0x0000,
 0x0000,
 0x0000,
 0x0000,
 0x0000,
 0x0000,
 0x0000,
 0x0000,
 0x0000,
 0x0000,
 0x0000,
 0x0000,
 0x0000,
 0x0000,
 0x0000,
 0x0000,
 0x0000,
 0x0000,
 0x0000,
 0x0000,
 0x0000,
 0x0000,
 0x0000,
 0x0000,
 0x0000,
 0x0000,
 0x0000,
 0x0000,
 0x0000,
 0x0000,
 0x0000,
 0x0000,
 0x0000,
 0x0000,
 0x0000,
 0x0000,
 0x0000,
 0x0000,
 0x0000,
 0x0000,
 0x0000,
 0x0000,
 0x0000,
 0x0000,
 0x0000,
 0x0000,
 0x0000,
 0x0000,
 0x0000,
 0x0000,
 0x0000,
 0x0000,
 0x0a6a,
 0x0000,
 0x0000,
 0x0000,
 0x0000,
 0x0000,
 0x0000,
 0x0000,
 0x0000,
 0x0000,
 0x0000,
 0x0000,
 0x0000,
 0x0000,
 0x0000,
 0x0000,
 0x0000,
 0x0000,
 0x0000,
 0x0000,
 0x0000,
 0x0000,
 0x0000,
 0x0000,
 0x0000,
 0x0000,
 0x0000,
 0x0000,
 0x0000,
 0x0000,
 0x802f,
 0x0000,
 0x0000,
 0x0000,
 0x0000,
 0x0000,
 0x0000,
 0x0000,
 0x0000,
 0x0000,
 0x0000,
 0x0000,
 0x0000,
 0x0000,
 0x0000,
 0x0000,
 0x0000,
 0x0000,
 0x0000,
 0x0000,
 0x0000,
 0x0000,
 0x0000,
 0x0000,
 0x0000,
 0x0000,
 0x0000,
 0x0000,
 0x0000,
 0x0000,
 0x0000,
 0x0000,
 0x0000,
 0x0000,
 0x0000,
 0x0000,
 0x0000,
 0x0000,
 0x0000,
 0x0ebb,
 0x0000,
 0x0000,
 0x0000,
 0x0000,
 0x0000,
 0x0000,
 0x0000,
 0x0000,
 0x0000,
 0x0000,
 0x0000,
 0x0000,
 0x0000,
 0x0000,
 0x0000,
 0x0000,
 0x0000,
 0x0000,
 0x0000,
 0x0000,
 0x0000,
 0x0000,
 0x0000,
 0x0000,
 0x0000,
 0x0000,
 0x0000,
 0x0000,
 0x0000,
 0x0000,
 0x0000,
 0x0000,
 0x0000,
 0x0000,
 0x0000,
 0x0000,
 0x0000,
 0x0000,
 0x0000,
 0x0000,
 0x0000,
 0x0000,
 0x0000,
 0x0000,
 0x0000,
 0x0000,
 0x0000,
 0x0000,
 0x0000,
 0x0000,
 0x0000,
 0x0000,
 0x0000,
 0x0000,
 0x0000,
 0x0000,
 0x0000,
 0x0000,
 0x0000,
 0x0000,
 0x0000,
 0x0000,
 0x800b,
 0x0000,
 0x0000,
 0x0000,
 0x0000,
 0x0000,
 0x0000,
 0x0000,
 0x0000,
 0x0000,
 0x0000,
 0x0000,
 0x0000,
 0x0000,
 0x0000,
 0x0000,
 0x0000,
 0x0000,
 0x0000,
 0x0000,
 0x0000,
 0x0000,
 0x0000,
 0x0000,
 0x0000,
 0x0000,
 0x0000,
 0x0000,
 0x0000,
 0x0000,
 0x0000,
 0x0000,
 0x0000,
 0x0000,
 0x0000,
 0x0000,
 0x0000,
 0x0000,
 0x0000,
 0x0000,
 0x0000,
 0x809c,
 0x0000,
 0x0000,
 0x0000,
 0x0000,
 0x0000,
 0x0000,
 0x0000,
 0x0000,
 0x0000,
 0x0000,
 0x0000,
 0x0000,
 0x0000,
 0x0000,
 0x0000,
 0x0000,
 0x0000,
 0x0000,
 0x0000,
 0x0000,
 0x0000,
 0x0000,
 0x0000,
 0x0000,
 0x0000,
 0x0000,
 0x0000,
 0x0000,
 0x0000,
 0x0000,
 0x0000,
 0x0000,
 0x0000,
 0x0000,
 0x0000,
 0x0000,
 0x0000,
 0x0000,
 0x0000,
 0x0000,
 0x0000,
 0x0000,
 0x0000,
 0x0000,
 0x0000,
 0x0000,
 0x0000,
 0x0000,
 0x0000,
 0x0000,
 0x0000,
 0x0000,
 0x0000,
 0x0000,
 0x0000,
 0x0000,
 0x0000,
 0x0000,
 0x0000,
 0x0000,
 0x0000,
 0x0000,
 0x0000,
 0x0000,
 0x0000,
 0x0000,
 0x0000,
 0x0000,
 0x0000,
 0x0000,
 0x0000,
 0x0a14,
 0x0000,
 0x0000,
 0x0000,
 0x0000,
 0x0000,
 0x0000,
 0x0000,
 0x0000,
 0x0000,
 0x0000,
 0x0000,
 0x0000,
 0x0000,
 0x0000,
 0x0000,
 0x0000,
 0x0000,
 0x0000,
 0x0000,
 0x0000,
 0x0000,
 0x0000,
 0x0000,
 0x0000,
 0x0000,
 0x0000,
 0x0000,
 0x0000,
 0x0000,
 0x0000,
 0x07a5,
 0x0000,
 0x0000,
 0x0000,
 0x0000,
 0x0000,
 0x0000,
 0x0000,
 0x0000,
 0x0000,
 0x0000,
 0x0000,
 0x0000,
 0x0000,
 0x0000,
 0x0000,
 0x0000,
 0x0000,
 0x0000,
 0x0000,
 0x0000,
 0x0000,
 0x0000,
 0x0000,
 0x0000,
 0x0000,
 0x0000,
 0x0000,
 0x0000,
 0x0000,
 0x0000,
 0x0000,
 0x0000,
 0x0000,
 0x0000,
 0x0000,
 0x0000,
 0x0000,
 0x0000,
 0x0000,
 0x0000,
 0x0000,
 0x0000,
 0x0000,
 0x0000,
 0x0000,
 0x0000,
 0x0000,
 0x0000,
 0x0000,
 0x0db4,
 0x0000,
 0x0000,
 0x0000,
 0x0000,
 0x0000,
 0x0000,
 0x0000,
 0x0000,
 0x0000,
 0x0000,
 0x0000,
 0x0000,
 0x0000,
 0x0000,
 0x0000,
 0x0000,
 0x0000,
 0x0000,
 0x0000,
 0x0000,
 0x0000,
 0x0000,
 0x0000,
 0x0000,
 0x0000,
 0x0000,
 0x0a4b,
 0x0000,
 0x0000,
 0x0000,
 0x0000,
 0x0000,
 0x0000,
 0x0000,
 0x0000,
 0x0000,
 0x0000,
 0x0000,
 0x0000,
 0x0000,
 0x0000,
 0x0000,
 0x0000,
 0x0000,
 0x0000,
 0x0000,
 0x0000,
 0x0000,
 0x0206,
 0x0000,
 0x0000,
 0x0000,
 0x0000,
 0x8032,
 0x0000,
 0x0000,
 0x0000,
 0x0000,
 0x0000,
 0x0000,
 0x0000,
 0x0000,
 0x0000,
 0x0000,
 0x0000,
 0x0000,
 0x0000,
 0x0000,
 0x0000,
 0x0000,
 0x0000,
 0x0000,
 0x0000,
 0x0000,
 0x0000,
 0x0000,
 0x0000,
 0x0000,
 0x0000,
 0x0000,
 0x0000,
 0x0000,
 0x0000,
 0x0000,
 0x0000,
 0x0000,
 0x0000,
 0x0000,
 0x0000,
 0x0000,
 0x0000,
 0x0000,
 0x0000,
 0x0000,
 0x0000,
 0x0000,
 0x0000,
 0x0000,
 0x0000,
 0x0000,
 0x0000,
 0x0000,
 0x0000,
 0x0000,
 0x0000,
 0x0000,
 0x0000,
 0x0000,
 0x0000,
 0x0000,
 0x0000,
 0x0000,
 0x0000,
 0x0000,
 0x0000,
 0x0000,
 0x0000,
 0x0000,
 0x0000,
 0x0000,
 0x0000,
 0x0000,
 0x0000,
 0x0000,
 0x0000,
 0x0000,
 0x0000,
 0x0000,
 0x0000,
 0x0000,
 0x0000,
 0x0000,
 0x0000,
 0x0000,
 0x0000,
 0x0000,
 0x0000,
 0x0000,
 0x0000,
 0x0000,
 0x0000,
 0x0000,
 0x0000,
 0x0000,
 0x0000,
 0x0000,
 0x0000,
 0x0000,
 0x0000,
 0x0000,
 0x0000,
 0x0000,
 0x0000,
 0x0000,
 0x0000,
 0x0000,
 0x0000,
 0x0000,
 0x0000,
 0x0000,
 0x0000,
 0x0000,
 0x0000,
 0x0000,
 0x0000,
 0x0000,
 0x0d58,
 0x0000,
 0x0000,
 0x0000,
 0x011d,
 0x0000,
 0x0000,
 0x0000,
 0x0000,
 0x0000,
 0x0000,
 0x0000,
 0x0000,
 0x0000,
 0x0000,
 0x0000,
 0x0000,
 0x0000,
 0x0000,
 0x0000,
 0x0000,
 0x0000,
 0x0000,
 0x0000,
 0x0000,
 0x0000,
 0x0000,
 0x0000,
 0x0000,
 0x0000,
 0x0000,
 0x0000,
 0x0000,
 0x0000,
 0x0000,
 0x0000,
 0x0000,
 0x0000,
 0x0000,
 0x0000,
 0x0000,
 0x0000,
 0x0000,
 0x0000,
 0x0000,
 0x0000,
 0x0000,
 0x0000,
 0x0000,
 0x0000,
 0x0000,
 0x0000,
 0x0000,
 0x0000,
 0x0000,
 0x0000,
 0x0000,
 0x0000,
 0x0000,
 0x0000,
 0x0000,
 0x8084,
 0x0000,
 0x0000,
 0x0000,
 0x0000,
 0x0000,
 0x06ba,
 0x0000,
 0x0000,
 0x0000,
 0x0000,
 0x0000,
 0x0000,
 0x0000,
 0x0000,
 0x0000,
 0x0000,
 0x0000,
 0x0000,
 0x0000,
 0x0000,
 0x0000,
 0x0000,
 0x0000,
 0x0000,
 0x0000,
 0x0000,
 0x0000,
 0x0000,
 0x0000,
 0x0000,
 0x0d69,
 0x0000,
 0x0000,
 0x0000,
 0x0000,
 0x0000,
 0x0000,
 0x0000,
 0x0000,
 0x0000,
 0x0000,
 0x0000,
 0x0000,
 0x0000,
 0x0000,
 0x0000,
 0x0000,
 0x0000,
 0x10c2,
 0x0000,
 0x0d74,
 0x0000,
 0x0000,
 0x0000,
 0x0000,
 0x0000,
 0x0000,
 0x0000,
 0x0000,
 0x0000,
 0x0000,
 0x0000,
 0x0000,
 0x0000,
 0x0000,
 0x0000,
 0x0000,
 0x0000,
 0x0000,
 0x0000,
 0x0000,
 0x0000,
 0x0000,
 0x0000,
 0x0000,
 0x0000,
 0x0000,
 0x0000,
 0x0000,
 0x0000,
 0x0000,
 0x0000,
 0x0000,
 0x0000,
 0x0000,
 0x0000,
 0x0000,
 0x0000,
 0x0000,
 0x0000,
 0x0000,
 0x0000,
 0x0000,
 0x0000,
 0x0000,
 0x0000,
 0x0000,
 0x0000,
 0x0000,
 0x0000,
 0x0000,
 0x0000,
 0x0000,
 0x0000,
 0x0000,
 0x0000,
 0x0000,
 0x0000,
 0x0000,
 0x80d9,
 0x0000,
 0x0000,
 0x0000,
 0x0000,
 0x0000,
 0x0000,
 0x0000,
 0x0000,
 0x0000,
 0x0000,
 0x0000,
 0x0000,
 0x0000,
 0x0000,
 0x0000,
 0x0000,
 0x0000,
 0x0000,
 0x0000,
 0x0000,
 0x0000,
 0x0000,
 0x0000,
 0x0000,
 0x0000,
 0x0000,
 0x0000,
 0x0000,
 0x0000,
 0x0000,
 0x0000,
 0x0000,
 0x0000,
 0x0000,
 0x0000,
 0x0000,
 0x0000,
 0x0000,
 0x0000,
 0x0000,
 0x0000,
 0x0000,
 0x0000,
 0x0000,
 0x0000,
 0x0000,
 0x0000,
 0x0000,
 0x0000,
 0x0000,
 0x0000,
 0x0000,
 0x0000,
 0x0000,
 0x0000,
 0x0000,
 0x0000,
 0x0000,
 0x0000,
 0x0000,
 0x0000,
 0x0000,
 0x0000,
 0x0000,
 0x0000,
 0x0000,
 0x0000,
 0x0000,
 0x0000,
 0x0000,
 0x0000,
 0x0000,
 0x0000,
 0x0000,
 0x0000,
 0x0000,
 0x0000,
 0x0000,
 0x0000,
 0x0000,
 0x0000,
 0x0000,
 0x8070,
 0x0000,
 0x0000,
 0x0000,
 0x0000,
 0x0000,
 0x0000,
 0x0000,
 0x0000,
 0x0000,
 0x0000,
 0x0000,
 0x0000,
 0x0000,
 0x0000,
 0x0000,
 0x0000,
 0x0000,
 0x0000,
 0x0000,
 0x0000,
 0x0000,
 0x0000,
 0x0000,
 0x0000,
 0x0000,
 0x0000,
 0x0000,
 0x0000,
 0x0000,
 0x0000,
 0x0000,
 0x0000,
 0x0000,
 0x0000,
 0x0000,
 0x0000,
 0x0000,
 0x0000,
 0x0000,
 0x0000,
 0x0000,
 0x0000,
 0x0000,
 0x0000,
 0x0000,
 0x0000,
 0x0000,
 0x0000,
 0x0000,
 0x0000,
 0x0000,
 0x0000,
 0x0a4f,
 0x1079,
 0x0000,
 0x0000,
 0x0000,
 0x0000,
 0x0000,
 0x0000,
 0x0000,
 0x0000,
 0x0000,
 0x0000,
 0x0000,
 0x0000,
 0x0000,
 0x000f,
 0x0000,
 0x0000,
 0x0000,
 0x0000,
 0x0000,
 0x0000,
 0x0000,
 0x0000,
 0x0000,
 0x0000,
 0x0000,
 0x0000,
 0x0000,
 0x0000,
 0x0000,
 0x0000,
 0x0000,
 0x0000,
 0x0000,
 0x0000,
 0x0000,
 0x0000,
 0x0000,
 0x0000,
 0x0000,
 0x0000,
 0x0000,
 0x0000,
 0x0000,
 0x0000,
 0x809f,
 0x0000,
 0x0000,
 0x0000,
 0x0000,
 0x0000,
 0x0000,
 0x0000,
 0x0000,
 0x0000,
 0x0000,
 0x0000,
 0x0000,
 0x0000,
 0x0000,
 0x0000,
 0x0000,
 0x0000,
 0x0000,
 0x0000,
 0x0000,
 0x0000,
 0x0000,
 0x0000,
 0x0000,
 0x0000,
 0x0000,
 0x0000,
 0x0000,
 0x0000,
 0x0000,
 0x0000,
 0x0000,
 0x0000,
 0x0000,
 0x0000,
 0x0000,
 0x0000,
 0x0000,
 0x0000,
 0x0000,
 0x0000,
 0x0000,
 0x07ab,
 0x0000,
 0x0000,
 0x0000,
 0x0000,
 0x0000,
 0x0000,
 0x0000,
 0x0000,
 0x0000,
 0x0000,
 0x0000,
 0x0000,
 0x0000,
 0x0000,
 0x0000,
 0x0000,
 0x0000,
 0x0000,
 0x0000,
 0x0000,
 0x0000,
 0x0000,
 0x0000,
 0x0000,
 0x0000,
 0x0000,
 0x0000,
 0x0000,
 0x0000,
 0x0000,
 0x0000,
 0x804a,
 0x0000,
 0x0000,
 0x0000,
 0x0000,
 0x0000,
 0x0000,
 0x0000,
 0x0000,
 0x0000,
 0x0000,
 0x0000,
 0x0000,
 0x0000,
 0x0000,
 0x0000,
 0x0000,
 0x0000,
 0x0000,
 0x0000,
 0x0000,
 0x0000,
 0x0000,
 0x0000,
 0x0000,
 0x0000,
 0x0000,
 0x0000,
 0x0000,
 0x0000,
 0x0000,
 0x0000,
 0x0000,
 0x0000,
 0x0000,
 0x0000,
 0x0000,
 0x0000,
 0x0000,
 0x0f30,
 0x0000,
 0x0000,
 0x0000,
 0x0000,
 0x06ee,
 0x0000,
 0x0000,
 0x0000,
 0x0000,
 0x0000,
 0x0000,
 0x0000,
 0x0000,
 0x0000,
 0x0000,
 0x0000,
 0x0000,
 0x0000,
 0x0000,
 0x0000,
 0x0000,
 0x0000,
 0x0000,
 0x0000,
 0x0000,
 0x0000,
 0x0000,
 0x0000,
 0x0000,
 0x0000,
 0x0000,
 0x0000,
 0x0000,
 0x0000,
 0x0000,
 0x0000,
 0x0000,
 0x0000,
 0x0000,
 0x0000,
 0x0000,
 0x0000,
 0x0000,
 0x0000,
 0x0000,
 0x0000,
 0x0000,
 0x0000,
 0x0000,
 0x0000,
 0x0000,
 0x0000,
 0x0000,
 0x0000,
 0x0000,
 0x0000,
 0x0000,
 0x0000,
 0x0000,
 0x0000,
 0x0000,
 0x0000,
 0x0000,
 0x0000,
 0x0000,
 0x0000,
 0x0000,
 0x0000,
 0x0000,
 0x0000,
 0x8098,
 0x0000,
 0x0000,
 0x0000,
 0x0000,
 0x0000,
 0x0000,
 0x0000,
 0x0000,
 0x0000,
 0x0000,
 0x0000,
 0x0000,
 0x0000,
 0x0000,
 0x0000,
 0x0000,
 0x0000,
 0x0000,
 0x0000,
 0x8050,
 0x0000,
 0x0000,
 0x0000,
 0x0000,
 0x0000,
 0x0000,
 0x0000,
 0x0000,
 0x0000,
 0x0000,
 0x0000,
 0x0000,
 0x0000,
 0x0000,
 0x0000,
 0x0000,
 0x0000,
 0x0000,
 0x0000,
 0x0000,
 0x0000,
 0x0000,
 0x0000,
 0x0000,
 0x0000,
 0x0000,
 0x0000,
 0x0000,
 0x0000,
 0x0000,
 0x0000,
 0x0000,
 0x0000,
 0x0000,
 0x0000,
 0x0000,
 0x0000,
 0x0000,
 0x0000,
 0x0000,
 0x0000,
 0x0000,
 0x0000,
 0x0000,
 0x0000,
 0x0000,
 0x0000,
 0x0000,
 0x0000,
 0x0000,
 0x0000,
 0x0000,
 0x0000,
 0x0000,
 0x0000,
 0x0000,
 0x0000,
 0x0000,
 0x0000,
 0x0000,
 0x0000,
 0x0000,
 0x0000,
 0x0000,
 0x0000,
 0x0000,
 0x0000,
 0x0000,
 0x0000,
 0x0000,
 0x0000,
 0x0000,
 0x0000,
 0x0000,
 0x0000,
 0x0000,
 0x0000,
 0x0000,
 0x0000,
 0x0000,
 0x0000,
 0x0000,
 0x0000,
 0x0000,
 0x0000,
 0x0000,
 0x0000,
 0x0000,
 0x0000,
 0x0000,
 0x0000,
 0x0000,
 0x0000,
 0x0000,
 0x0000,
 0x8061,
 0x0000,
 0x0000,
 0x0000,
 0x0000,
 0x0000,
 0x0000,
 0x0000,
 0x0000,
 0x0000,
 0x0000,
 0x0000,
 0x0000,
 0x0000,
 0x0000,
 0x0dac,
 0x0000,
 0x0000,
 0x0000,
 0x0000,
 0x0000,
 0x0000,
 0x0000,
 0x0000,
 0x0000,
 0x0000,
 0x0000,
 0x0000,
 0x0000,
 0x0000,
 0x0000,
 0x0000,
 0x0000,
 0x0000,
 0x0000,
 0x0000,
 0x0000,
 0x0000,
 0x0db0,
 0x0000,
 0x0000,
 0x0000,
 0x0000,
 0x0000,
 0x0000,
 0x0000,
 0x0000,
 0x0000,
 0x0000,
 0x0000,
 0x0000,
 0x0000,
 0x0000,
 0x0000,
 0x0000,
 0x0f2c,
 0x0000,
 0x0000,
 0x0000,
 0x0000,
 0x0000,
 0x0000,
 0x0000,
 0x0000,
 0x0000,
 0x0000,
 0x0000,
 0x0000,
 0x0000,
 0x0000,
 0x0000,
 0x0000,
 0x0000,
 0x0000,
 0x0000,
 0x0000,
 0x0000,
 0x0000,
 0x0000,
 0x0000,
 0x0e3f,
 0x0000,
 0x0000,
 0x0000,
 0x0000,
 0x0000,
 0x0000,
 0x0000,
 0x0000,
 0x0000,
 0x0000,
 0x0000,
 0x0000,
 0x0000,
 0x0000,
 0x0000,
 0x0000,
 0x0000,
 0x0000,
 0x0000,
 0x0000,
 0x0000,
 0x0000,
 0x0000,
 0x0000,
 0x07a9,
 0x0000,
 0x0000,
 0x0000,
 0x0000,
 0x0000,
 0x0000,
 0x0000,
 0x0000,
 0x0000,
 0x0000,
 0x0000,
 0x0000,
 0x0000,
 0x0000,
 0x0000,
 0x0000,
 0x0000,
 0x0000,
 0x0000,
 0x0000,
 0x0000,
 0x0000,
 0x0000,
 0x0000,
 0x0000,
 0x0000,
 0x0000,
 0x0000,
 0x0000,
 0x0000,
 0x0000,
 0x0000,
 0x0000,
 0x0000,
 0x03d5,
 0x0000,
 0x0000,
 0x0000,
 0x0000,
 0x0000,
 0x0000,
 0x0000,
 0x0000,
 0x0000,
 0x0000,
 0x0000,
 0x0000,
 0x0000,
 0x0000,
 0x0000,
 0x0000,
 0x0000,
 0x0000,
 0x0000,
 0x0000,
 0x0000,
 0x0000,
 0x0000,
 0x0000,
 0x8018,
 0x0000,
 0x0000,
 0x0000,
 0x0000,
 0x0000,
 0x0000,
 0x80ac,
 0x0000,
 0x0000,
 0x0000,
 0x0000,
 0x0000,
 0x0000,
 0x0000,
 0x0000,
 0x0000,
 0x0000,
 0x0000,
 0x0000,
 0x0000,
 0x0000,
 0x0000,
 0x0000,
 0x0000,
 0x0000,
 0x0000,
 0x0000,
 0x0000,
 0x0000,
 0x0000,
 0x0000,
 0x0000,
 0x0000,
 0x0000,
 0x0000,
 0x0000,
 0x0000,
 0x0000,
 0x0000,
 0x0000,
 0x0000,
 0x0000,
 0x043f,
 0x0000,
 0x0000,
 0x0000,
 0x0000,
 0x0000,
 0x0000,
 0x80d1,
 0x0000,
 0x0000,
 0x0000,
 0x0000,
 0x0000,
 0x0000,
 0x0000,
 0x0000,
 0x0000,
 0x0000,
 0x0000,
 0x0000,
 0x0000,
 0x0000,
 0x0000,
 0x0000,
 0x0000,
 0x0000,
 0x0000,
 0x0000,
 0x0000,
 0x0000,
 0x0000,
 0x0000,
 0x0000,
 0x0000,
 0x0000,
 0x0000,
 0x0000,
 0x0000,
 0x0000,
 0x0000,
 0x0000,
 0x0000,
 0x0000,
 0x0000,
 0x0000,
 0x0000,
 0x0000,
 0x0000,
 0x0000,
 0x0000,
 0x0000,
 0x0000,
 0x0000,
 0x0000,
 0x0000,
 0x0000,
 0x0000,
 0x0000,
 0x0000,
 0x0000,
 0x0000,
 0x0000,
 0x0000,
 0x0000,
 0x0000,
 0x0000,
 0x0000,
 0x0000,
 0x0000,
 0x0000,
 0x0000,
 0x0000,
 0x0000,
 0x0000,
 0x8062,
 0x0000,
 0x0000,
 0x0000,
 0x0000,
 0x0000,
 0x0000,
 0x0000,
 0x0000,
 0x0000,
 0x0000,
 0x0000,
 0x0000,
 0x0000,
 0x0000,
 0x0000,
 0x0000,
 0x0000,
 0x0000,
 0x0000,
 0x0000,
 0x0000,
 0x0000,
 0x0000,
 0x0000,
 0x0000,
 0x0000,
 0x0000,
 0x0000,
 0x0000,
 0x0000,
 0x0000,
 0x0000,
 0x0000,
 0x0000,
 0x0000,
 0x0000,
 0x0000,
 0x0000,
 0x0000,
 0x0000,
 0x0a68,
 0x0000,
 0x0000,
 0x0000,
 0x0000,
 0x0000,
 0x0000,
 0x0000,
 0x0000,
 0x0000,
 0x0000,
 0x0000,
 0x0000,
 0x0000,
 0x0000,
 0x0000,
 0x0000,
 0x0000,
 0x0000,
 0x0000,
 0x0000,
 0x0000,
 0x0000,
 0x0000,
 0x0000,
 0x0000,
 0x0000,
 0x0000,
 0x0000,
 0x0000,
 0x0000,
 0x0000,
 0x0000,
 0x0000,
 0x0000,
 0x0000,
 0x0000,
 0x0000,
 0x0000,
 0x0000,
 0x0000,
 0x0000,
 0x0000,
 0x0000,
 0x0000,
 0x0000,
 0x0000,
 0x0000,
 0x0000,
 0x0000,
 0x0000,
 0x0000,
 0x0000,
 0x0000,
 0x0000,
 0x0000,
 0x0000,
 0x0000,
 0x0000,
 0x0000,
 0x0000,
 0x0000,
 0x0000,
 0x0000,
 0x0000,
 0x0000,
 0x0000,
 0x0000,
 0x0000,
 0x0000,
 0x0000,
 0x0000,
 0x0000,
 0x0000,
 0x0000,
 0x0000,
 0x0000,
 0x0000,
 0x0000,
 0x0000,
 0x0000,
 0x813e,
 0x0000,
 0x0000,
 0x0000,
 0x0000,
 0x0000,
 0x0000,
 0x0000,
 0x0000,
 0x0000,
 0x0000,
 0x0000,
 0x0000,
 0x0000,
 0x0a20,
 0x0000,
 0x0000,
 0x0000,
 0x0000,
 0x0000,
 0x0000,
 0x0000,
 0x0000,
 0x0000,
 0x0000,
 0x0000,
 0x0000,
 0x0000,
 0x0000,
 0x0000,
 0x0000,
 0x0000,
 0x0000,
 0x0000,
 0x0000,
 0x0000,
 0x0000,
 0x0000,
 0x0000,
 0x0000,
 0x0000,
 0x0000,
 0x0000,
 0x0000,
 0x0000,
 0x0000,
 0x0000,
 0x0000,
 0x0000,
 0x0000,
 0x0000,
 0x0000,
 0x0000,
 0x0000,
 0x0000,
 0x0000,
 0x0a1c,
 0x0000,
 0x0000,
 0x0000,
 0x06d9,
 0x0000,
 0x0000,
 0x0000,
 0x0000,
 0x0000,
 0x0000,
 0x0000,
 0x0000,
 0x0000,
 0x0000,
 0x0000,
 0x0000,
 0x0000,
 0x0000,
 0x0000,
 0x0000,
 0x0000,
 0x0000,
 0x0000,
 0x0000,
 0x0000,
 0x0000,
 0x0000,
 0x0000,
 0x0000,
 0x0000,
 0x0000,
 0x0000,
 0x0000,
 0x0000,
 0x0000,
 0x0000,
 0x0000,
 0x0000,
 0x0000,
 0x0000,
 0x0000,
 0x0000,
 0x0000,
 0x0000,
 0x0000,
 0x0000,
 0x0000,
 0x0000,
 0x0000,
 0x0000,
 0x0000,
 0x0000,
 0x0000,
 0x0000,
 0x0000,
 0x0000,
 0x0000,
 0x0000,
 0x0000,
 0x0000,
 0x0000,
 0x0000,
 0x0000,
 0x0000,
 0x0000,
 0x0000,
 0x0000,
 0x0000,
 0x0000,
 0x0000,
 0x0000,
 0x0000,
 0x0000,
 0x0000,
 0x0000,
 0x0000,
 0x0000,
 0x0000,
 0x0000,
 0x0000,
 0x0000,
 0x0000,
 0x0000,
 0x0000,
 0x0000,
 0x0000,
 0x0000,
 0x0000,
 0x0000,
 0x0000,
 0x0000,
 0x0000,
 0x0000,
 0x0000,
 0x0000,
 0x0000,
 0x0000,
 0x0000,
 0x0000,
 0x0000,
 0x0000,
 0x0000,
 0x0000,
 0x0000
};
#endif
