#ifndef MSPM_HASH_TABLE1_H
#define MSPM_HASH_TABLE1_H
#define MSPM_HASH_TABLE1_WIDTH (16)
#define MSPM_HASH_TABLE1_DEPTH (16384)
#define MSPM_HASH_TABLE1_LGDEPTH (14)


#define MSPM_HASH_TABLE1_MAXLGDEPTH (14)


#if SPUMP_PRGMA
[[intel::singlepump]]
#endif
#if DPUMP_PRGMA
[[intel::doublepump]]
#endif
#if DPORT_PRGMA
[[intel::simple_dual_port]]
#endif
const static unsigned short MSPM_HASH_TABLE1[16384] = {
 0x0000,
 0x0000,
 0x0000,
 0x0000,
 0x0000,
 0x0000,
 0x0000,
 0x0000,
 0x0000,
 0x0000,
 0x0000,
 0x0000,
 0x0000,
 0x0000,
 0x801c,
 0x0000,
 0x0000,
 0x0000,
 0x0000,
 0x0208,
 0x0000,
 0x0000,
 0x0000,
 0x0000,
 0x0000,
 0x0000,
 0x0000,
 0x0000,
 0x0000,
 0x0000,
 0x0000,
 0x0000,
 0x0000,
 0x0000,
 0x0000,
 0x0000,
 0x0000,
 0x0000,
 0x0000,
 0x0000,
 0x0000,
 0x0000,
 0x0000,
 0x0000,
 0x0000,
 0x0000,
 0x0000,
 0x0000,
 0x0000,
 0x0000,
 0x0000,
 0x0000,
 0x0542,
 0x0000,
 0x0000,
 0x0000,
 0x0000,
 0x0000,
 0x0000,
 0x0000,
 0x059c,
 0x0000,
 0x0000,
 0x0000,
 0x0000,
 0x0000,
 0x0000,
 0x0000,
 0x0000,
 0x0000,
 0x0000,
 0x0000,
 0x0000,
 0x0000,
 0x0000,
 0x0000,
 0x0000,
 0x0000,
 0x0000,
 0x0000,
 0x0000,
 0x0000,
 0x0000,
 0x0000,
 0x0000,
 0x0ebc,
 0x0000,
 0x0000,
 0x0000,
 0x0000,
 0x0000,
 0x0000,
 0x0000,
 0x0000,
 0x0000,
 0x0000,
 0x0000,
 0x0000,
 0x0000,
 0x06b9,
 0x0000,
 0x0000,
 0x0000,
 0x0000,
 0x0000,
 0x0000,
 0x0000,
 0x0000,
 0x0000,
 0x0000,
 0x0000,
 0x0000,
 0x0000,
 0x0000,
 0x0000,
 0x0000,
 0x0000,
 0x0000,
 0x0000,
 0x0000,
 0x0000,
 0x0000,
 0x0000,
 0x0000,
 0x0000,
 0x0000,
 0x0000,
 0x0000,
 0x0000,
 0x0000,
 0x0000,
 0x0000,
 0x0000,
 0x0000,
 0x0000,
 0x0000,
 0x0000,
 0x0000,
 0x0000,
 0x0000,
 0x0000,
 0x0000,
 0x0000,
 0x0000,
 0x0000,
 0x0000,
 0x0000,
 0x0000,
 0x0000,
 0x0000,
 0x0000,
 0x0000,
 0x0000,
 0x0000,
 0x0000,
 0x0000,
 0x0000,
 0x0000,
 0x0000,
 0x0000,
 0x0000,
 0x0000,
 0x0000,
 0x0000,
 0x0000,
 0x0000,
 0x0000,
 0x0000,
 0x0000,
 0x0369,
 0x0000,
 0x0000,
 0x0000,
 0x0000,
 0x0000,
 0x0000,
 0x0000,
 0x0000,
 0x0000,
 0x0000,
 0x0000,
 0x0000,
 0x0000,
 0x0000,
 0x0000,
 0x0000,
 0x0000,
 0x0000,
 0x0000,
 0x0000,
 0x0000,
 0x0000,
 0x0000,
 0x0000,
 0x0000,
 0x0000,
 0x0000,
 0x0000,
 0x0000,
 0x0000,
 0x0000,
 0x0000,
 0x0000,
 0x0000,
 0x0000,
 0x0000,
 0x0000,
 0x0000,
 0x0000,
 0x0000,
 0x0000,
 0x0000,
 0x0000,
 0x0000,
 0x0000,
 0x0000,
 0x0000,
 0x0000,
 0x0000,
 0x0000,
 0x0000,
 0x0000,
 0x0000,
 0x0000,
 0x0000,
 0x0000,
 0x0000,
 0x0000,
 0x0000,
 0x0000,
 0x0000,
 0x0000,
 0x0000,
 0x0000,
 0x0000,
 0x0000,
 0x0000,
 0x0000,
 0x810e,
 0x0000,
 0x0000,
 0x0000,
 0x0000,
 0x0000,
 0x0000,
 0x0000,
 0x0000,
 0x0000,
 0x0000,
 0x0000,
 0x0000,
 0x0000,
 0x0000,
 0x0000,
 0x0000,
 0x0000,
 0x0000,
 0x0000,
 0x0000,
 0x0000,
 0x0000,
 0x0000,
 0x0000,
 0x0000,
 0x0000,
 0x0000,
 0x0000,
 0x0000,
 0x0000,
 0x80cb,
 0x0000,
 0x0000,
 0x0000,
 0x0000,
 0x0000,
 0x10bd,
 0x0000,
 0x0000,
 0x0000,
 0x0000,
 0x0000,
 0x0000,
 0x0000,
 0x0000,
 0x0000,
 0x0000,
 0x0000,
 0x0000,
 0x0000,
 0x0000,
 0x0000,
 0x0000,
 0x0000,
 0x0000,
 0x0000,
 0x0000,
 0x0000,
 0x0000,
 0x0000,
 0x0000,
 0x0000,
 0x0000,
 0x0000,
 0x0000,
 0x0000,
 0x0000,
 0x0000,
 0x0000,
 0x0000,
 0x0000,
 0x0000,
 0x0000,
 0x0000,
 0x0000,
 0x0000,
 0x0000,
 0x0000,
 0x0000,
 0x0000,
 0x0000,
 0x0000,
 0x0000,
 0x0000,
 0x0000,
 0x0000,
 0x0000,
 0x0000,
 0x0000,
 0x0000,
 0x809d,
 0x0000,
 0x0000,
 0x0000,
 0x0000,
 0x0000,
 0x0000,
 0x0000,
 0x0000,
 0x0000,
 0x0000,
 0x0000,
 0x0000,
 0x0000,
 0x0000,
 0x0000,
 0x0000,
 0x0000,
 0x0000,
 0x0000,
 0x0000,
 0x0000,
 0x0000,
 0x0000,
 0x0000,
 0x0000,
 0x0000,
 0x0000,
 0x0000,
 0x0000,
 0x0000,
 0x0000,
 0x0000,
 0x0000,
 0x0000,
 0x0000,
 0x0000,
 0x0000,
 0x0000,
 0x0000,
 0x0000,
 0x0000,
 0x0000,
 0x0000,
 0x0000,
 0x0000,
 0x0000,
 0x0000,
 0x0000,
 0x0000,
 0x0000,
 0x0000,
 0x0000,
 0x0000,
 0x0000,
 0x0000,
 0x80d2,
 0x0000,
 0x0000,
 0x0000,
 0x0000,
 0x0000,
 0x0000,
 0x0000,
 0x0000,
 0x0000,
 0x80c1,
 0x0000,
 0x0000,
 0x0000,
 0x0000,
 0x0000,
 0x0000,
 0x0000,
 0x0000,
 0x0000,
 0x0000,
 0x0000,
 0x0000,
 0x0000,
 0x0000,
 0x0000,
 0x0000,
 0x0000,
 0x0000,
 0x0000,
 0x0000,
 0x0000,
 0x0000,
 0x0000,
 0x0000,
 0x0000,
 0x0000,
 0x0000,
 0x0000,
 0x0000,
 0x0000,
 0x0000,
 0x0000,
 0x0000,
 0x0000,
 0x0000,
 0x0000,
 0x0000,
 0x0000,
 0x0000,
 0x0000,
 0x0000,
 0x0000,
 0x0000,
 0x0000,
 0x0000,
 0x0000,
 0x0000,
 0x0000,
 0x0000,
 0x0000,
 0x0000,
 0x0000,
 0x0000,
 0x0000,
 0x0000,
 0x0000,
 0x0000,
 0x0000,
 0x0000,
 0x0000,
 0x0000,
 0x0000,
 0x075e,
 0x0000,
 0x0000,
 0x0000,
 0x0000,
 0x0000,
 0x0000,
 0x0000,
 0x0000,
 0x0000,
 0x0000,
 0x0000,
 0x0000,
 0x06e2,
 0x0000,
 0x0000,
 0x0000,
 0x0000,
 0x0000,
 0x0000,
 0x0000,
 0x0000,
 0x0000,
 0x0000,
 0x0000,
 0x0000,
 0x0000,
 0x0000,
 0x0000,
 0x0000,
 0x0d64,
 0x0000,
 0x0000,
 0x8173,
 0x0000,
 0x8085,
 0x0000,
 0x0000,
 0x0000,
 0x0000,
 0x0000,
 0x0000,
 0x0000,
 0x0000,
 0x0000,
 0x0000,
 0x0000,
 0x0000,
 0x0000,
 0x0000,
 0x01ff,
 0x0000,
 0x0000,
 0x0000,
 0x0000,
 0x0000,
 0x0000,
 0x0000,
 0x0000,
 0x0000,
 0x0000,
 0x0000,
 0x0000,
 0x0000,
 0x0000,
 0x0000,
 0x0000,
 0x0000,
 0x0000,
 0x0000,
 0x0000,
 0x0000,
 0x0000,
 0x0000,
 0x0000,
 0x0000,
 0x0000,
 0x0000,
 0x0000,
 0x0000,
 0x0000,
 0x0000,
 0x0000,
 0x0000,
 0x0000,
 0x0000,
 0x0000,
 0x0000,
 0x0000,
 0x0000,
 0x0000,
 0x0000,
 0x0000,
 0x0000,
 0x0000,
 0x0000,
 0x0000,
 0x0000,
 0x0000,
 0x0000,
 0x0000,
 0x0000,
 0x0000,
 0x0000,
 0x0000,
 0x0000,
 0x0000,
 0x0000,
 0x0000,
 0x0000,
 0x0000,
 0x0000,
 0x0000,
 0x0000,
 0x0000,
 0x0000,
 0x0000,
 0x0000,
 0x0000,
 0x0000,
 0x0000,
 0x0000,
 0x0000,
 0x0000,
 0x0000,
 0x0000,
 0x0000,
 0x0000,
 0x0000,
 0x0000,
 0x0000,
 0x0000,
 0x0000,
 0x0000,
 0x0000,
 0x0000,
 0x0000,
 0x0000,
 0x0000,
 0x0000,
 0x0000,
 0x0000,
 0x0000,
 0x0000,
 0x0000,
 0x0000,
 0x0000,
 0x0000,
 0x0000,
 0x0000,
 0x0000,
 0x0000,
 0x021c,
 0x0000,
 0x0000,
 0x0000,
 0x0000,
 0x0000,
 0x0000,
 0x0000,
 0x0000,
 0x0000,
 0x0000,
 0x0000,
 0x043c,
 0x0000,
 0x0000,
 0x0000,
 0x0000,
 0x0000,
 0x809e,
 0x0000,
 0x0000,
 0x0000,
 0x0000,
 0x0000,
 0x0000,
 0x0000,
 0x0000,
 0x0000,
 0x0000,
 0x0000,
 0x0000,
 0x0000,
 0x0000,
 0x0000,
 0x0000,
 0x0000,
 0x0000,
 0x0000,
 0x0000,
 0x0000,
 0x0000,
 0x0000,
 0x0000,
 0x0000,
 0x0000,
 0x0000,
 0x0000,
 0x0000,
 0x0000,
 0x0000,
 0x0000,
 0x0709,
 0x0000,
 0x0000,
 0x0000,
 0x0000,
 0x0000,
 0x0000,
 0x0000,
 0x0000,
 0x0000,
 0x0000,
 0x0000,
 0x0000,
 0x0000,
 0x0000,
 0x0000,
 0x0000,
 0x0000,
 0x0000,
 0x0000,
 0x0000,
 0x0000,
 0x0000,
 0x0000,
 0x0000,
 0x0000,
 0x0000,
 0x0000,
 0x0000,
 0x0000,
 0x0000,
 0x0000,
 0x0000,
 0x0000,
 0x0000,
 0x0000,
 0x0000,
 0x0000,
 0x0000,
 0x0000,
 0x0000,
 0x0000,
 0x0000,
 0x0000,
 0x0000,
 0x0000,
 0x0000,
 0x0000,
 0x0000,
 0x0000,
 0x0000,
 0x0000,
 0x0000,
 0x0000,
 0x0000,
 0x0000,
 0x0000,
 0x8005,
 0x0000,
 0x0000,
 0x0000,
 0x0000,
 0x0000,
 0x0000,
 0x0000,
 0x0000,
 0x0000,
 0x0000,
 0x0000,
 0x0000,
 0x0000,
 0x0000,
 0x0000,
 0x0000,
 0x0000,
 0x0000,
 0x0000,
 0x0000,
 0x0000,
 0x0000,
 0x0000,
 0x0000,
 0x0000,
 0x0000,
 0x0000,
 0x0000,
 0x0000,
 0x0000,
 0x0000,
 0x0000,
 0x0000,
 0x0000,
 0x0000,
 0x0000,
 0x0000,
 0x0000,
 0x0000,
 0x0000,
 0x0000,
 0x0000,
 0x0000,
 0x0000,
 0x0000,
 0x0000,
 0x0000,
 0x0000,
 0x0000,
 0x0000,
 0x0000,
 0x0000,
 0x0000,
 0x0000,
 0x0000,
 0x0000,
 0x0000,
 0x0000,
 0x0000,
 0x0000,
 0x0000,
 0x0000,
 0x0000,
 0x0000,
 0x0000,
 0x0000,
 0x0000,
 0x0000,
 0x0000,
 0x0000,
 0x0000,
 0x0000,
 0x0000,
 0x0000,
 0x0000,
 0x0000,
 0x0000,
 0x0000,
 0x0000,
 0x0000,
 0x0000,
 0x0000,
 0x0000,
 0x0000,
 0x0000,
 0x0000,
 0x0000,
 0x0000,
 0x0000,
 0x0000,
 0x0000,
 0x0000,
 0x0000,
 0x0000,
 0x0000,
 0x0000,
 0x0000,
 0x0000,
 0x0000,
 0x0000,
 0x0000,
 0x0000,
 0x0000,
 0x0000,
 0x801f,
 0x0000,
 0x0000,
 0x0000,
 0x0000,
 0x0000,
 0x0000,
 0x0000,
 0x0000,
 0x0000,
 0x0000,
 0x0000,
 0x0000,
 0x0000,
 0x0000,
 0x0000,
 0x0000,
 0x0000,
 0x0000,
 0x0000,
 0x0000,
 0x0000,
 0x0000,
 0x0000,
 0x0000,
 0x0000,
 0x0000,
 0x09e3,
 0x0000,
 0x0963,
 0x0000,
 0x0000,
 0x0000,
 0x0000,
 0x0000,
 0x0000,
 0x0000,
 0x80b7,
 0x0000,
 0x0000,
 0x0e72,
 0x0000,
 0x0000,
 0x0000,
 0x0000,
 0x0000,
 0x0000,
 0x0000,
 0x0000,
 0x0000,
 0x0000,
 0x0000,
 0x0000,
 0x0000,
 0x0000,
 0x0000,
 0x0000,
 0x0000,
 0x0000,
 0x0000,
 0x0000,
 0x0000,
 0x0000,
 0x0000,
 0x0000,
 0x0000,
 0x0000,
 0x0000,
 0x0000,
 0x0000,
 0x0000,
 0x0000,
 0x0000,
 0x0000,
 0x0000,
 0x0000,
 0x0000,
 0x0000,
 0x0000,
 0x0000,
 0x0000,
 0x0000,
 0x0000,
 0x0000,
 0x0000,
 0x0000,
 0x0000,
 0x0000,
 0x0000,
 0x0000,
 0x0000,
 0x0000,
 0x0000,
 0x0000,
 0x0000,
 0x0000,
 0x0000,
 0x0000,
 0x0000,
 0x0000,
 0x0000,
 0x0000,
 0x0000,
 0x0000,
 0x0000,
 0x0000,
 0x0000,
 0x0000,
 0x0000,
 0x0000,
 0x0000,
 0x0000,
 0x0000,
 0x0000,
 0x0000,
 0x0000,
 0x0000,
 0x0000,
 0x0000,
 0x0000,
 0x0000,
 0x0000,
 0x0000,
 0x0000,
 0x0000,
 0x0000,
 0x0000,
 0x0000,
 0x0000,
 0x0000,
 0x0000,
 0x0000,
 0x0000,
 0x0000,
 0x0000,
 0x0000,
 0x0000,
 0x0000,
 0x0000,
 0x0000,
 0x0000,
 0x0000,
 0x0000,
 0x800f,
 0x0000,
 0x0000,
 0x0000,
 0x0000,
 0x0000,
 0x0000,
 0x0000,
 0x0000,
 0x0000,
 0x0000,
 0x0000,
 0x0000,
 0x0000,
 0x0000,
 0x0000,
 0x0000,
 0x0000,
 0x0000,
 0x0000,
 0x0000,
 0x0000,
 0x0000,
 0x0000,
 0x0000,
 0x0000,
 0x0000,
 0x0000,
 0x0000,
 0x0000,
 0x0000,
 0x0000,
 0x0000,
 0x0000,
 0x0000,
 0x0000,
 0x0000,
 0x0000,
 0x0000,
 0x0000,
 0x0000,
 0x0000,
 0x0000,
 0x0000,
 0x0000,
 0x0000,
 0x0114,
 0x0000,
 0x0000,
 0x0000,
 0x0000,
 0x0000,
 0x0000,
 0x0000,
 0x0000,
 0x0000,
 0x0000,
 0x0000,
 0x0000,
 0x0000,
 0x0000,
 0x0000,
 0x0000,
 0x0000,
 0x0000,
 0x0000,
 0x0000,
 0x0000,
 0x80da,
 0x0000,
 0x0000,
 0x0000,
 0x0000,
 0x0000,
 0x0000,
 0x0000,
 0x0000,
 0x0000,
 0x0000,
 0x0000,
 0x0000,
 0x0000,
 0x812a,
 0x0000,
 0x0000,
 0x0000,
 0x0000,
 0x0000,
 0x0000,
 0x0000,
 0x0000,
 0x0000,
 0x0000,
 0x0000,
 0x0000,
 0x06e9,
 0x0000,
 0x0000,
 0x0000,
 0x0000,
 0x0000,
 0x0000,
 0x0000,
 0x0000,
 0x0000,
 0x0000,
 0x0000,
 0x0000,
 0x0000,
 0x0000,
 0x0000,
 0x0000,
 0x0000,
 0x0000,
 0x0000,
 0x0000,
 0x0000,
 0x0000,
 0x0000,
 0x0000,
 0x0000,
 0x0000,
 0x0000,
 0x0000,
 0x0000,
 0x0000,
 0x0000,
 0x0000,
 0x0000,
 0x0000,
 0x0000,
 0x0000,
 0x0000,
 0x0000,
 0x0000,
 0x0000,
 0x0000,
 0x0000,
 0x0000,
 0x0000,
 0x0000,
 0x0000,
 0x0000,
 0x0000,
 0x0000,
 0x06da,
 0x0000,
 0x0000,
 0x0000,
 0x0000,
 0x0000,
 0x0000,
 0x0000,
 0x0000,
 0x0000,
 0x0000,
 0x0000,
 0x0000,
 0x0000,
 0x0000,
 0x0000,
 0x0000,
 0x0000,
 0x0000,
 0x0000,
 0x0000,
 0x0000,
 0x0000,
 0x0000,
 0x0000,
 0x0000,
 0x0000,
 0x0000,
 0x0000,
 0x0000,
 0x0000,
 0x0000,
 0x0000,
 0x0000,
 0x0000,
 0x0000,
 0x0000,
 0x0000,
 0x0000,
 0x0000,
 0x0000,
 0x0000,
 0x0000,
 0x0000,
 0x0000,
 0x0000,
 0x0000,
 0x0000,
 0x0000,
 0x0000,
 0x0000,
 0x0000,
 0x0000,
 0x0000,
 0x0000,
 0x0000,
 0x0000,
 0x0000,
 0x0000,
 0x0000,
 0x0000,
 0x0000,
 0x0000,
 0x0000,
 0x0000,
 0x0000,
 0x0000,
 0x0000,
 0x0000,
 0x0000,
 0x0000,
 0x0000,
 0x0000,
 0x0000,
 0x0000,
 0x0000,
 0x0000,
 0x0000,
 0x0000,
 0x0000,
 0x0000,
 0x0000,
 0x0000,
 0x0000,
 0x0000,
 0x0000,
 0x0000,
 0x0000,
 0x0000,
 0x0000,
 0x0000,
 0x0000,
 0x0000,
 0x0000,
 0x0000,
 0x0000,
 0x0000,
 0x0000,
 0x0000,
 0x0000,
 0x0000,
 0x0000,
 0x0000,
 0x0000,
 0x0000,
 0x0000,
 0x0000,
 0x0000,
 0x0000,
 0x0000,
 0x0000,
 0x0000,
 0x0000,
 0x0000,
 0x0000,
 0x0000,
 0x0000,
 0x0000,
 0x0000,
 0x0000,
 0x0000,
 0x0000,
 0x0000,
 0x0000,
 0x0000,
 0x0000,
 0x0000,
 0x0000,
 0x0000,
 0x0000,
 0x0000,
 0x0000,
 0x0000,
 0x0000,
 0x0000,
 0x0000,
 0x0000,
 0x0000,
 0x0000,
 0x0000,
 0x0000,
 0x0000,
 0x0000,
 0x0000,
 0x0000,
 0x0000,
 0x0000,
 0x0000,
 0x0000,
 0x0000,
 0x0000,
 0x0000,
 0x0000,
 0x0000,
 0x0000,
 0x0000,
 0x0000,
 0x0d79,
 0x0000,
 0x0000,
 0x0000,
 0x0000,
 0x0000,
 0x0000,
 0x0000,
 0x0000,
 0x0000,
 0x0000,
 0x0000,
 0x0000,
 0x0000,
 0x0000,
 0x0000,
 0x0000,
 0x0000,
 0x0000,
 0x0000,
 0x0000,
 0x0000,
 0x0000,
 0x0000,
 0x0000,
 0x0000,
 0x0000,
 0x0000,
 0x0000,
 0x0000,
 0x0000,
 0x0000,
 0x0000,
 0x0000,
 0x0000,
 0x0000,
 0x0000,
 0x0000,
 0x0000,
 0x0000,
 0x0000,
 0x0000,
 0x0000,
 0x0000,
 0x0000,
 0x0000,
 0x0000,
 0x0000,
 0x0000,
 0x0000,
 0x0000,
 0x0000,
 0x0000,
 0x0000,
 0x0000,
 0x0000,
 0x0000,
 0x0000,
 0x0000,
 0x0000,
 0x0000,
 0x0000,
 0x0000,
 0x0000,
 0x0000,
 0x0000,
 0x0000,
 0x0000,
 0x0000,
 0x0000,
 0x0000,
 0x0000,
 0x0000,
 0x0000,
 0x0000,
 0x0000,
 0x0000,
 0x0000,
 0x0000,
 0x0000,
 0x0000,
 0x0000,
 0x0000,
 0x8032,
 0x0000,
 0x0000,
 0x0000,
 0x0000,
 0x0000,
 0x0000,
 0x0000,
 0x0000,
 0x0000,
 0x0000,
 0x0000,
 0x0000,
 0x0000,
 0x0000,
 0x0000,
 0x0000,
 0x0000,
 0x0000,
 0x815d,
 0x0000,
 0x0000,
 0x0000,
 0x0000,
 0x0000,
 0x0000,
 0x0000,
 0x0000,
 0x0000,
 0x0000,
 0x0000,
 0x0000,
 0x0000,
 0x0000,
 0x0000,
 0x0000,
 0x0000,
 0x0000,
 0x0000,
 0x0000,
 0x0000,
 0x0000,
 0x0000,
 0x0000,
 0x0000,
 0x0000,
 0x0000,
 0x0000,
 0x0000,
 0x0e34,
 0x0000,
 0x0000,
 0x0000,
 0x0000,
 0x0000,
 0x0000,
 0x0000,
 0x0000,
 0x0000,
 0x0000,
 0x0000,
 0x0000,
 0x0000,
 0x0000,
 0x0000,
 0x0000,
 0x0000,
 0x0000,
 0x0000,
 0x0000,
 0x0000,
 0x0000,
 0x0000,
 0x0000,
 0x0000,
 0x0000,
 0x0000,
 0x0000,
 0x0000,
 0x0000,
 0x0000,
 0x0000,
 0x0000,
 0x0000,
 0x0000,
 0x0000,
 0x0000,
 0x0000,
 0x0000,
 0x0000,
 0x0000,
 0x0000,
 0x0000,
 0x0000,
 0x0000,
 0x0000,
 0x0000,
 0x0000,
 0x0000,
 0x0000,
 0x0000,
 0x0000,
 0x0000,
 0x0000,
 0x0000,
 0x0000,
 0x0000,
 0x0000,
 0x0000,
 0x0000,
 0x0000,
 0x0000,
 0x0000,
 0x0000,
 0x0000,
 0x0000,
 0x0000,
 0x0000,
 0x0000,
 0x0000,
 0x0000,
 0x0000,
 0x0000,
 0x0000,
 0x0000,
 0x0000,
 0x0000,
 0x0000,
 0x0000,
 0x0000,
 0x0000,
 0x0000,
 0x0000,
 0x0000,
 0x0000,
 0x0000,
 0x0000,
 0x0000,
 0x09ad,
 0x80fc,
 0x0000,
 0x0000,
 0x0000,
 0x0d70,
 0x0000,
 0x0000,
 0x0000,
 0x0000,
 0x0000,
 0x0000,
 0x0000,
 0x0000,
 0x0000,
 0x0000,
 0x0000,
 0x0000,
 0x0000,
 0x0d7d,
 0x0000,
 0x0000,
 0x0000,
 0x0000,
 0x0000,
 0x0000,
 0x0000,
 0x0000,
 0x0000,
 0x0000,
 0x0000,
 0x0000,
 0x0000,
 0x0000,
 0x0000,
 0x0000,
 0x0000,
 0x0000,
 0x0000,
 0x0000,
 0x0000,
 0x0000,
 0x0000,
 0x0000,
 0x0000,
 0x0000,
 0x0000,
 0x0000,
 0x059a,
 0x0000,
 0x0000,
 0x0000,
 0x0000,
 0x0000,
 0x0000,
 0x0000,
 0x0000,
 0x0000,
 0x0000,
 0x0000,
 0x0000,
 0x0000,
 0x0000,
 0x0000,
 0x0000,
 0x0000,
 0x0000,
 0x0000,
 0x0000,
 0x0000,
 0x0000,
 0x0000,
 0x0000,
 0x0000,
 0x0000,
 0x0000,
 0x0000,
 0x0000,
 0x0000,
 0x0000,
 0x0000,
 0x0000,
 0x0000,
 0x0000,
 0x0000,
 0x0000,
 0x0000,
 0x0000,
 0x0000,
 0x0000,
 0x0000,
 0x0000,
 0x0000,
 0x0000,
 0x0000,
 0x0000,
 0x0000,
 0x0000,
 0x0000,
 0x0000,
 0x0000,
 0x0000,
 0x0000,
 0x0000,
 0x0000,
 0x0000,
 0x0000,
 0x0000,
 0x0000,
 0x814c,
 0x0000,
 0x0000,
 0x0000,
 0x0000,
 0x0000,
 0x0000,
 0x0000,
 0x0000,
 0x0000,
 0x0000,
 0x0000,
 0x0000,
 0x0000,
 0x8159,
 0x0000,
 0x0000,
 0x0000,
 0x0000,
 0x0000,
 0x0000,
 0x0000,
 0x0000,
 0x0000,
 0x0000,
 0x0000,
 0x0000,
 0x0000,
 0x0000,
 0x0000,
 0x0000,
 0x0000,
 0x0000,
 0x0000,
 0x0000,
 0x0000,
 0x0000,
 0x0000,
 0x0000,
 0x0000,
 0x0000,
 0x0000,
 0x0000,
 0x0000,
 0x0000,
 0x0000,
 0x0000,
 0x0000,
 0x0000,
 0x0000,
 0x0000,
 0x0000,
 0x0000,
 0x0000,
 0x0000,
 0x8048,
 0x0000,
 0x0000,
 0x0000,
 0x0000,
 0x0000,
 0x0000,
 0x0000,
 0x0000,
 0x0000,
 0x0000,
 0x0000,
 0x0000,
 0x0000,
 0x0000,
 0x0000,
 0x0000,
 0x0000,
 0x0000,
 0x0000,
 0x0000,
 0x0000,
 0x0000,
 0x0000,
 0x0000,
 0x0000,
 0x0000,
 0x0000,
 0x0000,
 0x8137,
 0x0000,
 0x0000,
 0x0000,
 0x0000,
 0x0000,
 0x0000,
 0x0000,
 0x0000,
 0x0000,
 0x0000,
 0x0000,
 0x0000,
 0x0000,
 0x0000,
 0x0000,
 0x0000,
 0x0000,
 0x0000,
 0x0000,
 0x0000,
 0x0000,
 0x0000,
 0x0000,
 0x0000,
 0x0000,
 0x0000,
 0x0000,
 0x0000,
 0x0000,
 0x0000,
 0x0000,
 0x0000,
 0x0000,
 0x0000,
 0x8130,
 0x0000,
 0x0d61,
 0x0000,
 0x0000,
 0x0000,
 0x0000,
 0x0000,
 0x0000,
 0x0000,
 0x0000,
 0x0000,
 0x0000,
 0x0000,
 0x0000,
 0x0000,
 0x0000,
 0x0000,
 0x0000,
 0x0000,
 0x0000,
 0x0000,
 0x0000,
 0x0000,
 0x0000,
 0x0000,
 0x0000,
 0x0000,
 0x0000,
 0x0000,
 0x0000,
 0x0000,
 0x0000,
 0x0000,
 0x0000,
 0x0000,
 0x0000,
 0x0000,
 0x0000,
 0x0000,
 0x0000,
 0x0000,
 0x0000,
 0x0000,
 0x0000,
 0x0000,
 0x0000,
 0x0000,
 0x0000,
 0x0000,
 0x0000,
 0x0000,
 0x0000,
 0x0000,
 0x0000,
 0x0000,
 0x0000,
 0x0000,
 0x0000,
 0x0000,
 0x0000,
 0x0000,
 0x0000,
 0x0000,
 0x0000,
 0x0000,
 0x0000,
 0x0000,
 0x0000,
 0x0000,
 0x0000,
 0x0000,
 0x0000,
 0x0000,
 0x0000,
 0x0000,
 0x0000,
 0x0000,
 0x0000,
 0x0000,
 0x0000,
 0x0000,
 0x0000,
 0x0000,
 0x0000,
 0x0000,
 0x0000,
 0x0000,
 0x0000,
 0x0000,
 0x0000,
 0x0000,
 0x0000,
 0x0000,
 0x0000,
 0x0000,
 0x0000,
 0x0000,
 0x0000,
 0x0000,
 0x074f,
 0x0000,
 0x0000,
 0x0000,
 0x0000,
 0x0000,
 0x0000,
 0x0000,
 0x0000,
 0x0000,
 0x0000,
 0x0000,
 0x0000,
 0x0000,
 0x0000,
 0x0000,
 0x0000,
 0x0000,
 0x0000,
 0x0000,
 0x0000,
 0x0000,
 0x0000,
 0x0000,
 0x0000,
 0x0000,
 0x0000,
 0x0000,
 0x0000,
 0x0000,
 0x0000,
 0x0000,
 0x0000,
 0x0000,
 0x0000,
 0x0000,
 0x0000,
 0x0000,
 0x0000,
 0x0000,
 0x0000,
 0x0000,
 0x0000,
 0x0000,
 0x0000,
 0x0000,
 0x0000,
 0x0000,
 0x0000,
 0x0000,
 0x0000,
 0x0000,
 0x0000,
 0x0000,
 0x0000,
 0x0000,
 0x0000,
 0x0000,
 0x0000,
 0x0000,
 0x0000,
 0x0000,
 0x0000,
 0x0000,
 0x0000,
 0x0000,
 0x0000,
 0x0000,
 0x0000,
 0x0000,
 0x0000,
 0x0000,
 0x0000,
 0x0000,
 0x0000,
 0x0000,
 0x0000,
 0x0000,
 0x0000,
 0x0000,
 0x0000,
 0x0000,
 0x0000,
 0x0000,
 0x0000,
 0x0000,
 0x0000,
 0x0000,
 0x0000,
 0x0000,
 0x0000,
 0x0000,
 0x0000,
 0x0000,
 0x0000,
 0x06d6,
 0x0000,
 0x0000,
 0x0000,
 0x0000,
 0x0000,
 0x0000,
 0x0000,
 0x0000,
 0x0000,
 0x0000,
 0x0000,
 0x0000,
 0x0000,
 0x80a4,
 0x0000,
 0x0000,
 0x0000,
 0x0000,
 0x0000,
 0x0000,
 0x0000,
 0x0000,
 0x0000,
 0x0000,
 0x0000,
 0x0000,
 0x0000,
 0x0000,
 0x0000,
 0x0000,
 0x0000,
 0x0000,
 0x0000,
 0x0000,
 0x0000,
 0x0000,
 0x0000,
 0x0000,
 0x0000,
 0x0000,
 0x0000,
 0x0000,
 0x0000,
 0x0000,
 0x0000,
 0x0000,
 0x0000,
 0x0000,
 0x0000,
 0x0000,
 0x0000,
 0x0000,
 0x0000,
 0x0000,
 0x0000,
 0x0000,
 0x0000,
 0x0000,
 0x0000,
 0x0000,
 0x0000,
 0x0000,
 0x0000,
 0x0000,
 0x0000,
 0x0000,
 0x0000,
 0x0000,
 0x0000,
 0x0000,
 0x0000,
 0x0000,
 0x0000,
 0x0000,
 0x0000,
 0x0000,
 0x0000,
 0x0000,
 0x0000,
 0x0000,
 0x0000,
 0x0000,
 0x0000,
 0x0000,
 0x0000,
 0x0000,
 0x0000,
 0x0000,
 0x0000,
 0x0000,
 0x0000,
 0x0000,
 0x0000,
 0x0000,
 0x0000,
 0x0000,
 0x0000,
 0x0000,
 0x0000,
 0x0000,
 0x0000,
 0x0000,
 0x0000,
 0x8019,
 0x0000,
 0x0000,
 0x0000,
 0x0469,
 0x0000,
 0x0000,
 0x0000,
 0x0000,
 0x0000,
 0x0000,
 0x0000,
 0x0000,
 0x0000,
 0x0000,
 0x0000,
 0x0000,
 0x0000,
 0x0000,
 0x0000,
 0x0000,
 0x0000,
 0x0000,
 0x0000,
 0x0000,
 0x0000,
 0x0000,
 0x0000,
 0x0000,
 0x0000,
 0x0000,
 0x0000,
 0x0000,
 0x0000,
 0x0000,
 0x0000,
 0x0000,
 0x0000,
 0x0000,
 0x0000,
 0x0000,
 0x0000,
 0x0000,
 0x0000,
 0x0000,
 0x0000,
 0x0000,
 0x0000,
 0x0000,
 0x0000,
 0x0000,
 0x0000,
 0x0000,
 0x0000,
 0x0000,
 0x0000,
 0x0000,
 0x0000,
 0x0000,
 0x0000,
 0x0000,
 0x0000,
 0x0000,
 0x0000,
 0x0000,
 0x0000,
 0x0000,
 0x0000,
 0x0000,
 0x0000,
 0x0000,
 0x0000,
 0x0000,
 0x0000,
 0x0000,
 0x0000,
 0x0000,
 0x0000,
 0x0000,
 0x0000,
 0x0000,
 0x0000,
 0x0000,
 0x0000,
 0x0000,
 0x0000,
 0x0000,
 0x0000,
 0x0000,
 0x0000,
 0x0000,
 0x0000,
 0x0000,
 0x0000,
 0x0000,
 0x0000,
 0x0000,
 0x0000,
 0x0000,
 0x0000,
 0x0000,
 0x0000,
 0x0000,
 0x0000,
 0x0000,
 0x0000,
 0x0000,
 0x0000,
 0x0000,
 0x0000,
 0x0000,
 0x0000,
 0x0000,
 0x0000,
 0x0000,
 0x0000,
 0x0000,
 0x0000,
 0x0000,
 0x0000,
 0x0000,
 0x0000,
 0x0000,
 0x0000,
 0x0000,
 0x0000,
 0x0000,
 0x0000,
 0x0000,
 0x0000,
 0x0000,
 0x0000,
 0x0000,
 0x0000,
 0x0000,
 0x0000,
 0x0000,
 0x0000,
 0x0000,
 0x0000,
 0x0000,
 0x0000,
 0x0000,
 0x0000,
 0x0000,
 0x0000,
 0x0000,
 0x0000,
 0x0000,
 0x0000,
 0x0000,
 0x0000,
 0x0000,
 0x0000,
 0x0000,
 0x0000,
 0x0000,
 0x0000,
 0x0000,
 0x0000,
 0x0000,
 0x0000,
 0x0000,
 0x0000,
 0x0000,
 0x0000,
 0x0000,
 0x0000,
 0x0000,
 0x0000,
 0x0000,
 0x0000,
 0x0000,
 0x0000,
 0x8040,
 0x0000,
 0x0000,
 0x0000,
 0x0000,
 0x0000,
 0x06bb,
 0x0000,
 0x0000,
 0x0000,
 0x0000,
 0x0000,
 0x0000,
 0x0000,
 0x0000,
 0x021e,
 0x0000,
 0x0000,
 0x0000,
 0x0000,
 0x0000,
 0x0000,
 0x0000,
 0x0000,
 0x0000,
 0x0000,
 0x0000,
 0x0000,
 0x0000,
 0x0000,
 0x0000,
 0x0000,
 0x0a69,
 0x0000,
 0x0000,
 0x0000,
 0x0000,
 0x0000,
 0x0000,
 0x0000,
 0x0000,
 0x0000,
 0x0000,
 0x0000,
 0x0000,
 0x0000,
 0x0000,
 0x0000,
 0x0000,
 0x0000,
 0x0000,
 0x0000,
 0x0000,
 0x0000,
 0x0000,
 0x0000,
 0x0000,
 0x0000,
 0x0000,
 0x0000,
 0x0000,
 0x0000,
 0x0000,
 0x0000,
 0x0000,
 0x0000,
 0x0000,
 0x0000,
 0x0000,
 0x0000,
 0x0000,
 0x0000,
 0x0000,
 0x0000,
 0x0000,
 0x0000,
 0x0000,
 0x811d,
 0x0000,
 0x0000,
 0x0000,
 0x0000,
 0x0000,
 0x0000,
 0x0000,
 0x0000,
 0x0000,
 0x0000,
 0x0000,
 0x0000,
 0x0000,
 0x0000,
 0x0000,
 0x0000,
 0x0000,
 0x0000,
 0x0000,
 0x0000,
 0x8082,
 0x0000,
 0x0000,
 0x0000,
 0x0000,
 0x0000,
 0x0000,
 0x0000,
 0x0000,
 0x0000,
 0x0000,
 0x0000,
 0x0000,
 0x0000,
 0x0000,
 0x0000,
 0x0000,
 0x0000,
 0x0000,
 0x0000,
 0x0000,
 0x0000,
 0x80b4,
 0x07aa,
 0x0000,
 0x0000,
 0x0000,
 0x0000,
 0x0000,
 0x0000,
 0x0000,
 0x0000,
 0x0000,
 0x0000,
 0x0000,
 0x0000,
 0x0000,
 0x0000,
 0x0000,
 0x0000,
 0x0000,
 0x0000,
 0x0000,
 0x0000,
 0x0000,
 0x0000,
 0x0000,
 0x0000,
 0x0000,
 0x0000,
 0x0000,
 0x0000,
 0x0000,
 0x0000,
 0x0000,
 0x0000,
 0x0000,
 0x0000,
 0x0000,
 0x0000,
 0x0000,
 0x0000,
 0x0000,
 0x0000,
 0x0000,
 0x0000,
 0x0000,
 0x0000,
 0x0000,
 0x0000,
 0x0000,
 0x0000,
 0x0000,
 0x0000,
 0x0000,
 0x0000,
 0x0000,
 0x0000,
 0x0000,
 0x0000,
 0x0000,
 0x0000,
 0x0000,
 0x0000,
 0x0000,
 0x0000,
 0x0000,
 0x0000,
 0x0000,
 0x0000,
 0x0000,
 0x0000,
 0x0000,
 0x0000,
 0x0000,
 0x0000,
 0x0000,
 0x0000,
 0x0000,
 0x0000,
 0x0000,
 0x0000,
 0x0000,
 0x0000,
 0x0000,
 0x0000,
 0x0000,
 0x0000,
 0x0000,
 0x0000,
 0x0000,
 0x0000,
 0x0000,
 0x0000,
 0x0000,
 0x0000,
 0x0000,
 0x0000,
 0x0000,
 0x0000,
 0x0000,
 0x0000,
 0x0000,
 0x8020,
 0x0000,
 0x0000,
 0x0000,
 0x0000,
 0x0000,
 0x0000,
 0x0000,
 0x0000,
 0x0000,
 0x0000,
 0x0000,
 0x0000,
 0x0000,
 0x0000,
 0x0000,
 0x0000,
 0x0000,
 0x0000,
 0x0000,
 0x0000,
 0x0000,
 0x0000,
 0x0000,
 0x0000,
 0x0000,
 0x0000,
 0x0000,
 0x0000,
 0x0000,
 0x0000,
 0x0000,
 0x0000,
 0x0000,
 0x0000,
 0x0000,
 0x0000,
 0x0000,
 0x0000,
 0x0000,
 0x0000,
 0x0000,
 0x032d,
 0x0000,
 0x0000,
 0x0000,
 0x0000,
 0x0000,
 0x0000,
 0x0000,
 0x0000,
 0x0000,
 0x0000,
 0x8169,
 0x0000,
 0x0000,
 0x0000,
 0x0000,
 0x0000,
 0x0000,
 0x0000,
 0x0000,
 0x0000,
 0x0000,
 0x0000,
 0x0000,
 0x0000,
 0x0000,
 0x0000,
 0x0000,
 0x0000,
 0x0000,
 0x0000,
 0x0000,
 0x0000,
 0x0000,
 0x0000,
 0x0000,
 0x0000,
 0x0000,
 0x0000,
 0x0000,
 0x0000,
 0x0000,
 0x0000,
 0x0000,
 0x0000,
 0x0000,
 0x0000,
 0x0000,
 0x0000,
 0x0000,
 0x0000,
 0x0000,
 0x0000,
 0x01f5,
 0x0000,
 0x0000,
 0x0000,
 0x0000,
 0x0000,
 0x0000,
 0x0000,
 0x0000,
 0x0000,
 0x0000,
 0x0000,
 0x0000,
 0x0000,
 0x0000,
 0x0000,
 0x0000,
 0x0000,
 0x0000,
 0x0000,
 0x0000,
 0x0000,
 0x06ed,
 0x0000,
 0x0000,
 0x0000,
 0x0000,
 0x0000,
 0x0000,
 0x0000,
 0x0000,
 0x0000,
 0x0000,
 0x0000,
 0x0000,
 0x0000,
 0x0000,
 0x0000,
 0x0000,
 0x0000,
 0x0000,
 0x0000,
 0x0000,
 0x80e0,
 0x0000,
 0x0000,
 0x0000,
 0x0000,
 0x0000,
 0x0000,
 0x0000,
 0x0000,
 0x0000,
 0x0000,
 0x0000,
 0x10cb,
 0x0000,
 0x0000,
 0x0000,
 0x0000,
 0x0000,
 0x0000,
 0x0000,
 0x0000,
 0x0000,
 0x0000,
 0x0000,
 0x0000,
 0x0000,
 0x0000,
 0x0000,
 0x0000,
 0x0000,
 0x0000,
 0x0000,
 0x0000,
 0x0000,
 0x0000,
 0x0000,
 0x0000,
 0x0000,
 0x0000,
 0x0000,
 0x0000,
 0x0000,
 0x0000,
 0x0000,
 0x0000,
 0x0000,
 0x0000,
 0x0000,
 0x0000,
 0x0000,
 0x0000,
 0x0000,
 0x0000,
 0x0000,
 0x0000,
 0x0000,
 0x0000,
 0x0000,
 0x0000,
 0x0000,
 0x0000,
 0x0000,
 0x0000,
 0x0000,
 0x0000,
 0x0000,
 0x0000,
 0x0000,
 0x0000,
 0x0000,
 0x0000,
 0x0000,
 0x0000,
 0x0000,
 0x0000,
 0x0000,
 0x0000,
 0x0000,
 0x0000,
 0x0000,
 0x0000,
 0x0000,
 0x0000,
 0x0000,
 0x0000,
 0x0000,
 0x0000,
 0x0000,
 0x0000,
 0x0000,
 0x0000,
 0x0000,
 0x0000,
 0x0000,
 0x0000,
 0x0000,
 0x0000,
 0x0000,
 0x0000,
 0x0000,
 0x0000,
 0x0000,
 0x0000,
 0x0000,
 0x0000,
 0x0000,
 0x0000,
 0x0000,
 0x0000,
 0x0000,
 0x0000,
 0x0000,
 0x0000,
 0x0000,
 0x0000,
 0x0000,
 0x0000,
 0x0000,
 0x0000,
 0x0000,
 0x0000,
 0x0000,
 0x0000,
 0x0000,
 0x0000,
 0x09af,
 0x0000,
 0x0000,
 0x0000,
 0x0000,
 0x0000,
 0x0000,
 0x0000,
 0x0000,
 0x0000,
 0x0000,
 0x0000,
 0x0000,
 0x0000,
 0x0000,
 0x0000,
 0x0000,
 0x0701,
 0x0000,
 0x0000,
 0x0000,
 0x0000,
 0x0000,
 0x0000,
 0x0000,
 0x0000,
 0x0000,
 0x0000,
 0x0000,
 0x0000,
 0x0000,
 0x0000,
 0x0000,
 0x0000,
 0x0000,
 0x0000,
 0x8060,
 0x0000,
 0x0000,
 0x0000,
 0x0000,
 0x0000,
 0x0000,
 0x0000,
 0x0000,
 0x0000,
 0x0000,
 0x0000,
 0x0000,
 0x0000,
 0x0000,
 0x0000,
 0x0000,
 0x0000,
 0x0000,
 0x0000,
 0x0000,
 0x0000,
 0x0000,
 0x0000,
 0x0000,
 0x0000,
 0x0000,
 0x0000,
 0x0000,
 0x0000,
 0x0000,
 0x0000,
 0x0000,
 0x0000,
 0x0000,
 0x0000,
 0x0000,
 0x0000,
 0x0000,
 0x0000,
 0x0000,
 0x0000,
 0x0000,
 0x0000,
 0x0000,
 0x0000,
 0x0000,
 0x0000,
 0x0000,
 0x0000,
 0x0000,
 0x0000,
 0x0000,
 0x0000,
 0x0000,
 0x0000,
 0x0000,
 0x0000,
 0x0000,
 0x0000,
 0x8100,
 0x0000,
 0x0000,
 0x0000,
 0x0000,
 0x0000,
 0x0000,
 0x0000,
 0x0000,
 0x0000,
 0x0000,
 0x0000,
 0x0000,
 0x0000,
 0x0000,
 0x0000,
 0x0000,
 0x0000,
 0x0000,
 0x0000,
 0x0000,
 0x0000,
 0x0000,
 0x0000,
 0x0000,
 0x0000,
 0x0000,
 0x0000,
 0x0000,
 0x0000,
 0x0000,
 0x0000,
 0x0000,
 0x0000,
 0x0000,
 0x0000,
 0x0000,
 0x0000,
 0x0000,
 0x0000,
 0x0000,
 0x0000,
 0x0000,
 0x0000,
 0x0000,
 0x0000,
 0x0000,
 0x0e2e,
 0x0000,
 0x0000,
 0x0000,
 0x0000,
 0x0000,
 0x0000,
 0x0000,
 0x0000,
 0x0000,
 0x0000,
 0x0000,
 0x0000,
 0x0000,
 0x0000,
 0x0000,
 0x0000,
 0x0000,
 0x0000,
 0x0000,
 0x0000,
 0x0000,
 0x0000,
 0x0000,
 0x0000,
 0x0000,
 0x0000,
 0x0000,
 0x0000,
 0x0000,
 0x0000,
 0x0000,
 0x0000,
 0x0000,
 0x0000,
 0x0000,
 0x0000,
 0x0000,
 0x0000,
 0x0000,
 0x0000,
 0x0000,
 0x0000,
 0x0000,
 0x0000,
 0x0000,
 0x0000,
 0x0000,
 0x0000,
 0x0000,
 0x0000,
 0x0000,
 0x0000,
 0x0000,
 0x0000,
 0x0000,
 0x0000,
 0x0000,
 0x0000,
 0x0000,
 0x0000,
 0x0000,
 0x0000,
 0x0000,
 0x0000,
 0x0000,
 0x0000,
 0x0000,
 0x0000,
 0x0000,
 0x0000,
 0x0000,
 0x0000,
 0x0000,
 0x0000,
 0x0000,
 0x80c8,
 0x0000,
 0x0000,
 0x0000,
 0x0000,
 0x0000,
 0x0000,
 0x0000,
 0x0db5,
 0x0000,
 0x0000,
 0x0000,
 0x0000,
 0x0000,
 0x0000,
 0x0000,
 0x0000,
 0x0000,
 0x0000,
 0x0000,
 0x0000,
 0x0000,
 0x0000,
 0x0000,
 0x0000,
 0x0000,
 0x0000,
 0x0000,
 0x0000,
 0x0000,
 0x0a67,
 0x0000,
 0x0000,
 0x0000,
 0x0000,
 0x0000,
 0x0000,
 0x0000,
 0x0000,
 0x0000,
 0x0000,
 0x0000,
 0x0000,
 0x0327,
 0x0160,
 0x0000,
 0x0000,
 0x0000,
 0x0000,
 0x0000,
 0x0000,
 0x0000,
 0x0000,
 0x0000,
 0x0000,
 0x0000,
 0x0000,
 0x0000,
 0x0000,
 0x0000,
 0x0000,
 0x0000,
 0x0000,
 0x0000,
 0x0000,
 0x0000,
 0x0000,
 0x0000,
 0x0000,
 0x0000,
 0x0000,
 0x0000,
 0x0000,
 0x0000,
 0x0000,
 0x0000,
 0x0000,
 0x0000,
 0x0000,
 0x0000,
 0x0000,
 0x0000,
 0x0000,
 0x0000,
 0x0000,
 0x0000,
 0x0000,
 0x0000,
 0x0000,
 0x0000,
 0x0000,
 0x0000,
 0x0000,
 0x0000,
 0x0000,
 0x0000,
 0x0000,
 0x0000,
 0x0000,
 0x0000,
 0x0000,
 0x0000,
 0x0000,
 0x0000,
 0x0000,
 0x0000,
 0x0000,
 0x0000,
 0x0000,
 0x0000,
 0x0000,
 0x0000,
 0x0000,
 0x0000,
 0x0000,
 0x0000,
 0x0000,
 0x0000,
 0x0000,
 0x0000,
 0x0000,
 0x0000,
 0x0000,
 0x0000,
 0x0000,
 0x0000,
 0x0000,
 0x0000,
 0x0000,
 0x0000,
 0x0000,
 0x0000,
 0x0000,
 0x0000,
 0x0000,
 0x0000,
 0x0000,
 0x0000,
 0x0000,
 0x0000,
 0x0000,
 0x0000,
 0x0000,
 0x0000,
 0x0000,
 0x0000,
 0x0000,
 0x0000,
 0x0000,
 0x0000,
 0x0000,
 0x0000,
 0x0000,
 0x0000,
 0x0000,
 0x0000,
 0x0000,
 0x0000,
 0x0000,
 0x0000,
 0x0000,
 0x0000,
 0x8102,
 0x0000,
 0x0000,
 0x0000,
 0x0000,
 0x0000,
 0x0000,
 0x0000,
 0x0000,
 0x0000,
 0x0000,
 0x0000,
 0x0000,
 0x0000,
 0x0000,
 0x0000,
 0x10c3,
 0x0000,
 0x0000,
 0x0000,
 0x0000,
 0x0000,
 0x0000,
 0x0000,
 0x0000,
 0x0000,
 0x0000,
 0x0000,
 0x0000,
 0x0000,
 0x0000,
 0x0000,
 0x0000,
 0x0000,
 0x0000,
 0x0000,
 0x0000,
 0x0000,
 0x0000,
 0x0000,
 0x0000,
 0x0000,
 0x0000,
 0x0000,
 0x0000,
 0x0000,
 0x0000,
 0x0000,
 0x0000,
 0x0000,
 0x0000,
 0x0000,
 0x0000,
 0x0000,
 0x0000,
 0x06f3,
 0x0000,
 0x0000,
 0x0000,
 0x0000,
 0x0000,
 0x0000,
 0x0000,
 0x0000,
 0x0000,
 0x0000,
 0x0000,
 0x0000,
 0x0000,
 0x0000,
 0x0000,
 0x0000,
 0x0000,
 0x0000,
 0x0000,
 0x0000,
 0x0000,
 0x0000,
 0x0000,
 0x0000,
 0x0000,
 0x0000,
 0x0000,
 0x0000,
 0x0000,
 0x0000,
 0x0000,
 0x0000,
 0x0000,
 0x0000,
 0x0000,
 0x0000,
 0x0000,
 0x0000,
 0x0000,
 0x0000,
 0x0000,
 0x0000,
 0x0000,
 0x0000,
 0x0000,
 0x0000,
 0x0d7b,
 0x0000,
 0x0000,
 0x0000,
 0x0000,
 0x0000,
 0x0000,
 0x0000,
 0x0000,
 0x806d,
 0x0000,
 0x0000,
 0x0000,
 0x0000,
 0x0000,
 0x0000,
 0x0000,
 0x0000,
 0x0000,
 0x0000,
 0x0000,
 0x0000,
 0x0000,
 0x0000,
 0x0000,
 0x0000,
 0x0000,
 0x0000,
 0x0000,
 0x0000,
 0x0000,
 0x0000,
 0x0000,
 0x0000,
 0x0000,
 0x0000,
 0x0000,
 0x0000,
 0x0000,
 0x0000,
 0x0000,
 0x0000,
 0x0000,
 0x0000,
 0x0000,
 0x0000,
 0x0000,
 0x0000,
 0x0000,
 0x0000,
 0x0000,
 0x0000,
 0x0000,
 0x0000,
 0x0000,
 0x0000,
 0x0000,
 0x0000,
 0x0000,
 0x807c,
 0x0000,
 0x0000,
 0x0000,
 0x0000,
 0x0000,
 0x0000,
 0x0000,
 0x0000,
 0x0000,
 0x0000,
 0x0000,
 0x0000,
 0x0000,
 0x0000,
 0x0000,
 0x0000,
 0x0000,
 0x0000,
 0x0000,
 0x0000,
 0x80a8,
 0x0000,
 0x0000,
 0x0000,
 0x0000,
 0x0000,
 0x0000,
 0x0000,
 0x0000,
 0x0000,
 0x0000,
 0x0000,
 0x0000,
 0x0000,
 0x0000,
 0x0000,
 0x0000,
 0x0000,
 0x0000,
 0x0000,
 0x0000,
 0x0000,
 0x0000,
 0x0000,
 0x0000,
 0x0000,
 0x0000,
 0x0000,
 0x0000,
 0x0000,
 0x0000,
 0x0000,
 0x0000,
 0x0000,
 0x0000,
 0x0000,
 0x0000,
 0x0000,
 0x0000,
 0x0000,
 0x0000,
 0x0000,
 0x0000,
 0x0000,
 0x0000,
 0x0000,
 0x0000,
 0x0000,
 0x0000,
 0x0000,
 0x0000,
 0x0000,
 0x0000,
 0x0000,
 0x0000,
 0x0000,
 0x0000,
 0x0000,
 0x0000,
 0x0000,
 0x0000,
 0x0000,
 0x0000,
 0x0000,
 0x0000,
 0x0000,
 0x0000,
 0x0d6c,
 0x0000,
 0x0000,
 0x0000,
 0x0000,
 0x0000,
 0x0000,
 0x0000,
 0x0000,
 0x0000,
 0x0000,
 0x0000,
 0x0000,
 0x0000,
 0x0000,
 0x0000,
 0x0000,
 0x0000,
 0x0000,
 0x0000,
 0x0000,
 0x0000,
 0x0000,
 0x0000,
 0x0000,
 0x0000,
 0x0000,
 0x0000,
 0x0000,
 0x0000,
 0x0000,
 0x0000,
 0x0000,
 0x0000,
 0x0000,
 0x0000,
 0x0000,
 0x0000,
 0x0000,
 0x0000,
 0x0000,
 0x0000,
 0x0000,
 0x0000,
 0x0000,
 0x0000,
 0x0000,
 0x0000,
 0x0000,
 0x0000,
 0x0000,
 0x0000,
 0x0000,
 0x0000,
 0x0000,
 0x0000,
 0x0000,
 0x0000,
 0x0000,
 0x0000,
 0x0000,
 0x0000,
 0x0000,
 0x0000,
 0x0000,
 0x0000,
 0x0000,
 0x0000,
 0x0000,
 0x0000,
 0x0000,
 0x0000,
 0x0000,
 0x0000,
 0x0000,
 0x0000,
 0x0000,
 0x0000,
 0x0000,
 0x0000,
 0x0000,
 0x0000,
 0x0000,
 0x0000,
 0x0000,
 0x0000,
 0x0000,
 0x0000,
 0x0000,
 0x0000,
 0x0000,
 0x0000,
 0x0000,
 0x0000,
 0x0000,
 0x0000,
 0x0000,
 0x0000,
 0x0000,
 0x0000,
 0x0000,
 0x0000,
 0x0000,
 0x0342,
 0x0000,
 0x0000,
 0x0000,
 0x0000,
 0x0000,
 0x0000,
 0x0000,
 0x0000,
 0x0000,
 0x0000,
 0x0000,
 0x0000,
 0x0000,
 0x0000,
 0x0000,
 0x0000,
 0x0000,
 0x0000,
 0x0000,
 0x0000,
 0x0000,
 0x0000,
 0x0000,
 0x0000,
 0x0000,
 0x0000,
 0x0000,
 0x0000,
 0x0000,
 0x0000,
 0x0000,
 0x0000,
 0x0000,
 0x0000,
 0x0000,
 0x0000,
 0x0000,
 0x0000,
 0x0000,
 0x0000,
 0x0000,
 0x0000,
 0x0000,
 0x0000,
 0x0000,
 0x0000,
 0x0000,
 0x0000,
 0x0000,
 0x0000,
 0x0000,
 0x0000,
 0x0000,
 0x0000,
 0x0000,
 0x0000,
 0x0000,
 0x0000,
 0x0000,
 0x0000,
 0x0000,
 0x0000,
 0x0000,
 0x0000,
 0x0000,
 0x0000,
 0x0000,
 0x0000,
 0x0000,
 0x0000,
 0x0000,
 0x0000,
 0x0000,
 0x0000,
 0x0000,
 0x0000,
 0x0000,
 0x0000,
 0x0000,
 0x0000,
 0x0000,
 0x0000,
 0x0000,
 0x0f32,
 0x0000,
 0x0000,
 0x0000,
 0x0000,
 0x0000,
 0x0000,
 0x0000,
 0x0000,
 0x0000,
 0x0000,
 0x0000,
 0x0000,
 0x0000,
 0x0000,
 0x0000,
 0x0000,
 0x0000,
 0x0000,
 0x0000,
 0x0000,
 0x0000,
 0x01f3,
 0x0000,
 0x0000,
 0x0000,
 0x0000,
 0x0000,
 0x0000,
 0x0000,
 0x0000,
 0x0000,
 0x0000,
 0x0000,
 0x804e,
 0x0000,
 0x0000,
 0x0000,
 0x0000,
 0x0000,
 0x0000,
 0x0000,
 0x0000,
 0x0000,
 0x0000,
 0x0000,
 0x0000,
 0x0000,
 0x0000,
 0x0000,
 0x0000,
 0x0000,
 0x0000,
 0x0000,
 0x0000,
 0x0000,
 0x0000,
 0x0000,
 0x0000,
 0x0000,
 0x0000,
 0x0000,
 0x0000,
 0x0000,
 0x0000,
 0x0000,
 0x0581,
 0x0000,
 0x0000,
 0x0000,
 0x0000,
 0x0000,
 0x0000,
 0x0000,
 0x0000,
 0x0000,
 0x0000,
 0x0000,
 0x0000,
 0x0000,
 0x0000,
 0x0000,
 0x0000,
 0x0000,
 0x0000,
 0x0000,
 0x0000,
 0x0000,
 0x0000,
 0x0000,
 0x0000,
 0x0000,
 0x0000,
 0x0000,
 0x0000,
 0x0000,
 0x0000,
 0x0000,
 0x0000,
 0x0000,
 0x0000,
 0x0000,
 0x0000,
 0x0000,
 0x0000,
 0x0000,
 0x0000,
 0x0000,
 0x0000,
 0x0000,
 0x0000,
 0x0000,
 0x0000,
 0x0000,
 0x0000,
 0x0000,
 0x0000,
 0x0000,
 0x0000,
 0x0000,
 0x0000,
 0x0000,
 0x0000,
 0x0000,
 0x0000,
 0x0000,
 0x0000,
 0x0000,
 0x0000,
 0x0000,
 0x0000,
 0x0000,
 0x0000,
 0x0000,
 0x0000,
 0x0000,
 0x0000,
 0x0000,
 0x0000,
 0x0000,
 0x0000,
 0x0000,
 0x0000,
 0x0000,
 0x0000,
 0x0000,
 0x0000,
 0x0000,
 0x0000,
 0x0000,
 0x0000,
 0x0000,
 0x0000,
 0x0000,
 0x0000,
 0x0000,
 0x0000,
 0x0000,
 0x0000,
 0x0000,
 0x0000,
 0x0000,
 0x0000,
 0x0000,
 0x0000,
 0x0000,
 0x0000,
 0x0000,
 0x0000,
 0x0000,
 0x0000,
 0x0a4a,
 0x0000,
 0x0000,
 0x0000,
 0x0000,
 0x0000,
 0x0205,
 0x0000,
 0x0000,
 0x0000,
 0x0000,
 0x0000,
 0x0000,
 0x0000,
 0x0000,
 0x0000,
 0x0000,
 0x0000,
 0x0000,
 0x0000,
 0x0000,
 0x0000,
 0x0000,
 0x0000,
 0x0000,
 0x0000,
 0x0000,
 0x0000,
 0x0000,
 0x0000,
 0x0000,
 0x0000,
 0x0000,
 0x0000,
 0x0000,
 0x0000,
 0x0000,
 0x0000,
 0x0000,
 0x0000,
 0x0000,
 0x0000,
 0x0000,
 0x0000,
 0x0000,
 0x0000,
 0x0000,
 0x042a,
 0x0000,
 0x0000,
 0x0000,
 0x0000,
 0x80b9,
 0x0000,
 0x0000,
 0x0000,
 0x0000,
 0x0000,
 0x0000,
 0x0000,
 0x0000,
 0x0000,
 0x0000,
 0x0000,
 0x0000,
 0x0000,
 0x809b,
 0x0000,
 0x0000,
 0x0000,
 0x0000,
 0x0000,
 0x0000,
 0x0000,
 0x0000,
 0x0000,
 0x0000,
 0x0000,
 0x0000,
 0x0000,
 0x0000,
 0x0000,
 0x0000,
 0x0000,
 0x0000,
 0x0000,
 0x0000,
 0x0000,
 0x0000,
 0x0000,
 0x0000,
 0x0000,
 0x0000,
 0x0000,
 0x0000,
 0x0000,
 0x0000,
 0x0000,
 0x0000,
 0x0000,
 0x0000,
 0x0000,
 0x0000,
 0x0000,
 0x0000,
 0x0000,
 0x0000,
 0x0000,
 0x0000,
 0x0000,
 0x0000,
 0x0000,
 0x0000,
 0x0000,
 0x018e,
 0x0000,
 0x0000,
 0x0000,
 0x0000,
 0x0000,
 0x0000,
 0x0000,
 0x0000,
 0x0000,
 0x80bd,
 0x0000,
 0x0000,
 0x0000,
 0x0000,
 0x0000,
 0x0000,
 0x0000,
 0x0000,
 0x0000,
 0x0000,
 0x0000,
 0x0000,
 0x0000,
 0x0000,
 0x0000,
 0x0000,
 0x0000,
 0x0000,
 0x0000,
 0x0000,
 0x0000,
 0x0000,
 0x0000,
 0x0000,
 0x0000,
 0x0000,
 0x0000,
 0x0000,
 0x0000,
 0x0000,
 0x0000,
 0x0000,
 0x0000,
 0x0000,
 0x0000,
 0x0000,
 0x0000,
 0x0000,
 0x0000,
 0x0000,
 0x0000,
 0x0000,
 0x0000,
 0x0000,
 0x0000,
 0x0000,
 0x0000,
 0x0000,
 0x0000,
 0x0000,
 0x0000,
 0x0000,
 0x0000,
 0x0000,
 0x0000,
 0x0000,
 0x0000,
 0x0000,
 0x0000,
 0x0000,
 0x0000,
 0x0218,
 0x0000,
 0x0000,
 0x0000,
 0x0000,
 0x0000,
 0x0000,
 0x0000,
 0x0000,
 0x0000,
 0x0000,
 0x0000,
 0x0000,
 0x0000,
 0x0000,
 0x0000,
 0x0000,
 0x0000,
 0x0000,
 0x0000,
 0x036f,
 0x0000,
 0x0000,
 0x0000,
 0x0000,
 0x0000,
 0x0000,
 0x0000,
 0x0000,
 0x0000,
 0x0000,
 0x0000,
 0x0000,
 0x0000,
 0x0000,
 0x0000,
 0x0000,
 0x0000,
 0x0000,
 0x0000,
 0x0000,
 0x0000,
 0x0000,
 0x0000,
 0x0000,
 0x0000,
 0x0000,
 0x0000,
 0x0000,
 0x0000,
 0x0000,
 0x0000,
 0x0000,
 0x0000,
 0x0000,
 0x812c,
 0x0000,
 0x0000,
 0x0000,
 0x0000,
 0x0000,
 0x0000,
 0x0000,
 0x0000,
 0x0000,
 0x0000,
 0x0000,
 0x0000,
 0x0000,
 0x0000,
 0x0000,
 0x10bf,
 0x0000,
 0x0000,
 0x0000,
 0x0000,
 0x0000,
 0x0000,
 0x0000,
 0x0000,
 0x0000,
 0x0000,
 0x0000,
 0x0000,
 0x0000,
 0x0000,
 0x0000,
 0x0000,
 0x0000,
 0x0000,
 0x0000,
 0x0000,
 0x0000,
 0x0000,
 0x0000,
 0x0000,
 0x0000,
 0x0000,
 0x0000,
 0x0000,
 0x0000,
 0x0000,
 0x0000,
 0x0000,
 0x0000,
 0x0000,
 0x0000,
 0x0000,
 0x0000,
 0x0000,
 0x0d53,
 0x0000,
 0x0000,
 0x0000,
 0x0000,
 0x0000,
 0x0000,
 0x0000,
 0x0000,
 0x0000,
 0x0000,
 0x0000,
 0x0000,
 0x0000,
 0x0000,
 0x0000,
 0x0000,
 0x0000,
 0x0000,
 0x0000,
 0x0000,
 0x0000,
 0x0000,
 0x0000,
 0x0000,
 0x0000,
 0x0000,
 0x0000,
 0x0000,
 0x0000,
 0x0000,
 0x0000,
 0x0000,
 0x0000,
 0x0000,
 0x0000,
 0x0000,
 0x0000,
 0x0000,
 0x0000,
 0x0000,
 0x0000,
 0x0000,
 0x0000,
 0x0000,
 0x0000,
 0x0000,
 0x0000,
 0x0000,
 0x0000,
 0x0000,
 0x0000,
 0x0000,
 0x00d6,
 0x0000,
 0x0000,
 0x0000,
 0x0000,
 0x0000,
 0x0000,
 0x0000,
 0x0000,
 0x0000,
 0x0000,
 0x0000,
 0x0000,
 0x0000,
 0x0000,
 0x0000,
 0x0000,
 0x0000,
 0x0000,
 0x0000,
 0x0000,
 0x0000,
 0x0000,
 0x0000,
 0x0000,
 0x0000,
 0x0000,
 0x0000,
 0x0000,
 0x0000,
 0x0000,
 0x0000,
 0x0000,
 0x0000,
 0x0000,
 0x0000,
 0x0000,
 0x0000,
 0x0000,
 0x0000,
 0x0000,
 0x0000,
 0x0000,
 0x0000,
 0x0000,
 0x0000,
 0x0000,
 0x0000,
 0x0000,
 0x0000,
 0x0000,
 0x0000,
 0x0000,
 0x0000,
 0x0000,
 0x0000,
 0x0000,
 0x0000,
 0x0000,
 0x0000,
 0x0000,
 0x0000,
 0x0000,
 0x0000,
 0x0000,
 0x0000,
 0x0000,
 0x0000,
 0x0000,
 0x0000,
 0x0000,
 0x0000,
 0x0000,
 0x0000,
 0x0000,
 0x0000,
 0x0000,
 0x0000,
 0x0000,
 0x0000,
 0x0000,
 0x0000,
 0x0000,
 0x0000,
 0x0000,
 0x0000,
 0x0000,
 0x0000,
 0x0000,
 0x0000,
 0x0000,
 0x0000,
 0x0000,
 0x0000,
 0x0000,
 0x0000,
 0x0000,
 0x0000,
 0x0000,
 0x0000,
 0x0000,
 0x0000,
 0x0000,
 0x0000,
 0x0000,
 0x0000,
 0x0000,
 0x0000,
 0x0000,
 0x0000,
 0x0000,
 0x0000,
 0x0000,
 0x0000,
 0x0000,
 0x0000,
 0x0000,
 0x0000,
 0x0000,
 0x0000,
 0x0000,
 0x0000,
 0x0000,
 0x0000,
 0x0000,
 0x0000,
 0x0000,
 0x0000,
 0x0000,
 0x0000,
 0x0000,
 0x0000,
 0x0000,
 0x0000,
 0x0000,
 0x0000,
 0x0000,
 0x0000,
 0x0000,
 0x0000,
 0x0000,
 0x0000,
 0x0000,
 0x0000,
 0x0000,
 0x0000,
 0x0000,
 0x0000,
 0x0000,
 0x0000,
 0x0000,
 0x0000,
 0x0000,
 0x0000,
 0x0000,
 0x0000,
 0x0000,
 0x0000,
 0x10c7,
 0x0000,
 0x0000,
 0x0000,
 0x0000,
 0x0000,
 0x0000,
 0x0000,
 0x0000,
 0x0000,
 0x0000,
 0x1093,
 0x0000,
 0x0000,
 0x0000,
 0x0000,
 0x0000,
 0x0000,
 0x0000,
 0x0000,
 0x0000,
 0x0000,
 0x0000,
 0x0000,
 0x0000,
 0x80f0,
 0x0000,
 0x0000,
 0x0000,
 0x0000,
 0x0000,
 0x0000,
 0x0000,
 0x0000,
 0x0000,
 0x8127,
 0x0000,
 0x0000,
 0x0000,
 0x0000,
 0x0000,
 0x0000,
 0x0000,
 0x0000,
 0x0000,
 0x0000,
 0x0000,
 0x0000,
 0x0000,
 0x0000,
 0x0000,
 0x0000,
 0x0000,
 0x0000,
 0x0000,
 0x0000,
 0x0000,
 0x0000,
 0x0000,
 0x0000,
 0x0000,
 0x0000,
 0x0000,
 0x0000,
 0x0000,
 0x0000,
 0x0000,
 0x0000,
 0x0000,
 0x0000,
 0x0000,
 0x0000,
 0x0000,
 0x0000,
 0x0000,
 0x0000,
 0x0000,
 0x0000,
 0x0000,
 0x0000,
 0x0000,
 0x0000,
 0x0000,
 0x0000,
 0x0000,
 0x0000,
 0x0000,
 0x0000,
 0x0000,
 0x0000,
 0x0000,
 0x0000,
 0x0000,
 0x0000,
 0x0000,
 0x0000,
 0x0000,
 0x0000,
 0x0000,
 0x0000,
 0x0000,
 0x0000,
 0x0000,
 0x0000,
 0x0000,
 0x0000,
 0x0000,
 0x0000,
 0x0000,
 0x0000,
 0x8034,
 0x0000,
 0x0000,
 0x0000,
 0x0000,
 0x0000,
 0x0000,
 0x0000,
 0x0000,
 0x0000,
 0x0000,
 0x0000,
 0x0000,
 0x0000,
 0x0000,
 0x0000,
 0x80a7,
 0x0000,
 0x0000,
 0x0000,
 0x0000,
 0x0000,
 0x0000,
 0x0000,
 0x0000,
 0x0000,
 0x0000,
 0x0000,
 0x0000,
 0x0000,
 0x0000,
 0x0000,
 0x0000,
 0x0000,
 0x0000,
 0x0000,
 0x0000,
 0x0000,
 0x0000,
 0x0000,
 0x0000,
 0x0000,
 0x0000,
 0x0000,
 0x0000,
 0x0000,
 0x0000,
 0x0000,
 0x0000,
 0x0000,
 0x0000,
 0x0000,
 0x0000,
 0x0000,
 0x0000,
 0x0000,
 0x0000,
 0x0000,
 0x0000,
 0x0000,
 0x0000,
 0x0000,
 0x0000,
 0x0000,
 0x0000,
 0x0000,
 0x0000,
 0x0000,
 0x0000,
 0x0000,
 0x0000,
 0x0000,
 0x0000,
 0x0000,
 0x0000,
 0x0000,
 0x0000,
 0x0000,
 0x0000,
 0x0000,
 0x0000,
 0x0000,
 0x0000,
 0x0000,
 0x0000,
 0x0000,
 0x0000,
 0x0000,
 0x0000,
 0x0000,
 0x0000,
 0x0000,
 0x0000,
 0x0000,
 0x0000,
 0x0000,
 0x0000,
 0x0000,
 0x0000,
 0x0000,
 0x0000,
 0x0000,
 0x0000,
 0x0000,
 0x0000,
 0x0000,
 0x0000,
 0x0000,
 0x0000,
 0x0000,
 0x0000,
 0x0000,
 0x0000,
 0x0000,
 0x0000,
 0x0000,
 0x0000,
 0x0000,
 0x0000,
 0x0000,
 0x0000,
 0x0000,
 0x0000,
 0x0000,
 0x0000,
 0x0000,
 0x0000,
 0x0000,
 0x0000,
 0x0000,
 0x0000,
 0x0000,
 0x0000,
 0x0000,
 0x0000,
 0x0000,
 0x0000,
 0x0000,
 0x0000,
 0x0000,
 0x0000,
 0x0000,
 0x0000,
 0x0000,
 0x0000,
 0x0000,
 0x8141,
 0x0000,
 0x0000,
 0x0000,
 0x0000,
 0x0000,
 0x0000,
 0x0000,
 0x0000,
 0x0000,
 0x0000,
 0x0000,
 0x0000,
 0x0000,
 0x0000,
 0x0000,
 0x0000,
 0x0000,
 0x0000,
 0x0547,
 0x0000,
 0x0000,
 0x0000,
 0x0000,
 0x0000,
 0x0000,
 0x0000,
 0x0000,
 0x0000,
 0x0000,
 0x0000,
 0x0000,
 0x0000,
 0x0000,
 0x0000,
 0x0000,
 0x0000,
 0x0000,
 0x0000,
 0x0000,
 0x0000,
 0x0000,
 0x0000,
 0x0000,
 0x0000,
 0x0000,
 0x0000,
 0x0000,
 0x0000,
 0x0000,
 0x0000,
 0x0000,
 0x0000,
 0x0000,
 0x0000,
 0x0000,
 0x0000,
 0x0000,
 0x0000,
 0x0000,
 0x0000,
 0x0000,
 0x0000,
 0x0000,
 0x0000,
 0x0000,
 0x0000,
 0x0000,
 0x0000,
 0x0eba,
 0x0000,
 0x0000,
 0x0000,
 0x0000,
 0x0000,
 0x0000,
 0x0000,
 0x0000,
 0x0000,
 0x0000,
 0x0000,
 0x0000,
 0x0000,
 0x0000,
 0x0000,
 0x0000,
 0x0000,
 0x0000,
 0x0000,
 0x0000,
 0x0000,
 0x0000,
 0x0000,
 0x0000,
 0x0000,
 0x0000,
 0x0000,
 0x0000,
 0x0000,
 0x0000,
 0x0000,
 0x0000,
 0x0000,
 0x0000,
 0x0000,
 0x0000,
 0x0000,
 0x0000,
 0x0000,
 0x0000,
 0x0000,
 0x0000,
 0x0000,
 0x0000,
 0x0000,
 0x0000,
 0x0000,
 0x0000,
 0x0000,
 0x0000,
 0x0000,
 0x0000,
 0x0000,
 0x0000,
 0x80d8,
 0x0000,
 0x0000,
 0x0000,
 0x0000,
 0x0000,
 0x0000,
 0x0000,
 0x0000,
 0x0000,
 0x0000,
 0x0000,
 0x0000,
 0x0000,
 0x0000,
 0x0000,
 0x0000,
 0x0000,
 0x0000,
 0x0000,
 0x0000,
 0x0000,
 0x0000,
 0x0000,
 0x0000,
 0x0000,
 0x0000,
 0x0000,
 0x0000,
 0x0000,
 0x020e,
 0x0000,
 0x0000,
 0x0000,
 0x0000,
 0x0000,
 0x0000,
 0x0000,
 0x0000,
 0x0000,
 0x0000,
 0x0000,
 0x0000,
 0x0000,
 0x0000,
 0x0000,
 0x0000,
 0x0000,
 0x0000,
 0x0000,
 0x0000,
 0x0000,
 0x0000,
 0x0000,
 0x0000,
 0x0000,
 0x0000,
 0x0000,
 0x0000,
 0x0000,
 0x0000,
 0x0000,
 0x0000,
 0x0000,
 0x0000,
 0x0000,
 0x0000,
 0x0000,
 0x0000,
 0x0000,
 0x0000,
 0x0000,
 0x0000,
 0x0000,
 0x0000,
 0x0000,
 0x0000,
 0x0000,
 0x0000,
 0x0000,
 0x0000,
 0x0000,
 0x0000,
 0x0000,
 0x0000,
 0x0000,
 0x0000,
 0x0000,
 0x0000,
 0x0000,
 0x0000,
 0x0000,
 0x0000,
 0x0000,
 0x0000,
 0x0000,
 0x0000,
 0x0000,
 0x0000,
 0x0000,
 0x0000,
 0x0000,
 0x0000,
 0x0000,
 0x0000,
 0x0000,
 0x0000,
 0x0000,
 0x0000,
 0x0000,
 0x0000,
 0x0000,
 0x0000,
 0x0000,
 0x0000,
 0x0000,
 0x0000,
 0x0000,
 0x0000,
 0x0000,
 0x0000,
 0x0000,
 0x0000,
 0x0000,
 0x0000,
 0x0000,
 0x0000,
 0x0000,
 0x0000,
 0x0000,
 0x0000,
 0x0000,
 0x0000,
 0x0000,
 0x0d5d,
 0x0000,
 0x0000,
 0x80ea,
 0x0000,
 0x0000,
 0x0000,
 0x0000,
 0x0000,
 0x0000,
 0x0000,
 0x0000,
 0x0000,
 0x0000,
 0x0000,
 0x0000,
 0x0000,
 0x0000,
 0x0000,
 0x0000,
 0x0000,
 0x0000,
 0x0000,
 0x0000,
 0x0000,
 0x0000,
 0x0000,
 0x0000,
 0x0000,
 0x0000,
 0x0000,
 0x0000,
 0x0000,
 0x0000,
 0x0000,
 0x0000,
 0x0000,
 0x0000,
 0x0000,
 0x0000,
 0x0000,
 0x0000,
 0x0000,
 0x0000,
 0x0000,
 0x0000,
 0x0000,
 0x0000,
 0x0000,
 0x0000,
 0x0000,
 0x0000,
 0x0000,
 0x0000,
 0x0000,
 0x0000,
 0x0000,
 0x0000,
 0x0000,
 0x0000,
 0x0a1b,
 0x0000,
 0x0000,
 0x0000,
 0x0000,
 0x0000,
 0x0000,
 0x0000,
 0x0000,
 0x0000,
 0x0000,
 0x0000,
 0x0000,
 0x0000,
 0x8119,
 0x0000,
 0x0000,
 0x0000,
 0x0000,
 0x0000,
 0x0000,
 0x0000,
 0x0000,
 0x0000,
 0x0000,
 0x0000,
 0x0000,
 0x0000,
 0x0000,
 0x0000,
 0x0000,
 0x0000,
 0x0000,
 0x0000,
 0x0000,
 0x0000,
 0x0000,
 0x0000,
 0x0000,
 0x0000,
 0x0000,
 0x0000,
 0x0000,
 0x0000,
 0x0000,
 0x0000,
 0x0000,
 0x0000,
 0x0000,
 0x0000,
 0x0000,
 0x0000,
 0x0000,
 0x0000,
 0x0000,
 0x0000,
 0x0000,
 0x0000,
 0x0000,
 0x0000,
 0x0000,
 0x0000,
 0x0000,
 0x0000,
 0x0000,
 0x0000,
 0x0000,
 0x0000,
 0x0000,
 0x0000,
 0x0000,
 0x0000,
 0x0000,
 0x0000,
 0x0000,
 0x0000,
 0x0000,
 0x0000,
 0x0000,
 0x0000,
 0x0000,
 0x0000,
 0x0000,
 0x0000,
 0x0000,
 0x0000,
 0x0000,
 0x0000,
 0x0000,
 0x0000,
 0x0000,
 0x0000,
 0x0000,
 0x0000,
 0x0000,
 0x0000,
 0x0000,
 0x0000,
 0x0000,
 0x0000,
 0x0000,
 0x0000,
 0x0000,
 0x0000,
 0x0000,
 0x0000,
 0x0000,
 0x0000,
 0x0000,
 0x0000,
 0x0000,
 0x0000,
 0x0000,
 0x0000,
 0x0000,
 0x0000,
 0x0000,
 0x0000,
 0x0000,
 0x0000,
 0x0000,
 0x0000,
 0x0000,
 0x0000,
 0x0a13,
 0x0000,
 0x0000,
 0x0000,
 0x0000,
 0x0000,
 0x0000,
 0x0000,
 0x0000,
 0x0000,
 0x0000,
 0x0000,
 0x0000,
 0x0000,
 0x0000,
 0x0000,
 0x0000,
 0x0000,
 0x0000,
 0x0000,
 0x0000,
 0x0000,
 0x0000,
 0x0000,
 0x0000,
 0x0000,
 0x0000,
 0x0000,
 0x0000,
 0x0000,
 0x0000,
 0x0000,
 0x0000,
 0x0000,
 0x0000,
 0x0000,
 0x0000,
 0x0000,
 0x0000,
 0x800d,
 0x0000,
 0x0000,
 0x0000,
 0x0000,
 0x0000,
 0x0000,
 0x0000,
 0x0000,
 0x0000,
 0x0000,
 0x0000,
 0x0000,
 0x0000,
 0x0000,
 0x0000,
 0x0000,
 0x0000,
 0x0000,
 0x0000,
 0x0000,
 0x0000,
 0x0000,
 0x0000,
 0x0000,
 0x0000,
 0x0a50,
 0x0000,
 0x0000,
 0x0000,
 0x0000,
 0x0000,
 0x0000,
 0x0000,
 0x0000,
 0x0000,
 0x0000,
 0x0000,
 0x0000,
 0x0000,
 0x0000,
 0x0000,
 0x0000,
 0x0000,
 0x0000,
 0x0000,
 0x0000,
 0x0000,
 0x0000,
 0x0000,
 0x0000,
 0x0000,
 0x0000,
 0x0000,
 0x0000,
 0x0000,
 0x0000,
 0x0000,
 0x0000,
 0x0000,
 0x0000,
 0x0000,
 0x0000,
 0x0000,
 0x0000,
 0x0000,
 0x0000,
 0x0000,
 0x0000,
 0x0000,
 0x0000,
 0x0000,
 0x0000,
 0x0000,
 0x0000,
 0x0000,
 0x0000,
 0x0000,
 0x0000,
 0x0000,
 0x0000,
 0x0000,
 0x0000,
 0x0000,
 0x0000,
 0x0000,
 0x0000,
 0x0000,
 0x0000,
 0x0000,
 0x0000,
 0x0000,
 0x0000,
 0x0000,
 0x0000,
 0x0000,
 0x0000,
 0x0000,
 0x0000,
 0x0000,
 0x0000,
 0x0000,
 0x0000,
 0x0000,
 0x0000,
 0x0000,
 0x0000,
 0x0000,
 0x0000,
 0x0000,
 0x0000,
 0x0000,
 0x0000,
 0x0000,
 0x0000,
 0x0000,
 0x0000,
 0x0000,
 0x0000,
 0x0000,
 0x0000,
 0x0000,
 0x0000,
 0x0000,
 0x0000,
 0x0000,
 0x0000,
 0x0000,
 0x0000,
 0x0000,
 0x0000,
 0x0000,
 0x0000,
 0x0000,
 0x0000,
 0x0000,
 0x0000,
 0x0000,
 0x0000,
 0x0000,
 0x0000,
 0x0000,
 0x0000,
 0x0000,
 0x0000,
 0x0000,
 0x0000,
 0x0000,
 0x0000,
 0x0000,
 0x0000,
 0x0000,
 0x0000,
 0x0000,
 0x0000,
 0x0000,
 0x0000,
 0x0000,
 0x0000,
 0x0000,
 0x0000,
 0x0000,
 0x0000,
 0x0000,
 0x0000,
 0x0000,
 0x0000,
 0x0000,
 0x0000,
 0x0000,
 0x0000,
 0x0000,
 0x0000,
 0x0000,
 0x0000,
 0x0000,
 0x0000,
 0x0000,
 0x0000,
 0x0000,
 0x0000,
 0x0000,
 0x0000,
 0x0000,
 0x0000,
 0x0000,
 0x0a4e,
 0x0000,
 0x0000,
 0x0000,
 0x0000,
 0x0000,
 0x0000,
 0x0000,
 0x0000,
 0x0000,
 0x0000,
 0x0000,
 0x0000,
 0x0000,
 0x0000,
 0x0000,
 0x0000,
 0x0000,
 0x0000,
 0x0000,
 0x0000,
 0x0000,
 0x0000,
 0x0000,
 0x0000,
 0x0000,
 0x0000,
 0x0000,
 0x0000,
 0x0000,
 0x0000,
 0x0000,
 0x0000,
 0x0000,
 0x0000,
 0x0000,
 0x0000,
 0x0000,
 0x0000,
 0x0000,
 0x0000,
 0x0000,
 0x0000,
 0x0000,
 0x0000,
 0x0000,
 0x0000,
 0x0000,
 0x0000,
 0x0000,
 0x0000,
 0x0000,
 0x0000,
 0x0000,
 0x0000,
 0x0000,
 0x0000,
 0x0000,
 0x0000,
 0x0000,
 0x0000,
 0x0000,
 0x0000,
 0x0000,
 0x0000,
 0x0000,
 0x0000,
 0x0000,
 0x0000,
 0x0000,
 0x0000,
 0x0000,
 0x0000,
 0x0000,
 0x0000,
 0x0000,
 0x0000,
 0x0000,
 0x0000,
 0x0000,
 0x0000,
 0x0000,
 0x0000,
 0x0000,
 0x0000,
 0x0000,
 0x0000,
 0x0000,
 0x0000,
 0x0000,
 0x0000,
 0x0000,
 0x0000,
 0x0000,
 0x0000,
 0x0000,
 0x0000,
 0x0000,
 0x0db3,
 0x0000,
 0x0000,
 0x0000,
 0x0000,
 0x0000,
 0x0000,
 0x0000,
 0x0000,
 0x0000,
 0x0000,
 0x0000,
 0x0000,
 0x0000,
 0x0000,
 0x0000,
 0x0000,
 0x0000,
 0x0000,
 0x0000,
 0x0000,
 0x0000,
 0x0000,
 0x0000,
 0x0000,
 0x0000,
 0x0000,
 0x0000,
 0x0000,
 0x0000,
 0x0000,
 0x0000,
 0x0000,
 0x0000,
 0x0000,
 0x0000,
 0x0000,
 0x0000,
 0x0000,
 0x0000,
 0x0000,
 0x0000,
 0x0000,
 0x0000,
 0x0000,
 0x0000,
 0x0000,
 0x0000,
 0x0000,
 0x0000,
 0x0000,
 0x0000,
 0x0000,
 0x0000,
 0x0000,
 0x0000,
 0x0000,
 0x0000,
 0x0000,
 0x0000,
 0x0000,
 0x0000,
 0x0000,
 0x0000,
 0x0000,
 0x0000,
 0x0000,
 0x0000,
 0x0000,
 0x0000,
 0x0000,
 0x0000,
 0x0000,
 0x0000,
 0x0000,
 0x0000,
 0x0000,
 0x0000,
 0x0000,
 0x0d77,
 0x0000,
 0x0000,
 0x0000,
 0x0000,
 0x0000,
 0x0000,
 0x0000,
 0x0000,
 0x0000,
 0x0000,
 0x0000,
 0x0000,
 0x0000,
 0x0000,
 0x0000,
 0x0db7,
 0x0000,
 0x0000,
 0x0000,
 0x0000,
 0x0000,
 0x0000,
 0x0000,
 0x0000,
 0x0000,
 0x0000,
 0x0000,
 0x0000,
 0x0000,
 0x0000,
 0x0000,
 0x0000,
 0x0000,
 0x0000,
 0x0000,
 0x0000,
 0x0000,
 0x0000,
 0x0000,
 0x0000,
 0x0000,
 0x0000,
 0x0000,
 0x0000,
 0x0000,
 0x0000,
 0x0000,
 0x0000,
 0x0000,
 0x0000,
 0x0000,
 0x0000,
 0x0000,
 0x0000,
 0x0000,
 0x0000,
 0x0000,
 0x0000,
 0x0000,
 0x0000,
 0x0000,
 0x0000,
 0x0000,
 0x0000,
 0x0000,
 0x0000,
 0x0000,
 0x0000,
 0x0000,
 0x0000,
 0x0000,
 0x0000,
 0x0000,
 0x0000,
 0x0000,
 0x0000,
 0x0000,
 0x0000,
 0x0000,
 0x0000,
 0x0000,
 0x0000,
 0x0000,
 0x0000,
 0x0000,
 0x0000,
 0x0000,
 0x0367,
 0x0000,
 0x0000,
 0x0000,
 0x0000,
 0x0000,
 0x0000,
 0x0000,
 0x0000,
 0x0000,
 0x0000,
 0x0000,
 0x0000,
 0x0000,
 0x0000,
 0x0000,
 0x0000,
 0x0000,
 0x0000,
 0x0000,
 0x0000,
 0x0000,
 0x0000,
 0x0000,
 0x0000,
 0x0000,
 0x0000,
 0x0000,
 0x0000,
 0x0000,
 0x0000,
 0x801a,
 0x0000,
 0x0000,
 0x0000,
 0x0000,
 0x0000,
 0x0000,
 0x0000,
 0x0000,
 0x0000,
 0x0000,
 0x0000,
 0x0000,
 0x0000,
 0x0000,
 0x0000,
 0x0000,
 0x0000,
 0x0000,
 0x0000,
 0x0000,
 0x0000,
 0x0000,
 0x0000,
 0x0000,
 0x0000,
 0x0000,
 0x0000,
 0x0000,
 0x0000,
 0x0000,
 0x0000,
 0x8017,
 0x0000,
 0x80ab,
 0x0000,
 0x0000,
 0x0000,
 0x0000,
 0x0000,
 0x0000,
 0x0000,
 0x0000,
 0x0000,
 0x0000,
 0x0000,
 0x0000,
 0x0000,
 0x0000,
 0x0000,
 0x0000,
 0x0000,
 0x0000,
 0x0000,
 0x0000,
 0x0000,
 0x0000,
 0x0000,
 0x0000,
 0x0000,
 0x0000,
 0x0000,
 0x0000,
 0x0000,
 0x0000,
 0x0000,
 0x0000,
 0x0000,
 0x0000,
 0x0000,
 0x0000,
 0x0000,
 0x0000,
 0x0000,
 0x0000,
 0x0000,
 0x0000,
 0x0000,
 0x0000,
 0x0000,
 0x0000,
 0x0000,
 0x0000,
 0x0000,
 0x0000,
 0x0000,
 0x0000,
 0x0000,
 0x0000,
 0x0000,
 0x0000,
 0x0000,
 0x0000,
 0x0000,
 0x0000,
 0x0000,
 0x0000,
 0x0000,
 0x0000,
 0x0000,
 0x0000,
 0x0000,
 0x0000,
 0x0000,
 0x0000,
 0x0000,
 0x0000,
 0x0000,
 0x0000,
 0x0000,
 0x0000,
 0x0000,
 0x0000,
 0x0000,
 0x814a,
 0x0000,
 0x0000,
 0x0000,
 0x0000,
 0x0000,
 0x0000,
 0x0000,
 0x0000,
 0x0000,
 0x0000,
 0x0000,
 0x0000,
 0x0000,
 0x0000,
 0x0000,
 0x0000,
 0x0000,
 0x0000,
 0x0000,
 0x0000,
 0x0000,
 0x0000,
 0x0000,
 0x0000,
 0x0000,
 0x0000,
 0x0000,
 0x0000,
 0x0000,
 0x0000,
 0x0000,
 0x0000,
 0x0000,
 0x0000,
 0x0000,
 0x0000,
 0x0000,
 0x0000,
 0x0000,
 0x0000,
 0x0000,
 0x0000,
 0x0000,
 0x0000,
 0x0000,
 0x0000,
 0x0000,
 0x0000,
 0x0000,
 0x0000,
 0x0000,
 0x0000,
 0x0000,
 0x0000,
 0x0000,
 0x0000,
 0x0000,
 0x0000,
 0x0000,
 0x0000,
 0x0000,
 0x0000,
 0x0000,
 0x0000,
 0x0000,
 0x0000,
 0x0000,
 0x0000,
 0x0000,
 0x0000,
 0x0000,
 0x0000,
 0x0000,
 0x0000,
 0x0000,
 0x0000,
 0x0000,
 0x0000,
 0x0000,
 0x0000,
 0x0000,
 0x0000,
 0x0000,
 0x0000,
 0x0000,
 0x0000,
 0x0000,
 0x0000,
 0x0000,
 0x0000,
 0x0000,
 0x0000,
 0x0000,
 0x0000,
 0x0000,
 0x0000,
 0x0000,
 0x0000,
 0x0000,
 0x0000,
 0x0000,
 0x0000,
 0x0000,
 0x0000,
 0x0000,
 0x0000,
 0x0000,
 0x0000,
 0x0000,
 0x0000,
 0x815f,
 0x0000,
 0x0000,
 0x0000,
 0x0000,
 0x0000,
 0x0000,
 0x0000,
 0x0000,
 0x0000,
 0x0000,
 0x0000,
 0x0000,
 0x0000,
 0x0000,
 0x0000,
 0x0000,
 0x0000,
 0x0000,
 0x0000,
 0x0000,
 0x0000,
 0x0000,
 0x0000,
 0x0000,
 0x0000,
 0x0000,
 0x0000,
 0x0000,
 0x0000,
 0x0000,
 0x0000,
 0x0000,
 0x0000,
 0x0000,
 0x0000,
 0x0000,
 0x0000,
 0x0000,
 0x0000,
 0x0000,
 0x0000,
 0x0000,
 0x0000,
 0x0000,
 0x8044,
 0x0000,
 0x0000,
 0x0000,
 0x0000,
 0x8106,
 0x0000,
 0x0000,
 0x0000,
 0x0000,
 0x0000,
 0x0000,
 0x0000,
 0x0000,
 0x0000,
 0x0000,
 0x0000,
 0x0000,
 0x0000,
 0x0000,
 0x0000,
 0x0000,
 0x0000,
 0x0000,
 0x0000,
 0x0000,
 0x0000,
 0x0000,
 0x0000,
 0x0000,
 0x0000,
 0x0000,
 0x0000,
 0x0000,
 0x0000,
 0x0000,
 0x0000,
 0x0000,
 0x0000,
 0x0000,
 0x0000,
 0x0000,
 0x0000,
 0x0000,
 0x0000,
 0x0000,
 0x0000,
 0x0000,
 0x0000,
 0x0000,
 0x0000,
 0x0000,
 0x0000,
 0x0000,
 0x0000,
 0x0000,
 0x0000,
 0x0000,
 0x0000,
 0x0000,
 0x0000,
 0x0000,
 0x0000,
 0x0000,
 0x0000,
 0x0000,
 0x0000,
 0x0000,
 0x0000,
 0x0000,
 0x0000,
 0x0000,
 0x0000,
 0x0000,
 0x0000,
 0x0000,
 0x0000,
 0x0000,
 0x8155,
 0x0000,
 0x0000,
 0x0000,
 0x0000,
 0x0000,
 0x0000,
 0x0000,
 0x0000,
 0x0000,
 0x0000,
 0x0000,
 0x0000,
 0x0000,
 0x0000,
 0x0000,
 0x0000,
 0x0000,
 0x0000,
 0x0000,
 0x0000,
 0x0000,
 0x0000,
 0x0000,
 0x0000,
 0x0000,
 0x0000,
 0x0000,
 0x0000,
 0x0000,
 0x0000,
 0x0000,
 0x0000,
 0x805b,
 0x0000,
 0x04a3,
 0x8118,
 0x0000,
 0x0000,
 0x0000,
 0x0000,
 0x0000,
 0x0000,
 0x0000,
 0x0000,
 0x0000,
 0x0000,
 0x0000,
 0x0000,
 0x0000,
 0x0000,
 0x0000,
 0x0000,
 0x0000,
 0x0000,
 0x0000,
 0x0000,
 0x0000,
 0x0000,
 0x0000,
 0x0000,
 0x0000,
 0x0000,
 0x0000,
 0x0000,
 0x0000,
 0x0000,
 0x0000,
 0x0000,
 0x0000,
 0x0000,
 0x0000,
 0x0000,
 0x0000,
 0x0000,
 0x0000,
 0x0000,
 0x0000,
 0x0000,
 0x0000,
 0x0000,
 0x0000,
 0x0000,
 0x0000,
 0x0000,
 0x0000,
 0x0000,
 0x0000,
 0x0000,
 0x0000,
 0x0000,
 0x0000,
 0x0000,
 0x0000,
 0x0000,
 0x0000,
 0x8000,
 0x0000,
 0x0000,
 0x0000,
 0x0000,
 0x0000,
 0x0000,
 0x0000,
 0x0000,
 0x0000,
 0x0000,
 0x0000,
 0x0000,
 0x0000,
 0x0000,
 0x0000,
 0x0000,
 0x0000,
 0x0000,
 0x0000,
 0x0000,
 0x0000,
 0x0000,
 0x0000,
 0x0000,
 0x0000,
 0x0000,
 0x0000,
 0x0000,
 0x0000,
 0x0000,
 0x0000,
 0x0000,
 0x0000,
 0x0000,
 0x0000,
 0x0000,
 0x0000,
 0x0000,
 0x0000,
 0x0000,
 0x0000,
 0x0000,
 0x0000,
 0x0000,
 0x0000,
 0x0000,
 0x0000,
 0x0000,
 0x0000,
 0x0000,
 0x0000,
 0x0000,
 0x0000,
 0x0000,
 0x0000,
 0x0000,
 0x0000,
 0x0000,
 0x0000,
 0x0000,
 0x0000,
 0x0000,
 0x0000,
 0x0000,
 0x0000,
 0x0000,
 0x0000,
 0x0000,
 0x0000,
 0x0000,
 0x0000,
 0x0000,
 0x0000,
 0x0000,
 0x0000,
 0x0000,
 0x0000,
 0x0000,
 0x0000,
 0x0000,
 0x0000,
 0x0000,
 0x0000,
 0x0000,
 0x0000,
 0x0000,
 0x0000,
 0x0000,
 0x0000,
 0x0000,
 0x0000,
 0x0000,
 0x10cd,
 0x0000,
 0x0000,
 0x0000,
 0x0000,
 0x0000,
 0x0000,
 0x0000,
 0x0000,
 0x0000,
 0x0000,
 0x0000,
 0x0000,
 0x0000,
 0x0000,
 0x0000,
 0x0000,
 0x0000,
 0x0000,
 0x0000,
 0x0000,
 0x0000,
 0x0000,
 0x0000,
 0x0000,
 0x0000,
 0x8063,
 0x0000,
 0x0000,
 0x0000,
 0x0000,
 0x0000,
 0x0000,
 0x0000,
 0x0000,
 0x0000,
 0x0000,
 0x0000,
 0x0000,
 0x0000,
 0x0000,
 0x0000,
 0x0000,
 0x0000,
 0x0000,
 0x0000,
 0x0000,
 0x0000,
 0x0000,
 0x0000,
 0x0000,
 0x0000,
 0x0000,
 0x0000,
 0x0000,
 0x0000,
 0x0000,
 0x0000,
 0x0000,
 0x0000,
 0x0000,
 0x0000,
 0x0000,
 0x0000,
 0x0000,
 0x0000,
 0x0000,
 0x0000,
 0x0000,
 0x0000,
 0x0000,
 0x0000,
 0x0000,
 0x0000,
 0x0000,
 0x0000,
 0x0000,
 0x0000,
 0x0000,
 0x0000,
 0x0000,
 0x0000,
 0x0000,
 0x0000,
 0x0000,
 0x0000,
 0x0000,
 0x0000,
 0x0000,
 0x0000,
 0x0000,
 0x0000,
 0x0000,
 0x0000,
 0x0000,
 0x0000,
 0x0000,
 0x0000,
 0x0000,
 0x0000,
 0x0000,
 0x0000,
 0x0000,
 0x0000,
 0x0000,
 0x0000,
 0x0000,
 0x0000,
 0x0000,
 0x0000,
 0x0000,
 0x0000,
 0x0000,
 0x0000,
 0x0000,
 0x0000,
 0x0000,
 0x0000,
 0x0000,
 0x0dbb,
 0x0000,
 0x0000,
 0x0000,
 0x0000,
 0x0000,
 0x0000,
 0x0000,
 0x0000,
 0x0000,
 0x0000,
 0x0000,
 0x0000,
 0x0000,
 0x0000,
 0x0000,
 0x0000,
 0x0000,
 0x0000,
 0x0000,
 0x0000,
 0x0000,
 0x0000,
 0x0000,
 0x0000,
 0x0000,
 0x0000,
 0x0000,
 0x0000,
 0x0000,
 0x0000,
 0x0000,
 0x0000,
 0x0000,
 0x0000,
 0x0000,
 0x0000,
 0x0000,
 0x0000,
 0x0000,
 0x0000,
 0x0000,
 0x0000,
 0x0000,
 0x0000,
 0x0000,
 0x0000,
 0x0000,
 0x0000,
 0x0000,
 0x0000,
 0x0000,
 0x0000,
 0x0000,
 0x0000,
 0x0000,
 0x0000,
 0x0000,
 0x0000,
 0x0000,
 0x0000,
 0x0000,
 0x0000,
 0x8096,
 0x0000,
 0x0000,
 0x0000,
 0x0000,
 0x0000,
 0x0000,
 0x0000,
 0x0000,
 0x0000,
 0x0000,
 0x0000,
 0x0000,
 0x0000,
 0x0000,
 0x0000,
 0x0000,
 0x0000,
 0x80ed,
 0x0000,
 0x0000,
 0x0000,
 0x0000,
 0x0000,
 0x0000,
 0x0000,
 0x0000,
 0x0000,
 0x0000,
 0x0000,
 0x0000,
 0x0000,
 0x0000,
 0x0000,
 0x0000,
 0x0000,
 0x0000,
 0x0000,
 0x0000,
 0x0000,
 0x0000,
 0x0000,
 0x0000,
 0x0000,
 0x0000,
 0x0000,
 0x0000,
 0x0000,
 0x0000,
 0x0000,
 0x0000,
 0x0000,
 0x0000,
 0x0000,
 0x0000,
 0x0000,
 0x0000,
 0x0000,
 0x8073,
 0x0000,
 0x0000,
 0x0000,
 0x0000,
 0x0000,
 0x0000,
 0x0000,
 0x0000,
 0x0000,
 0x0000,
 0x0000,
 0x0000,
 0x0000,
 0x0000,
 0x0000,
 0x0000,
 0x0000,
 0x0000,
 0x0000,
 0x0000,
 0x0000,
 0x0000,
 0x0000,
 0x0000,
 0x0000,
 0x0000,
 0x0000,
 0x0000,
 0x0000,
 0x0000,
 0x0000,
 0x0000,
 0x0000,
 0x0000,
 0x0000,
 0x0000,
 0x0000,
 0x0000,
 0x0000,
 0x0000,
 0x0000,
 0x0000,
 0x0000,
 0x0000,
 0x0000,
 0x0000,
 0x0000,
 0x0000,
 0x0000,
 0x0000,
 0x0000,
 0x0000,
 0x0000,
 0x0000,
 0x03df,
 0x0000,
 0x0000,
 0x0000,
 0x0000,
 0x0000,
 0x0000,
 0x0000,
 0x0000,
 0x0000,
 0x0000,
 0x0000,
 0x0000,
 0x0000,
 0x0000,
 0x0000,
 0x0000,
 0x0000,
 0x0000,
 0x0000,
 0x0000,
 0x0000,
 0x0000,
 0x0000,
 0x0000,
 0x0000,
 0x0000,
 0x0000,
 0x0000,
 0x0000,
 0x0000,
 0x0000,
 0x0000,
 0x0000,
 0x0000,
 0x0000,
 0x0000,
 0x0000,
 0x0000,
 0x0000,
 0x0000,
 0x0000,
 0x0000,
 0x0000,
 0x0000,
 0x0000,
 0x0000,
 0x0000,
 0x0000,
 0x0000,
 0x0000,
 0x0000,
 0x0000,
 0x0000,
 0x0000,
 0x0000,
 0x0000,
 0x0000,
 0x0000,
 0x0000,
 0x0000,
 0x0000,
 0x0000,
 0x0000,
 0x0000,
 0x0000,
 0x0000,
 0x0000,
 0x0000,
 0x0000,
 0x0000,
 0x0000,
 0x0000,
 0x0000,
 0x0000,
 0x0000,
 0x0000,
 0x0000,
 0x0000,
 0x0000,
 0x0000,
 0x0000,
 0x0000,
 0x0000,
 0x0000,
 0x0000,
 0x0000,
 0x0000,
 0x0000,
 0x0000,
 0x0000,
 0x0000,
 0x0000,
 0x0000,
 0x0000,
 0x0000,
 0x0000,
 0x0000,
 0x0000,
 0x0000,
 0x0116,
 0x0000,
 0x0000,
 0x0000,
 0x0000,
 0x0000,
 0x0000,
 0x0000,
 0x0000,
 0x0000,
 0x0000,
 0x0000,
 0x0000,
 0x0000,
 0x0000,
 0x0000,
 0x0000,
 0x0000,
 0x0000,
 0x0000,
 0x0000,
 0x0000,
 0x0000,
 0x0000,
 0x0000,
 0x0000,
 0x0000,
 0x0000,
 0x0000,
 0x0000,
 0x0000,
 0x0000,
 0x0000,
 0x0000,
 0x0000,
 0x0000,
 0x0000,
 0x0000,
 0x0000,
 0x0000,
 0x0000,
 0x0000,
 0x0000,
 0x0000,
 0x0000,
 0x0000,
 0x0000,
 0x0000,
 0x0000,
 0x0000,
 0x0000,
 0x0000,
 0x0000,
 0x0000,
 0x0000,
 0x0000,
 0x0000,
 0x0000,
 0x0000,
 0x0000,
 0x0000,
 0x0000,
 0x0000,
 0x0000,
 0x0000,
 0x0000,
 0x0000,
 0x0000,
 0x0000,
 0x0000,
 0x0000,
 0x0000,
 0x0000,
 0x0000,
 0x0000,
 0x0000,
 0x0000,
 0x0000,
 0x0000,
 0x0000,
 0x0000,
 0x0000,
 0x0000,
 0x0000,
 0x0000,
 0x0000,
 0x0000,
 0x0000,
 0x0000,
 0x0000,
 0x0000,
 0x0000,
 0x0000,
 0x0000,
 0x0000,
 0x0000,
 0x0000,
 0x0000,
 0x0000,
 0x0000,
 0x0000,
 0x0000,
 0x0000,
 0x0000,
 0x0000,
 0x0000,
 0x0000,
 0x0000,
 0x0000,
 0x0000,
 0x0000,
 0x811b,
 0x0000,
 0x0000,
 0x0000,
 0x0000,
 0x0000,
 0x0000,
 0x0000,
 0x0000,
 0x0000,
 0x0000,
 0x0000,
 0x0000,
 0x0000,
 0x0000,
 0x0000,
 0x06dc,
 0x0000,
 0x0000,
 0x0000,
 0x0000,
 0x0000,
 0x0000,
 0x0000,
 0x0000,
 0x0000,
 0x0000,
 0x0000,
 0x035b,
 0x0000,
 0x0000,
 0x0000,
 0x0000,
 0x0000,
 0x0000,
 0x0000,
 0x0000,
 0x0000,
 0x0000,
 0x0000,
 0x0000,
 0x0000,
 0x0000,
 0x0a76,
 0x0000,
 0x0000,
 0x0000,
 0x0000,
 0x0000,
 0x0000,
 0x0000,
 0x0000,
 0x0000,
 0x0000,
 0x0000,
 0x0000,
 0x0000,
 0x0000,
 0x0000,
 0x0000,
 0x0000,
 0x0000,
 0x0000,
 0x0000,
 0x0000,
 0x0000,
 0x0000,
 0x0000,
 0x0000,
 0x0000,
 0x0000,
 0x0000,
 0x0000,
 0x0510,
 0x0000,
 0x0000,
 0x0000,
 0x0000,
 0x0a4c,
 0x0000,
 0x0000,
 0x0000,
 0x0000,
 0x0000,
 0x0000,
 0x0000,
 0x0000,
 0x0000,
 0x0000,
 0x0000,
 0x0000,
 0x0000,
 0x0000,
 0x0000,
 0x0000,
 0x0000,
 0x0000,
 0x0000,
 0x0f78,
 0x0000,
 0x8042,
 0x0000,
 0x0000,
 0x0000,
 0x0000,
 0x0000,
 0x0000,
 0x0000,
 0x0000,
 0x0000,
 0x0000,
 0x0000,
 0x0000,
 0x0000,
 0x0000,
 0x0000,
 0x0000,
 0x0000,
 0x0000,
 0x0000,
 0x0000,
 0x0000,
 0x0000,
 0x0000,
 0x0000,
 0x0000,
 0x0000,
 0x0000,
 0x0000,
 0x0000,
 0x0000,
 0x0000,
 0x0000,
 0x0000,
 0x0000,
 0x0000,
 0x0000,
 0x0000,
 0x0000,
 0x0000,
 0x0000,
 0x0000,
 0x0000,
 0x0000,
 0x0000,
 0x0000,
 0x0000,
 0x0000,
 0x0000,
 0x0000,
 0x0000,
 0x0000,
 0x0000,
 0x0000,
 0x0000,
 0x0000,
 0x0000,
 0x0000,
 0x0000,
 0x0000,
 0x0000,
 0x0000,
 0x0000,
 0x0000,
 0x0000,
 0x0000,
 0x0000,
 0x0000,
 0x0000,
 0x0000,
 0x0000,
 0x0000,
 0x0000,
 0x0000,
 0x0000,
 0x0000,
 0x0000,
 0x0000,
 0x0000,
 0x0000,
 0x0000,
 0x0000,
 0x0000,
 0x0000,
 0x0000,
 0x0000,
 0x0000,
 0x0000,
 0x0000,
 0x0000,
 0x0000,
 0x108e,
 0x0000,
 0x0000,
 0x0000,
 0x0000,
 0x0000,
 0x0000,
 0x0000,
 0x0000,
 0x0000,
 0x0000,
 0x0000,
 0x0000,
 0x0000,
 0x0000,
 0x0000,
 0x0000,
 0x0000,
 0x8059,
 0x0000,
 0x0000,
 0x0000,
 0x10cf,
 0x0000,
 0x0000,
 0x0a19,
 0x0000,
 0x0000,
 0x0000,
 0x0000,
 0x0000,
 0x0000,
 0x0000,
 0x0000,
 0x0000,
 0x0000,
 0x0000,
 0x0000,
 0x0000,
 0x0000,
 0x0000,
 0x0000,
 0x0000,
 0x0000,
 0x0000,
 0x0000,
 0x0000,
 0x0000,
 0x0000,
 0x0000,
 0x0000,
 0x0000,
 0x0000,
 0x0000,
 0x0000,
 0x0000,
 0x0000,
 0x0000,
 0x0000,
 0x0dad,
 0x0000,
 0x0000,
 0x0000,
 0x0000,
 0x0000,
 0x0000,
 0x0000,
 0x0000,
 0x0000,
 0x0000,
 0x0000,
 0x8110,
 0x0000,
 0x0000,
 0x0000,
 0x8121,
 0x0000,
 0x0000,
 0x0000,
 0x0000,
 0x0000,
 0x0000,
 0x0000,
 0x0000,
 0x0000,
 0x0000,
 0x0000,
 0x0000,
 0x0000,
 0x0000,
 0x0000,
 0x0000,
 0x0000,
 0x0000,
 0x0000,
 0x0000,
 0x0000,
 0x0000,
 0x0000,
 0x0000,
 0x0000,
 0x0000,
 0x0000,
 0x0000,
 0x0000,
 0x0000,
 0x0000,
 0x0000,
 0x0000,
 0x0000,
 0x0000,
 0x0000,
 0x0000,
 0x0000,
 0x0000,
 0x0000,
 0x0000,
 0x0000,
 0x0000,
 0x0000,
 0x0000,
 0x0000,
 0x0000,
 0x0000,
 0x0000,
 0x0000,
 0x0000,
 0x0000,
 0x0000,
 0x0000,
 0x0000,
 0x0000,
 0x0000,
 0x0000,
 0x0000,
 0x0000,
 0x0000,
 0x0000,
 0x0000,
 0x0000,
 0x0000,
 0x0000,
 0x0000,
 0x0000,
 0x0000,
 0x0000,
 0x0000,
 0x0000,
 0x0000,
 0x0000,
 0x0000,
 0x0000,
 0x0000,
 0x0000,
 0x0000,
 0x0000,
 0x0000,
 0x0000,
 0x0000,
 0x0000,
 0x0000,
 0x0000,
 0x0000,
 0x0000,
 0x0000,
 0x0000,
 0x0000,
 0x0000,
 0x0000,
 0x0000,
 0x0000,
 0x0000,
 0x0000,
 0x0000,
 0x0000,
 0x0000,
 0x0000,
 0x0000,
 0x0000,
 0x0000,
 0x0000,
 0x0000,
 0x0000,
 0x0000,
 0x0000,
 0x0000,
 0x0000,
 0x0000,
 0x0000,
 0x0000,
 0x0000,
 0x0000,
 0x0000,
 0x0000,
 0x0000,
 0x0000,
 0x0000,
 0x0000,
 0x1079,
 0x0000,
 0x0000,
 0x0000,
 0x0000,
 0x0000,
 0x0000,
 0x0000,
 0x0000,
 0x0000,
 0x0000,
 0x0000,
 0x0000,
 0x0000,
 0x0000,
 0x0000,
 0x0000,
 0x0000,
 0x0000,
 0x0000,
 0x8064,
 0x0000,
 0x0000,
 0x0000,
 0x0000,
 0x0000,
 0x0000,
 0x0000,
 0x0000,
 0x0000,
 0x0000,
 0x0000,
 0x0000,
 0x0000,
 0x0000,
 0x0000,
 0x0000,
 0x0000,
 0x0000,
 0x0000,
 0x0000,
 0x0000,
 0x0000,
 0x0000,
 0x0000,
 0x0000,
 0x0000,
 0x0000,
 0x0000,
 0x0000,
 0x0000,
 0x0000,
 0x0000,
 0x0000,
 0x0000,
 0x0000,
 0x0000,
 0x0000,
 0x0000,
 0x0000,
 0x0000,
 0x0000,
 0x0000,
 0x0000,
 0x0000,
 0x0000,
 0x0000,
 0x0000,
 0x0000,
 0x0000,
 0x0000,
 0x0000,
 0x0000,
 0x0000,
 0x0000,
 0x0000,
 0x0000,
 0x0000,
 0x0000,
 0x0000,
 0x0000,
 0x0000,
 0x0000,
 0x0000,
 0x0000,
 0x0000,
 0x0000,
 0x0000,
 0x0000,
 0x0000,
 0x0000,
 0x0000,
 0x0000,
 0x0000,
 0x0000,
 0x0000,
 0x0000,
 0x0000,
 0x0000,
 0x0000,
 0x80e2,
 0x0000,
 0x0000,
 0x0000,
 0x0000,
 0x0000,
 0x0000,
 0x0000,
 0x0000,
 0x0000,
 0x0000,
 0x0000,
 0x0000,
 0x0000,
 0x0000,
 0x0000,
 0x0000,
 0x0000,
 0x0000,
 0x0000,
 0x0000,
 0x0000,
 0x0000,
 0x0000,
 0x0000,
 0x0000,
 0x0000,
 0x0000,
 0x0000,
 0x0000,
 0x0000,
 0x0000,
 0x0000,
 0x0000,
 0x0000,
 0x0000,
 0x0000,
 0x0000,
 0x0000,
 0x0000,
 0x0000,
 0x0000,
 0x0000,
 0x0000,
 0x0000,
 0x0000,
 0x0000,
 0x0000,
 0x0000,
 0x0000,
 0x0000,
 0x0000,
 0x0000,
 0x0000,
 0x0000,
 0x0000,
 0x0000,
 0x0000,
 0x0000,
 0x0000,
 0x0000,
 0x0000,
 0x0000,
 0x0000,
 0x0000,
 0x0000,
 0x0000,
 0x0000,
 0x0000,
 0x0000,
 0x0000,
 0x0000,
 0x0000,
 0x0000,
 0x0000,
 0x0000,
 0x0000,
 0x0000,
 0x0000,
 0x0000,
 0x0000,
 0x0000,
 0x0000,
 0x0000,
 0x0000,
 0x0000,
 0x0000,
 0x0000,
 0x0000,
 0x0000,
 0x0000,
 0x0000,
 0x0000,
 0x0000,
 0x0000,
 0x0000,
 0x0000,
 0x01f1,
 0x0000,
 0x0000,
 0x0000,
 0x0000,
 0x0000,
 0x0000,
 0x0000,
 0x0000,
 0x0000,
 0x0000,
 0x0000,
 0x0000,
 0x0000,
 0x0000,
 0x0000,
 0x0000,
 0x0000,
 0x0000,
 0x0000,
 0x0000,
 0x80b2,
 0x0000,
 0x0000,
 0x0000,
 0x0000,
 0x0000,
 0x0000,
 0x0000,
 0x0000,
 0x0000,
 0x0000,
 0x0000,
 0x0000,
 0x0000,
 0x0000,
 0x0000,
 0x0000,
 0x0000,
 0x0000,
 0x0000,
 0x0000,
 0x0000,
 0x0000,
 0x0000,
 0x0715,
 0x0000,
 0x0000,
 0x0000,
 0x0000,
 0x0000,
 0x0000,
 0x0000,
 0x0000,
 0x0000,
 0x0000,
 0x0000,
 0x0000,
 0x0000,
 0x0000,
 0x0000,
 0x0000,
 0x0000,
 0x0000,
 0x0000,
 0x80f1,
 0x0000,
 0x0000,
 0x0000,
 0x011e,
 0x0000,
 0x0000,
 0x0000,
 0x0000,
 0x0000,
 0x0000,
 0x0000,
 0x0000,
 0x0000,
 0x0000,
 0x0000,
 0x0000,
 0x0000,
 0x0000,
 0x0000,
 0x0000,
 0x0000,
 0x0000,
 0x0000,
 0x0000,
 0x0000,
 0x0000,
 0x0000,
 0x0000,
 0x0000,
 0x0000,
 0x0000,
 0x0000,
 0x0000,
 0x0000,
 0x0000,
 0x0000,
 0x0000,
 0x0000,
 0x0000,
 0x0000,
 0x0000,
 0x0000,
 0x0000,
 0x0000,
 0x0000,
 0x0000,
 0x0000,
 0x0000,
 0x0000,
 0x0000,
 0x0000,
 0x0000,
 0x0000,
 0x0000,
 0x0000,
 0x0000,
 0x0000,
 0x0000,
 0x0000,
 0x0000,
 0x0000,
 0x0000,
 0x0000,
 0x0000,
 0x0000,
 0x0000,
 0x0000,
 0x0000,
 0x0000,
 0x0000,
 0x0000,
 0x0000,
 0x0000,
 0x0000,
 0x0000,
 0x0000,
 0x0000,
 0x0000,
 0x0000,
 0x0000,
 0x0000,
 0x0000,
 0x0000,
 0x0000,
 0x0000,
 0x0000,
 0x0000,
 0x0000,
 0x0000,
 0x0000,
 0x0000,
 0x0000,
 0x0000,
 0x0000,
 0x0000,
 0x0000,
 0x0000,
 0x0000,
 0x0000,
 0x0000,
 0x0000,
 0x0000,
 0x0000,
 0x0000,
 0x0000,
 0x0000,
 0x0000,
 0x0000,
 0x0000,
 0x0000,
 0x0000,
 0x817a,
 0x0000,
 0x0000,
 0x0000,
 0x0000,
 0x0000,
 0x043a,
 0x0000,
 0x0000,
 0x0000,
 0x0000,
 0x0000,
 0x0000,
 0x0000,
 0x0000,
 0x0000,
 0x0000,
 0x0000,
 0x0000,
 0x0000,
 0x0000,
 0x0000,
 0x0000,
 0x0000,
 0x0000,
 0x0000,
 0x0000,
 0x0000,
 0x0000,
 0x0000,
 0x0000,
 0x0000,
 0x0000,
 0x0000,
 0x0000,
 0x0000,
 0x0000,
 0x0000,
 0x0000,
 0x0000,
 0x0000,
 0x0000,
 0x0000,
 0x0000,
 0x0000,
 0x0000,
 0x0000,
 0x0000,
 0x0000,
 0x0000,
 0x0000,
 0x0000,
 0x0000,
 0x0000,
 0x0000,
 0x0000,
 0x0000,
 0x0000,
 0x0000,
 0x0000,
 0x0000,
 0x0000,
 0x0000,
 0x0000,
 0x0000,
 0x0000,
 0x0000,
 0x10c9,
 0x0000,
 0x0000,
 0x0000,
 0x0000,
 0x0000,
 0x0000,
 0x0000,
 0x0000,
 0x0000,
 0x0000,
 0x0000,
 0x0000,
 0x0000,
 0x0000,
 0x0000,
 0x0000,
 0x0000,
 0x0000,
 0x0000,
 0x0000,
 0x0000,
 0x0000,
 0x0000,
 0x0000,
 0x0000,
 0x0000,
 0x0000,
 0x0000,
 0x0000,
 0x0000,
 0x0000,
 0x0000,
 0x0000,
 0x0000,
 0x0000,
 0x0000,
 0x0000,
 0x0000,
 0x0000,
 0x0000,
 0x0000,
 0x0000,
 0x0000,
 0x0000,
 0x0000,
 0x0000,
 0x0000,
 0x0000,
 0x0000,
 0x0000,
 0x0000,
 0x0000,
 0x0000,
 0x0000,
 0x0000,
 0x0000,
 0x0000,
 0x0000,
 0x0000,
 0x0000,
 0x0000,
 0x0000,
 0x0000,
 0x0000,
 0x0000,
 0x0000,
 0x0000,
 0x0000,
 0x0000,
 0x0000,
 0x0000,
 0x0000,
 0x0000,
 0x0000,
 0x0000,
 0x0000,
 0x0000,
 0x0000,
 0x0000,
 0x0000,
 0x0000,
 0x0000,
 0x0000,
 0x0000,
 0x0000,
 0x0000,
 0x0000,
 0x0000,
 0x0000,
 0x0000,
 0x0000,
 0x0000,
 0x0000,
 0x0000,
 0x0000,
 0x0000,
 0x0000,
 0x0000,
 0x0000,
 0x0000,
 0x0000,
 0x0000,
 0x0000,
 0x0000,
 0x0000,
 0x0000,
 0x0000,
 0x0000,
 0x0000,
 0x0000,
 0x0000,
 0x0000,
 0x0000,
 0x0000,
 0x0000,
 0x0000,
 0x0000,
 0x8053,
 0x0000,
 0x0000,
 0x0000,
 0x0000,
 0x0000,
 0x0000,
 0x0000,
 0x0000,
 0x0000,
 0x0000,
 0x0000,
 0x0000,
 0x8091,
 0x0000,
 0x0000,
 0x0000,
 0x0000,
 0x0000,
 0x0000,
 0x0000,
 0x0000,
 0x0000,
 0x0000,
 0x0000,
 0x0000,
 0x0000,
 0x0000,
 0x0000,
 0x0000,
 0x0000,
 0x0000,
 0x0000,
 0x0000,
 0x0000,
 0x0000,
 0x0000,
 0x0000,
 0x0000,
 0x0000,
 0x0000,
 0x0000,
 0x0000,
 0x0000,
 0x0000,
 0x0000,
 0x0000,
 0x0000,
 0x0000,
 0x0000,
 0x0000,
 0x0000,
 0x0000,
 0x0000,
 0x0000,
 0x0000,
 0x0000,
 0x0000,
 0x0000,
 0x0000,
 0x0000,
 0x0000,
 0x0000,
 0x0000,
 0x0000,
 0x0000,
 0x0000,
 0x0000,
 0x0000,
 0x0000,
 0x0000,
 0x0000,
 0x0000,
 0x0000,
 0x0000,
 0x0000,
 0x0000,
 0x0000,
 0x0000,
 0x0000,
 0x0000,
 0x0000,
 0x0000,
 0x0000,
 0x0000,
 0x0000,
 0x0000,
 0x0000,
 0x0000,
 0x0000,
 0x0000,
 0x0000,
 0x0000,
 0x0000,
 0x0000,
 0x0000,
 0x0000,
 0x80ad,
 0x0000,
 0x0000,
 0x0000,
 0x0000,
 0x0000,
 0x0000,
 0x0000,
 0x0000,
 0x0000,
 0x0000,
 0x0000,
 0x0000,
 0x0000,
 0x0000,
 0x0000,
 0x0000,
 0x0f38,
 0x0000,
 0x0000,
 0x0000,
 0x0000,
 0x0000,
 0x0000,
 0x0000,
 0x0000,
 0x0000,
 0x0000,
 0x0000,
 0x0000,
 0x0000,
 0x0000,
 0x0000,
 0x0000,
 0x0000,
 0x0000,
 0x0000,
 0x0000,
 0x0000,
 0x0000,
 0x0000,
 0x0000,
 0x80c4,
 0x0000,
 0x0000,
 0x0000,
 0x0000,
 0x0000,
 0x0000,
 0x0000,
 0x0000,
 0x0000,
 0x0000,
 0x0000,
 0x0000,
 0x0000,
 0x0000,
 0x0000,
 0x0000,
 0x0000,
 0x0000,
 0x0000,
 0x0000,
 0x0000,
 0x0000,
 0x0000,
 0x0000,
 0x0000,
 0x0000,
 0x0000,
 0x0000,
 0x0000,
 0x0000,
 0x0000,
 0x0000,
 0x0000,
 0x0000,
 0x0000,
 0x0000,
 0x0000,
 0x0000,
 0x0000,
 0x0000,
 0x0000,
 0x0000,
 0x0000,
 0x0000,
 0x0000,
 0x0000,
 0x0000,
 0x0000,
 0x0000,
 0x0000,
 0x0000,
 0x0000,
 0x0000,
 0x805d,
 0x0000,
 0x0000,
 0x0000,
 0x0000,
 0x0000,
 0x0000,
 0x0000,
 0x0000,
 0x0000,
 0x0000,
 0x0000,
 0x0000,
 0x03dd,
 0x8015,
 0x0000,
 0x0474,
 0x0000,
 0x0000,
 0x0000,
 0x0000,
 0x0000,
 0x0000,
 0x0000,
 0x0000,
 0x0000,
 0x0000,
 0x0000,
 0x0000,
 0x0000,
 0x0000,
 0x0000,
 0x0000,
 0x0000,
 0x0000,
 0x0000,
 0x0000,
 0x0000,
 0x0000,
 0x0000,
 0x0000,
 0x0000,
 0x0000,
 0x0000,
 0x0000,
 0x0000,
 0x0000,
 0x0000,
 0x0000,
 0x8090,
 0x0000,
 0x0000,
 0x0000,
 0x0000,
 0x0000,
 0x0000,
 0x0000,
 0x0000,
 0x0000,
 0x0000,
 0x0000,
 0x0000,
 0x0000,
 0x0000,
 0x0000,
 0x0000,
 0x0000,
 0x0000,
 0x0000,
 0x0000,
 0x0000,
 0x0000,
 0x0000,
 0x0000,
 0x0000,
 0x0000,
 0x0000,
 0x0000,
 0x0000,
 0x0000,
 0x0000,
 0x0000,
 0x0000,
 0x0000,
 0x0000,
 0x0000,
 0x0000,
 0x0000,
 0x0000,
 0x0000,
 0x0000,
 0x0000,
 0x0a6b,
 0x0000,
 0x0000,
 0x0000,
 0x0000,
 0x0000,
 0x0000,
 0x0000,
 0x0000,
 0x0000,
 0x0000,
 0x0000,
 0x0000,
 0x0000,
 0x8150,
 0x0000,
 0x0000,
 0x0000,
 0x0000,
 0x80d0,
 0x0000,
 0x0000,
 0x0000,
 0x0000,
 0x0000,
 0x0000,
 0x0000,
 0x0000,
 0x0000,
 0x0000,
 0x0000,
 0x0000,
 0x0000,
 0x0000,
 0x0000,
 0x0000,
 0x0000,
 0x0000,
 0x0000,
 0x0000,
 0x0000,
 0x0000,
 0x0000,
 0x0000,
 0x0000,
 0x0000,
 0x0000,
 0x0000,
 0x0000,
 0x0000,
 0x0000,
 0x0000,
 0x0000,
 0x0000,
 0x0000,
 0x0000,
 0x0000,
 0x0000,
 0x0000,
 0x0000,
 0x0000,
 0x0000,
 0x0000,
 0x0000,
 0x0000,
 0x0000,
 0x8080,
 0x0000,
 0x0000,
 0x0000,
 0x0000,
 0x0f34,
 0x0000,
 0x0000,
 0x0000,
 0x0000,
 0x0000,
 0x0000,
 0x0000,
 0x8123,
 0x0000,
 0x0000,
 0x0000,
 0x0000,
 0x0000,
 0x0000,
 0x0000,
 0x0000,
 0x0000,
 0x0000,
 0x0000,
 0x0000,
 0x0000,
 0x0000,
 0x0000,
 0x0000,
 0x0000,
 0x0000,
 0x0000,
 0x0000,
 0x0000,
 0x0000,
 0x0000,
 0x0000,
 0x0000,
 0x0000,
 0x0000,
 0x0000,
 0x0000,
 0x0000,
 0x0000,
 0x0000,
 0x0000,
 0x0000,
 0x0000,
 0x0000,
 0x0000,
 0x0000,
 0x0000,
 0x0000,
 0x0000,
 0x0000,
 0x0000,
 0x0000,
 0x0000,
 0x0000,
 0x0000,
 0x0000,
 0x8051,
 0x0000,
 0x0000,
 0x0000,
 0x0000,
 0x0000,
 0x0000,
 0x0000,
 0x0000,
 0x0000,
 0x0000,
 0x0000,
 0x0000,
 0x0000,
 0x0000,
 0x0000,
 0x0000,
 0x0000,
 0x0000,
 0x0000,
 0x0000,
 0x0000,
 0x0000,
 0x0000,
 0x0000,
 0x0000,
 0x0000,
 0x0000,
 0x0000,
 0x0000,
 0x0000,
 0x0000,
 0x0000,
 0x0000,
 0x0000,
 0x0000,
 0x0000,
 0x0000,
 0x0000,
 0x0000,
 0x0000,
 0x0000,
 0x0000,
 0x0000,
 0x0000,
 0x0000,
 0x0000,
 0x0000,
 0x0000,
 0x0000,
 0x0000,
 0x0000,
 0x0000,
 0x0000,
 0x0000,
 0x0000,
 0x0000,
 0x0000,
 0x0000,
 0x0000,
 0x0000,
 0x0000,
 0x0000,
 0x0000,
 0x0000,
 0x0000,
 0x0000,
 0x0000,
 0x0000,
 0x0000,
 0x0000,
 0x0000,
 0x0000,
 0x0000,
 0x0000,
 0x0000,
 0x0000,
 0x0000,
 0x0000,
 0x0000,
 0x0000,
 0x0000,
 0x0000,
 0x0000,
 0x0000,
 0x0000,
 0x0000,
 0x0000,
 0x0000,
 0x0000,
 0x0000,
 0x0000,
 0x0000,
 0x0000,
 0x0000,
 0x0000,
 0x0000,
 0x0000,
 0x0000,
 0x0000,
 0x0000,
 0x0000,
 0x0000,
 0x0000,
 0x0000,
 0x0000,
 0x0000,
 0x0000,
 0x0000,
 0x0000,
 0x0000,
 0x0000,
 0x0000,
 0x0000,
 0x0000,
 0x0000,
 0x0000,
 0x0000,
 0x0000,
 0x0000,
 0x0000,
 0x0000,
 0x0000,
 0x0000,
 0x0000,
 0x0000,
 0x0000,
 0x0000,
 0x0000,
 0x0000,
 0x0000,
 0x0000,
 0x0000,
 0x0000,
 0x0000,
 0x0000,
 0x0000,
 0x0000,
 0x0000,
 0x0000,
 0x0000,
 0x0000,
 0x0000,
 0x0000,
 0x0000,
 0x0000,
 0x0000,
 0x0000,
 0x0000,
 0x0000,
 0x0000,
 0x0000,
 0x0000,
 0x0000,
 0x0000,
 0x0000,
 0x0000,
 0x0000,
 0x0000,
 0x0000,
 0x0000,
 0x0000,
 0x0000,
 0x0000,
 0x0000,
 0x807e,
 0x0000,
 0x0000,
 0x0461,
 0x0000,
 0x0000,
 0x0000,
 0x0000,
 0x0000,
 0x0000,
 0x0000,
 0x0000,
 0x0000,
 0x0000,
 0x0000,
 0x0000,
 0x0000,
 0x0000,
 0x0000,
 0x0000,
 0x0000,
 0x0000,
 0x0000,
 0x0000,
 0x0000,
 0x0000,
 0x0000,
 0x0000,
 0x0000,
 0x0000,
 0x0000,
 0x0000,
 0x0000,
 0x0000,
 0x0000,
 0x0000,
 0x0000,
 0x0000,
 0x0000,
 0x0000,
 0x0000,
 0x0000,
 0x0000,
 0x0000,
 0x0000,
 0x0000,
 0x0000,
 0x0000,
 0x0000,
 0x0000,
 0x0000,
 0x0000,
 0x0000,
 0x0000,
 0x0000,
 0x0000,
 0x0000,
 0x0000,
 0x0000,
 0x0000,
 0x0000,
 0x0000,
 0x0000,
 0x0000,
 0x0000,
 0x0000,
 0x0000,
 0x0000,
 0x0000,
 0x0000,
 0x0000,
 0x0000,
 0x0000,
 0x0000,
 0x0000,
 0x0000,
 0x0000,
 0x0000,
 0x0000,
 0x0000,
 0x0000,
 0x0000,
 0x0000,
 0x0000,
 0x0000,
 0x0000,
 0x0000,
 0x0000,
 0x0000,
 0x0000,
 0x0000,
 0x0000,
 0x0000,
 0x0000,
 0x0000,
 0x0000,
 0x0000,
 0x8009,
 0x0000,
 0x0000,
 0x8010,
 0x0000,
 0x0000,
 0x0000,
 0x0000,
 0x0000,
 0x0000,
 0x0000,
 0x0000,
 0x0000,
 0x0000,
 0x0000,
 0x0000,
 0x0000,
 0x0000,
 0x0000,
 0x0000,
 0x0000,
 0x0a17,
 0x0000,
 0x0000,
 0x0000,
 0x0000,
 0x0000,
 0x0000,
 0x0000,
 0x0000,
 0x0000,
 0x0000,
 0x0000,
 0x0000,
 0x0000,
 0x0000,
 0x0000,
 0x0000,
 0x0000,
 0x0000,
 0x0000,
 0x0000,
 0x0000,
 0x0000,
 0x0000,
 0x0000,
 0x0000,
 0x0000,
 0x0000,
 0x0000,
 0x0000,
 0x0000,
 0x0000,
 0x0000,
 0x0000,
 0x0000,
 0x0000,
 0x0000,
 0x0000,
 0x0000,
 0x0000,
 0x0000,
 0x0000,
 0x0000,
 0x0000,
 0x0000,
 0x0000,
 0x0000,
 0x0000,
 0x0000,
 0x0000,
 0x0000,
 0x0000,
 0x0000,
 0x0000,
 0x0000,
 0x0000,
 0x0000,
 0x0000,
 0x0000,
 0x0000,
 0x0000,
 0x0000,
 0x0000,
 0x0000,
 0x0000,
 0x0000,
 0x0000,
 0x0000,
 0x0000,
 0x0000,
 0x0000,
 0x0000,
 0x0000,
 0x0000,
 0x0000,
 0x0000,
 0x0000,
 0x0000,
 0x0000,
 0x0000,
 0x0000,
 0x0000,
 0x0000,
 0x0000,
 0x0000,
 0x0000,
 0x0000,
 0x0000,
 0x0000,
 0x0000,
 0x0000,
 0x0000,
 0x0000,
 0x0000,
 0x0000,
 0x0000,
 0x80ba,
 0x0000,
 0x0000,
 0x0000,
 0x0000,
 0x0000,
 0x0000,
 0x06de,
 0x0000,
 0x0000,
 0x0000,
 0x0000,
 0x0000,
 0x0000,
 0x0000,
 0x0000,
 0x0000,
 0x0000,
 0x0000,
 0x0000,
 0x0000,
 0x0000,
 0x0000,
 0x0000,
 0x0000,
 0x0000,
 0x0000,
 0x0000,
 0x0000,
 0x0000,
 0x0000,
 0x0000,
 0x8046,
 0x0a1d,
 0x0000,
 0x0000,
 0x0000,
 0x0000,
 0x0000,
 0x0000,
 0x0000,
 0x0000,
 0x0000,
 0x0000,
 0x0000,
 0x0000,
 0x0000,
 0x0000,
 0x0000,
 0x0000,
 0x0000,
 0x0000,
 0x0000,
 0x0000,
 0x0000,
 0x0000,
 0x0000,
 0x0000,
 0x0000,
 0x0000,
 0x0000,
 0x0000,
 0x0000,
 0x0000,
 0x0000,
 0x0000,
 0x0000,
 0x0000,
 0x0000,
 0x0000,
 0x0000,
 0x0000,
 0x0000,
 0x0000,
 0x0000,
 0x0000,
 0x0000,
 0x0000,
 0x0000,
 0x0000,
 0x0000,
 0x0000,
 0x0000,
 0x0000,
 0x0000,
 0x0000,
 0x0000,
 0x0000,
 0x0000,
 0x0000,
 0x0000,
 0x0000,
 0x0000,
 0x0000,
 0x0000,
 0x0000,
 0x0000,
 0x0000,
 0x0000,
 0x0000,
 0x0000,
 0x0000,
 0x0000,
 0x0000,
 0x0000,
 0x0000,
 0x0000,
 0x0000,
 0x0000,
 0x0000,
 0x0000,
 0x0000,
 0x0000,
 0x0000,
 0x0000,
 0x0000,
 0x0000,
 0x8135,
 0x0000,
 0x0000,
 0x0000,
 0x0000,
 0x0000,
 0x0000,
 0x0000,
 0x0000,
 0x0000,
 0x0000,
 0x0000,
 0x0000,
 0x0000,
 0x0000,
 0x0000,
 0x0000,
 0x0000,
 0x0000,
 0x0000,
 0x0000,
 0x0000,
 0x0000,
 0x0000,
 0x0000,
 0x0000,
 0x0000,
 0x0000,
 0x0000,
 0x0000,
 0x0000,
 0x0000,
 0x0000,
 0x0000,
 0x0000,
 0x0000,
 0x0000,
 0x0000,
 0x0000,
 0x0000,
 0x0000,
 0x0000,
 0x0000,
 0x0000,
 0x0000,
 0x0000,
 0x0000,
 0x0000,
 0x0000,
 0x0000,
 0x0000,
 0x0000,
 0x0000,
 0x0000,
 0x0000,
 0x0000,
 0x0000,
 0x0000,
 0x0000,
 0x0000,
 0x0000,
 0x0000,
 0x0000,
 0x0000,
 0x0000,
 0x0000,
 0x0000,
 0x0000,
 0x0000,
 0x0000,
 0x0000,
 0x0000,
 0x0000,
 0x0000,
 0x0000,
 0x0000,
 0x0000,
 0x0000,
 0x0000,
 0x0000,
 0x0000,
 0x0000,
 0x0000,
 0x0000,
 0x0000,
 0x0000,
 0x0000,
 0x0000,
 0x0000,
 0x0000,
 0x0000,
 0x0000,
 0x0000,
 0x0000,
 0x0000,
 0x0000,
 0x0000,
 0x0000,
 0x0000,
 0x0000,
 0x0000,
 0x0000,
 0x0000,
 0x0000,
 0x0000,
 0x0000,
 0x0000,
 0x0000,
 0x0000,
 0x0000,
 0x0000,
 0x0000,
 0x0000,
 0x0000,
 0x0000,
 0x0000,
 0x0000,
 0x0000,
 0x0000,
 0x0000,
 0x0000,
 0x0000,
 0x0000,
 0x0000,
 0x0000,
 0x0000,
 0x0000,
 0x0000,
 0x0000,
 0x0000,
 0x0000,
 0x0000,
 0x0a1f,
 0x0000,
 0x0000,
 0x0000,
 0x0000,
 0x0000,
 0x0000,
 0x0000,
 0x0000,
 0x0000,
 0x0000,
 0x0000,
 0x0000,
 0x0000,
 0x0000,
 0x0000,
 0x0000,
 0x0000,
 0x0000,
 0x0000,
 0x0000,
 0x0000,
 0x0000,
 0x0000,
 0x0000,
 0x0000,
 0x0000,
 0x0000,
 0x0000,
 0x0000,
 0x0000,
 0x0000,
 0x0000,
 0x0000,
 0x0000,
 0x0000,
 0x0000,
 0x0000,
 0x0000,
 0x0000,
 0x0000,
 0x0000,
 0x0000,
 0x0000,
 0x0000,
 0x0000,
 0x0760,
 0x0000,
 0x0000,
 0x0000,
 0x0000,
 0x0000,
 0x0000,
 0x0000,
 0x0000,
 0x0000,
 0x0000,
 0x0446,
 0x0000,
 0x0000,
 0x0000,
 0x0000,
 0x0000,
 0x0000,
 0x0000,
 0x0000,
 0x0000,
 0x0000,
 0x0000,
 0x0000,
 0x0000,
 0x0000,
 0x0000,
 0x0000,
 0x0000,
 0x0000,
 0x0000,
 0x0000,
 0x0000,
 0x0000,
 0x0000,
 0x0000,
 0x0000,
 0x0000,
 0x0000,
 0x0000,
 0x0000,
 0x0000,
 0x0000,
 0x0000,
 0x0000,
 0x0000,
 0x0000,
 0x0000,
 0x0000,
 0x0000,
 0x0000,
 0x0000,
 0x0000,
 0x0000,
 0x0000,
 0x0000,
 0x0000,
 0x0000,
 0x0000,
 0x0000,
 0x0000,
 0x8112,
 0x0000,
 0x0000,
 0x0000,
 0x0000,
 0x0000,
 0x0000,
 0x0000,
 0x0000,
 0x0000,
 0x0000,
 0x0000,
 0x0000,
 0x0000,
 0x0000,
 0x0000,
 0x0000,
 0x0000,
 0x0000,
 0x0000,
 0x80ff,
 0x0000,
 0x0000,
 0x0000,
 0x0000,
 0x0000,
 0x0000,
 0x0000,
 0x0000,
 0x0000,
 0x0000,
 0x0000,
 0x0000,
 0x0000,
 0x0000,
 0x0000,
 0x0000,
 0x0000,
 0x0000,
 0x0000,
 0x0000,
 0x0000,
 0x0000,
 0x0000,
 0x0000,
 0x0000,
 0x0000,
 0x0000,
 0x0000,
 0x0000,
 0x0000,
 0x0000,
 0x0000,
 0x0000,
 0x0000,
 0x0000,
 0x0000,
 0x0000,
 0x0000,
 0x0000,
 0x0000,
 0x0000,
 0x0000,
 0x0000,
 0x0000,
 0x0000,
 0x0000,
 0x0000,
 0x0000,
 0x0000,
 0x0000,
 0x0000,
 0x0000,
 0x0000,
 0x0000,
 0x0000,
 0x0000,
 0x0000,
 0x0000,
 0x0000,
 0x0000,
 0x0000,
 0x0000,
 0x0000,
 0x0000,
 0x0000,
 0x0000,
 0x0000,
 0x0000,
 0x0000,
 0x0000,
 0x0000,
 0x0000,
 0x0000,
 0x0000,
 0x0000,
 0x0000,
 0x0000,
 0x0000,
 0x0000,
 0x0000,
 0x0000,
 0x0000,
 0x0000,
 0x0000,
 0x0000,
 0x0000,
 0x0000,
 0x0000,
 0x0000,
 0x0000,
 0x0000,
 0x0000,
 0x0000,
 0x0000,
 0x0000,
 0x0000,
 0x0000,
 0x0000,
 0x0000,
 0x0000,
 0x0000,
 0x0000,
 0x0000,
 0x0000,
 0x0000,
 0x0000,
 0x0000,
 0x0000,
 0x0000,
 0x0000,
 0x0000,
 0x0000,
 0x0000,
 0x0000,
 0x0000,
 0x0000,
 0x0000,
 0x0000,
 0x0000,
 0x0000,
 0x0000,
 0x0000,
 0x0000,
 0x0000,
 0x0000,
 0x0000,
 0x0000,
 0x0000,
 0x0000,
 0x0000,
 0x0daf,
 0x0000,
 0x0000,
 0x0000,
 0x0000,
 0x0000,
 0x0000,
 0x0000,
 0x0000,
 0x0000,
 0x0000,
 0x0000,
 0x0000,
 0x0000,
 0x0000,
 0x0000,
 0x0000,
 0x0000,
 0x0000,
 0x0000,
 0x0000,
 0x0000,
 0x0000,
 0x0000,
 0x0000,
 0x0000,
 0x0000,
 0x0000,
 0x0000,
 0x0000,
 0x0000,
 0x0000,
 0x0000,
 0x0000,
 0x0000,
 0x0000,
 0x0000,
 0x0000,
 0x0000,
 0x0000,
 0x0000,
 0x0000,
 0x0000,
 0x0000,
 0x0000,
 0x0000,
 0x0000,
 0x0000,
 0x0000,
 0x0000,
 0x0000,
 0x0000,
 0x0000,
 0x0000,
 0x0000,
 0x0000,
 0x0000,
 0x0000,
 0x0000,
 0x0000,
 0x0000,
 0x0000,
 0x0000,
 0x0000,
 0x0000,
 0x0000,
 0x0000,
 0x0000,
 0x0000,
 0x0a7d,
 0x0000,
 0x0000,
 0x0000,
 0x0000,
 0x0000,
 0x0000,
 0x0000,
 0x0000,
 0x0000,
 0x0000,
 0x0000,
 0x0000,
 0x0000,
 0x0000,
 0x0000,
 0x0000,
 0x0000,
 0x0000,
 0x0000,
 0x0000,
 0x0210,
 0x0000,
 0x0000,
 0x0000,
 0x0000,
 0x0000,
 0x0000,
 0x0000,
 0x0000,
 0x0000,
 0x0000,
 0x0000,
 0x0000,
 0x0000,
 0x0000,
 0x0000,
 0x0000,
 0x0000,
 0x0000,
 0x0000,
 0x0000,
 0x0000,
 0x0000,
 0x0000,
 0x0000,
 0x0000,
 0x0000,
 0x0000,
 0x0000,
 0x0000,
 0x0000,
 0x80b0,
 0x0000,
 0x0000,
 0x0000,
 0x0000,
 0x8013,
 0x0000,
 0x0000,
 0x0000,
 0x0000,
 0x0000,
 0x0000,
 0x0000,
 0x0000,
 0x0000,
 0x0000,
 0x0000,
 0x0000,
 0x0000,
 0x0000,
 0x0000,
 0x0000,
 0x10c1,
 0x0000,
 0x0000,
 0x0000,
 0x0000,
 0x0000,
 0x0000,
 0x0000,
 0x0000,
 0x0000,
 0x0000,
 0x0000,
 0x0000,
 0x0000,
 0x0000,
 0x0000,
 0x0000,
 0x0000,
 0x0000,
 0x0000,
 0x0000,
 0x0000,
 0x0000,
 0x0000,
 0x0000,
 0x0000,
 0x0000,
 0x0000,
 0x0000,
 0x0000,
 0x0000,
 0x0000,
 0x0000,
 0x0000,
 0x0000,
 0x0000,
 0x0000,
 0x0000,
 0x0000,
 0x0000,
 0x0000,
 0x0000,
 0x0000,
 0x0000,
 0x0000,
 0x0000,
 0x0000,
 0x0000,
 0x0000,
 0x0000,
 0x0000,
 0x0000,
 0x0000,
 0x0000,
 0x0000,
 0x0000,
 0x0000,
 0x0000,
 0x0000,
 0x0000,
 0x0000,
 0x0000,
 0x0000,
 0x0000,
 0x0000,
 0x0000,
 0x0000,
 0x0000,
 0x0000,
 0x0000,
 0x0000,
 0x0000,
 0x0000,
 0x0000,
 0x0000,
 0x0000,
 0x0000,
 0x0000,
 0x0000,
 0x0000,
 0x0000,
 0x812d,
 0x0000,
 0x0000,
 0x0000,
 0x0000,
 0x0449,
 0x0000,
 0x0000,
 0x0000,
 0x0000,
 0x0000,
 0x0000,
 0x0000,
 0x0000,
 0x0000,
 0x0000,
 0x0000,
 0x0000,
 0x0000,
 0x0000,
 0x0000,
 0x0000,
 0x0000,
 0x0000,
 0x0000,
 0x0000,
 0x0000,
 0x0000,
 0x0000,
 0x0000,
 0x0000,
 0x0000,
 0x0000,
 0x0000,
 0x0000,
 0x0000,
 0x0000,
 0x0000,
 0x0000,
 0x0000,
 0x0000,
 0x0000,
 0x0000,
 0x0000,
 0x0000,
 0x0000,
 0x0000,
 0x0000,
 0x0000,
 0x0000,
 0x0000,
 0x0000,
 0x0000,
 0x0000,
 0x0000,
 0x0000,
 0x0000,
 0x0000,
 0x0000,
 0x0000,
 0x0000,
 0x0000,
 0x0000,
 0x0000,
 0x0000,
 0x0000,
 0x0000,
 0x0000,
 0x0000,
 0x0000,
 0x0000,
 0x0000,
 0x0000,
 0x0000,
 0x0000,
 0x0000,
 0x0000,
 0x0000,
 0x0000,
 0x0000,
 0x0000,
 0x0000,
 0x808f,
 0x0000,
 0x0000,
 0x0000,
 0x0000,
 0x0000,
 0x0000,
 0x0000,
 0x0000,
 0x0000,
 0x0000,
 0x0000,
 0x0000,
 0x0000,
 0x0000,
 0x0000,
 0x0000,
 0x0000,
 0x0000,
 0x0000,
 0x0000,
 0x0000,
 0x0000,
 0x0000,
 0x0000,
 0x0000,
 0x0000,
 0x0000,
 0x0000,
 0x0000,
 0x0000,
 0x0000,
 0x0000,
 0x0000,
 0x0000,
 0x0000,
 0x0000,
 0x0000,
 0x0000,
 0x0000,
 0x0000,
 0x0000,
 0x0000,
 0x8027,
 0x0000,
 0x0000,
 0x0000,
 0x0000,
 0x0000,
 0x0000,
 0x0000,
 0x0000,
 0x0000,
 0x0000,
 0x0000,
 0x0000,
 0x0000,
 0x0000,
 0x0000,
 0x0000,
 0x0000,
 0x0000,
 0x0000,
 0x0000,
 0x0000,
 0x0000,
 0x0000,
 0x0000,
 0x0000,
 0x0000,
 0x0000,
 0x0000,
 0x0000,
 0x0000,
 0x0000,
 0x0000,
 0x0000,
 0x0000,
 0x0000,
 0x0000,
 0x0000,
 0x0000,
 0x0000,
 0x0000,
 0x0000,
 0x0000,
 0x0000,
 0x0000,
 0x0000,
 0x0000,
 0x0000,
 0x0000,
 0x0000,
 0x0000,
 0x0000,
 0x0000,
 0x0000,
 0x0000,
 0x0000,
 0x0000,
 0x0000,
 0x0000,
 0x0000,
 0x0000,
 0x0000,
 0x0000,
 0x0000,
 0x0000,
 0x0000,
 0x0000,
 0x0000,
 0x0000,
 0x0000,
 0x0000,
 0x0000,
 0x0000,
 0x0000,
 0x0000,
 0x0000,
 0x0000,
 0x0000,
 0x0000,
 0x0000,
 0x0000,
 0x0000,
 0x0000,
 0x0000,
 0x0000,
 0x0000,
 0x0000,
 0x816d,
 0x0000,
 0x0000,
 0x0000,
 0x0000,
 0x0000,
 0x0000,
 0x0000,
 0x0000,
 0x0000,
 0x0000,
 0x0000,
 0x0000,
 0x0000,
 0x0220,
 0x8038,
 0x0000,
 0x0000,
 0x0000,
 0x0000,
 0x0000,
 0x0000,
 0x0000,
 0x0000,
 0x0000,
 0x0000,
 0x0000,
 0x0000,
 0x0000,
 0x0000,
 0x0000,
 0x0000,
 0x0000,
 0x0000,
 0x0000,
 0x0000,
 0x0000,
 0x0000,
 0x0000,
 0x0000,
 0x0000,
 0x0000,
 0x0000,
 0x0000,
 0x0000,
 0x0000,
 0x0000,
 0x0000,
 0x0000,
 0x0000,
 0x0000,
 0x0000,
 0x0000,
 0x0000,
 0x0000,
 0x0000,
 0x0000,
 0x0000,
 0x0000,
 0x0000,
 0x0000,
 0x0000,
 0x0000,
 0x0000,
 0x0000,
 0x0000,
 0x0000,
 0x0000,
 0x0000,
 0x0000,
 0x0000,
 0x0000,
 0x0000,
 0x0000,
 0x0000,
 0x0000,
 0x0000,
 0x0000,
 0x0000,
 0x0000,
 0x0000,
 0x0000,
 0x0000,
 0x0000,
 0x0000,
 0x0000,
 0x0000,
 0x0000,
 0x0000,
 0x0000,
 0x0000,
 0x0000,
 0x0000,
 0x0000,
 0x0000,
 0x0000,
 0x0000,
 0x0000,
 0x0000,
 0x0000,
 0x0000,
 0x0000,
 0x0000,
 0x0000,
 0x0000,
 0x0000,
 0x0000,
 0x0000,
 0x0000,
 0x0000,
 0x0000,
 0x0000,
 0x0000,
 0x0000,
 0x0000,
 0x0000,
 0x0000,
 0x0000,
 0x0000,
 0x0000,
 0x0000,
 0x0000,
 0x0000,
 0x0000,
 0x0000,
 0x0000,
 0x0000,
 0x0000,
 0x0000,
 0x0000,
 0x0000,
 0x0000,
 0x0000,
 0x0000,
 0x0000,
 0x0000,
 0x0000,
 0x0000,
 0x0000,
 0x0000,
 0x0000,
 0x0000,
 0x0000,
 0x0000,
 0x0000,
 0x0000,
 0x0000,
 0x0000,
 0x0000,
 0x0000,
 0x0000,
 0x0000,
 0x0000,
 0x0000,
 0x0000,
 0x0000,
 0x0000,
 0x0000,
 0x0000,
 0x0000,
 0x0000,
 0x0000,
 0x0000,
 0x0000,
 0x0000,
 0x0000,
 0x0000,
 0x0000,
 0x0000,
 0x0000,
 0x0000,
 0x0000,
 0x0000,
 0x0000,
 0x0000,
 0x0000,
 0x0000,
 0x0000,
 0x0000,
 0x0000,
 0x0000,
 0x0000,
 0x0000,
 0x0000,
 0x0000,
 0x0000,
 0x0000,
 0x0000,
 0x0000,
 0x0000,
 0x0000,
 0x0000,
 0x0000,
 0x0000,
 0x0000,
 0x0000,
 0x0000,
 0x0000,
 0x0000,
 0x0000,
 0x0000,
 0x0000,
 0x0000,
 0x0000,
 0x0000,
 0x0000,
 0x0000,
 0x0000,
 0x0000,
 0x0000,
 0x0000,
 0x0000,
 0x8093,
 0x0000,
 0x0000,
 0x0000,
 0x0000,
 0x0000,
 0x0000,
 0x0000,
 0x0000,
 0x0000,
 0x0000,
 0x0000,
 0x0000,
 0x0000,
 0x0000,
 0x0000,
 0x0000,
 0x0000,
 0x0000,
 0x0000,
 0x0000,
 0x0000,
 0x0000,
 0x0000,
 0x0000,
 0x0000,
 0x0000,
 0x0000,
 0x0000,
 0x0000,
 0x0000,
 0x0000,
 0x0000,
 0x0000,
 0x0000,
 0x0000,
 0x0000,
 0x0000,
 0x0000,
 0x0000,
 0x0000,
 0x0000,
 0x0000,
 0x0000,
 0x0000,
 0x0000,
 0x0000,
 0x0000,
 0x0000,
 0x0000,
 0x0000,
 0x0000,
 0x0000,
 0x0000,
 0x0000,
 0x0000,
 0x0000,
 0x0000,
 0x0000,
 0x0000,
 0x0000,
 0x0000,
 0x0000,
 0x0000,
 0x0000,
 0x0000,
 0x0000,
 0x0000,
 0x0000,
 0x0000,
 0x0000,
 0x0000,
 0x0000,
 0x0000,
 0x0000,
 0x0000,
 0x0000,
 0x0000,
 0x0000,
 0x01f9,
 0x0000,
 0x0000,
 0x0000,
 0x0000,
 0x0000,
 0x0000,
 0x0000,
 0x0000,
 0x0000,
 0x0000,
 0x0000,
 0x0000,
 0x0000,
 0x0000,
 0x0000,
 0x0000,
 0x0000,
 0x0000,
 0x0000,
 0x0000,
 0x0000,
 0x0000,
 0x0000,
 0x0000,
 0x0000,
 0x0000,
 0x0000,
 0x0000,
 0x0000,
 0x0000,
 0x0000,
 0x0000,
 0x0000,
 0x0000,
 0x0000,
 0x0000,
 0x0000,
 0x0000,
 0x0000,
 0x0000,
 0x0d66,
 0x0000,
 0x0000,
 0x0000,
 0x0000,
 0x0000,
 0x0000,
 0x0000,
 0x0000,
 0x0000,
 0x0000,
 0x0000,
 0x0000,
 0x0000,
 0x0000,
 0x0000,
 0x0000,
 0x0000,
 0x0000,
 0x0000,
 0x0000,
 0x0000,
 0x0000,
 0x0000,
 0x0000,
 0x0000,
 0x0000,
 0x0000,
 0x0000,
 0x0000,
 0x0000,
 0x0000,
 0x0000,
 0x0000,
 0x0000,
 0x0000,
 0x0000,
 0x0000,
 0x0000,
 0x0000,
 0x0000,
 0x0000,
 0x0000,
 0x0000,
 0x0000,
 0x0000,
 0x0000,
 0x0000,
 0x0000,
 0x0000,
 0x0000,
 0x0000,
 0x0000,
 0x0000,
 0x0000,
 0x0000,
 0x0000,
 0x0000,
 0x0000,
 0x0000,
 0x0000,
 0x0000,
 0x0000,
 0x0000,
 0x0000,
 0x0000,
 0x0000,
 0x0000,
 0x0000,
 0x0000,
 0x80ae,
 0x0000,
 0x0000,
 0x0000,
 0x0000,
 0x0000,
 0x0000,
 0x0000,
 0x0000,
 0x0000,
 0x0000,
 0x0000,
 0x0000,
 0x06e0,
 0x0000,
 0x0000,
 0x0000,
 0x0000,
 0x0000,
 0x0000,
 0x0000,
 0x0000,
 0x0000,
 0x0000,
 0x0000,
 0x0000,
 0x0000,
 0x0000,
 0x0000,
 0x0000,
 0x0000,
 0x0000,
 0x0000,
 0x0000,
 0x0000,
 0x0000,
 0x0000,
 0x0000,
 0x803e,
 0x0000,
 0x0000,
 0x0000,
 0x0000,
 0x0000,
 0x8003,
 0x0000,
 0x0000,
 0x0000,
 0x0000,
 0x0000,
 0x0000,
 0x0000,
 0x0000,
 0x0000,
 0x0000,
 0x0000,
 0x0000,
 0x0000,
 0x0000,
 0x0000,
 0x0000,
 0x0000,
 0x0000,
 0x0000,
 0x0000,
 0x0000,
 0x0000,
 0x0000,
 0x0000,
 0x0000,
 0x0000,
 0x0000,
 0x0000,
 0x0000,
 0x0000,
 0x0000,
 0x0000,
 0x0000,
 0x0000,
 0x0000,
 0x0000,
 0x0000,
 0x0000,
 0x0000,
 0x0000,
 0x0000,
 0x0000,
 0x0000,
 0x0000,
 0x0000,
 0x0000,
 0x0000,
 0x0000,
 0x0000,
 0x0000,
 0x0000,
 0x0000,
 0x0000,
 0x8165,
 0x0000,
 0x0000,
 0x0000,
 0x0000,
 0x0000,
 0x0000,
 0x0000,
 0x0000,
 0x0000,
 0x0000,
 0x0000,
 0x0000,
 0x0000,
 0x0000,
 0x0000,
 0x0000,
 0x0000,
 0x0000,
 0x0000,
 0x0000,
 0x0000,
 0x0000,
 0x0000,
 0x0000,
 0x0000,
 0x0000,
 0x0000,
 0x0000,
 0x0000,
 0x0000,
 0x0000,
 0x0000,
 0x0000,
 0x0000,
 0x0000,
 0x0000,
 0x0000,
 0x0000,
 0x0000,
 0x0000,
 0x0000,
 0x0000,
 0x0000,
 0x0000,
 0x0000,
 0x0000,
 0x0000,
 0x0000,
 0x0000,
 0x0000,
 0x0000,
 0x0000,
 0x0000,
 0x0000,
 0x0000,
 0x0000,
 0x0000,
 0x0000,
 0x0000,
 0x0000,
 0x0000,
 0x0000,
 0x0000,
 0x0000,
 0x0000,
 0x0000,
 0x0000,
 0x0000,
 0x0000,
 0x0000,
 0x0000,
 0x0000,
 0x0000,
 0x0000,
 0x0000,
 0x0000,
 0x0000,
 0x0000,
 0x0000,
 0x0000,
 0x0000,
 0x0000,
 0x0000,
 0x0000,
 0x0000,
 0x0000,
 0x0000,
 0x0000,
 0x0000,
 0x0000,
 0x0000,
 0x0000,
 0x0000,
 0x0000,
 0x0000,
 0x0000,
 0x0000,
 0x0000,
 0x0000,
 0x0000,
 0x0000,
 0x0000,
 0x0000,
 0x0000,
 0x0000,
 0x0000,
 0x0000,
 0x0000,
 0x0000,
 0x0000,
 0x0000,
 0x0000,
 0x0000,
 0x0000,
 0x0000,
 0x0000,
 0x0000,
 0x0000,
 0x0000,
 0x0000,
 0x0000,
 0x0000,
 0x0000,
 0x0000,
 0x0000,
 0x0000,
 0x0000,
 0x0000,
 0x0000,
 0x0000,
 0x0000,
 0x0000,
 0x0000,
 0x0000,
 0x0000,
 0x0000,
 0x0000,
 0x0000,
 0x0000,
 0x0112,
 0x0000,
 0x0000,
 0x0000,
 0x0000,
 0x0000,
 0x0000,
 0x0000,
 0x0000,
 0x0000,
 0x0000,
 0x0000,
 0x0000,
 0x0000,
 0x0000,
 0x0000,
 0x0000,
 0x0000,
 0x0000,
 0x0000,
 0x07ac,
 0x0000,
 0x0000,
 0x0000,
 0x0000,
 0x0000,
 0x10c5,
 0x0000,
 0x0000,
 0x0000,
 0x0000,
 0x0000,
 0x0000,
 0x0000,
 0x0000,
 0x0000,
 0x0000,
 0x0000,
 0x0000,
 0x0000,
 0x0000,
 0x0000,
 0x0000,
 0x0000,
 0x0000,
 0x0000,
 0x0000,
 0x0000,
 0x0000,
 0x0000,
 0x0000,
 0x0000,
 0x0000,
 0x0000,
 0x0000,
 0x0000,
 0x0000,
 0x0000,
 0x0000,
 0x0000,
 0x0000,
 0x0000,
 0x0000,
 0x0000,
 0x0000,
 0x0000,
 0x0000,
 0x0000,
 0x0000,
 0x0000,
 0x80aa,
 0x0000,
 0x0000,
 0x0000,
 0x0000,
 0x0000,
 0x0000,
 0x0000,
 0x0000,
 0x0000,
 0x0000,
 0x0000,
 0x0000,
 0x0000,
 0x0000,
 0x0000,
 0x0000,
 0x0000,
 0x0000,
 0x0000,
 0x0000,
 0x0000,
 0x0000,
 0x0000,
 0x0000,
 0x0000,
 0x0000,
 0x0000,
 0x0000,
 0x0000,
 0x0000,
 0x0000,
 0x0000,
 0x8161,
 0x0000,
 0x0000,
 0x0000,
 0x0000,
 0x0000,
 0x0000,
 0x0000,
 0x0000,
 0x0000,
 0x0000,
 0x0000,
 0x0000,
 0x0000,
 0x0000,
 0x09cb,
 0x0000,
 0x0000,
 0x0000,
 0x0000,
 0x0000,
 0x0000,
 0x8075,
 0x0000,
 0x0000,
 0x0000,
 0x0000,
 0x0000,
 0x0000,
 0x0000,
 0x0000,
 0x0000,
 0x0000,
 0x0000,
 0x0000,
 0x0000,
 0x0000,
 0x0000,
 0x0000,
 0x0000,
 0x0000,
 0x0000,
 0x0000,
 0x0000,
 0x0000,
 0x0000,
 0x0000,
 0x0000,
 0x0000,
 0x0000,
 0x0000,
 0x0000,
 0x0000,
 0x0000,
 0x0000,
 0x0000,
 0x0000,
 0x0000,
 0x0000,
 0x0000,
 0x0000,
 0x0000,
 0x0000,
 0x0000,
 0x0000,
 0x0000,
 0x0000,
 0x0000,
 0x0000,
 0x0000,
 0x0000,
 0x0000,
 0x0000,
 0x0000,
 0x0000,
 0x0000,
 0x0000,
 0x0000,
 0x0000,
 0x0000,
 0x0000,
 0x0000,
 0x0000,
 0x0000,
 0x0000,
 0x0000,
 0x0a09,
 0x0000,
 0x0000,
 0x0000,
 0x0000,
 0x0000,
 0x0000,
 0x0000,
 0x0000,
 0x0000,
 0x0000,
 0x0000,
 0x0000,
 0x0000,
 0x0000,
 0x0000,
 0x0000,
 0x0000,
 0x0161,
 0x0000,
 0x0000,
 0x0000,
 0x0000,
 0x0000,
 0x0000,
 0x0000,
 0x0000,
 0x0000,
 0x0000,
 0x0000,
 0x0000,
 0x0000,
 0x0000,
 0x0000,
 0x0000,
 0x0000,
 0x0000,
 0x0000,
 0x0000,
 0x0000,
 0x0000,
 0x0000,
 0x0000,
 0x0000,
 0x0000,
 0x0000,
 0x0000,
 0x0000,
 0x0000,
 0x0000,
 0x0000,
 0x0000,
 0x0000,
 0x0000,
 0x0000,
 0x0000,
 0x0000,
 0x0000,
 0x0000,
 0x0000,
 0x0000,
 0x0000,
 0x0000,
 0x0000,
 0x0000,
 0x0000,
 0x0000,
 0x0000,
 0x0000,
 0x0000,
 0x0000,
 0x0000,
 0x0000,
 0x0000,
 0x0000,
 0x0000,
 0x0000,
 0x0000,
 0x0000,
 0x0000,
 0x0000,
 0x0000,
 0x0000,
 0x0000,
 0x0000,
 0x0000,
 0x0000,
 0x0000,
 0x0000,
 0x0000,
 0x0000,
 0x0000,
 0x0000,
 0x0000,
 0x0000,
 0x0000,
 0x0000,
 0x0000,
 0x0000,
 0x0000,
 0x0000,
 0x0000,
 0x0000,
 0x0000,
 0x0000,
 0x0000,
 0x0000,
 0x0000,
 0x0000,
 0x0000,
 0x0000,
 0x0000,
 0x0000,
 0x0000,
 0x0000,
 0x0000,
 0x0000,
 0x0000,
 0x0000,
 0x0000,
 0x0000,
 0x0000,
 0x0000,
 0x0000,
 0x0000,
 0x0000,
 0x0000,
 0x0000,
 0x0000,
 0x0000,
 0x0000,
 0x0000,
 0x0000,
 0x0000,
 0x0000,
 0x0000,
 0x0000,
 0x0000,
 0x0000,
 0x0000,
 0x0000,
 0x0000,
 0x0000,
 0x0000,
 0x0000,
 0x0000,
 0x0000,
 0x0000,
 0x0000,
 0x0000,
 0x0000,
 0x0000,
 0x0000,
 0x0000,
 0x0000,
 0x0000,
 0x0000,
 0x0000,
 0x0000,
 0x0000,
 0x0000,
 0x0000,
 0x0000,
 0x0000,
 0x0000,
 0x0000,
 0x0000,
 0x0000,
 0x0000,
 0x0000,
 0x0000,
 0x0000,
 0x0000,
 0x0e40,
 0x0000,
 0x0000,
 0x0000,
 0x0000,
 0x0000,
 0x8138,
 0x0000,
 0x0000,
 0x0000,
 0x0000,
 0x0000,
 0x0000,
 0x0000,
 0x0000,
 0x0000,
 0x0000,
 0x0000,
 0x0000,
 0x0000,
 0x0000,
 0x0000,
 0x0000,
 0x0000,
 0x0000,
 0x0000,
 0x0000,
 0x0000,
 0x0000,
 0x0000,
 0x0000,
 0x0000,
 0x0000,
 0x0000,
 0x0000,
 0x0000,
 0x0000,
 0x0000,
 0x0000,
 0x0000,
 0x0000,
 0x0000,
 0x0000,
 0x0000,
 0x0000,
 0x0000,
 0x0000,
 0x0000,
 0x0000,
 0x0000,
 0x0000,
 0x0000,
 0x0000,
 0x0000,
 0x0000,
 0x0000,
 0x0000,
 0x0000,
 0x0000,
 0x813a,
 0x0000,
 0x0000,
 0x0000,
 0x0000,
 0x0000,
 0x0000,
 0x0000,
 0x0000,
 0x0000,
 0x0000,
 0x0000,
 0x0000,
 0x0000,
 0x0000,
 0x0000,
 0x0000,
 0x80e8,
 0x0000,
 0x0000,
 0x0000,
 0x0000,
 0x0000,
 0x0000,
 0x0000,
 0x0000,
 0x0000,
 0x0000,
 0x0000,
 0x0000,
 0x0000,
 0x0000,
 0x0000,
 0x0000,
 0x0000,
 0x0000,
 0x0000,
 0x0000,
 0x0000,
 0x0000,
 0x0000,
 0x0000,
 0x0000,
 0x0000,
 0x0000,
 0x0000,
 0x0000,
 0x0000,
 0x0000,
 0x0000,
 0x0000,
 0x0000,
 0x0000,
 0x0000,
 0x0000,
 0x0000,
 0x0000,
 0x0000,
 0x0000,
 0x0000,
 0x0000,
 0x0000,
 0x0000,
 0x0000,
 0x0000,
 0x0000,
 0x0000,
 0x0000,
 0x0000,
 0x0000,
 0x0000,
 0x0000,
 0x0000,
 0x0000,
 0x0000,
 0x0000,
 0x0000,
 0x0000,
 0x0000,
 0x0000,
 0x0000,
 0x0000,
 0x0000,
 0x0000,
 0x0000,
 0x0000,
 0x0000,
 0x10d1,
 0x0000,
 0x0000,
 0x009d,
 0x0000,
 0x0000,
 0x0000,
 0x0000,
 0x0000,
 0x0000,
 0x0000,
 0x0000,
 0x0000,
 0x0000,
 0x0000,
 0x0000,
 0x0000,
 0x0000,
 0x0000,
 0x0000,
 0x0000,
 0x0000,
 0x0000,
 0x0000,
 0x0000,
 0x0000,
 0x0000,
 0x0000,
 0x0000,
 0x0000,
 0x0000,
 0x0000,
 0x0000,
 0x0000,
 0x0000,
 0x0000,
 0x0000,
 0x0000,
 0x0000,
 0x0000,
 0x0000,
 0x0000,
 0x0000,
 0x0000,
 0x0000,
 0x0000,
 0x0000,
 0x0000,
 0x0000,
 0x0000,
 0x0000,
 0x0000,
 0x0000,
 0x0000,
 0x0000,
 0x0000,
 0x0000,
 0x0000,
 0x0000,
 0x0000,
 0x0000,
 0x0000,
 0x0000,
 0x0000,
 0x0000,
 0x0000,
 0x0000,
 0x0000,
 0x0000,
 0x0000,
 0x0000,
 0x0000,
 0x0000,
 0x0000,
 0x0000,
 0x0000,
 0x0000,
 0x0000,
 0x0000,
 0x0000,
 0x0000,
 0x0000,
 0x0000,
 0x0000,
 0x0000,
 0x0000,
 0x0000,
 0x0000,
 0x0000,
 0x0000,
 0x0000,
 0x0000,
 0x0000,
 0x0000,
 0x0000,
 0x0000,
 0x0000,
 0x0000,
 0x0000,
 0x0000,
 0x0000,
 0x0000,
 0x0000,
 0x0000,
 0x0000,
 0x0000,
 0x0000,
 0x0000,
 0x0000,
 0x8024,
 0x0000,
 0x811f,
 0x0000,
 0x0000,
 0x0000,
 0x0000,
 0x0000,
 0x0000,
 0x0000,
 0x0000,
 0x0000,
 0x0000,
 0x0000,
 0x0000,
 0x0000,
 0x0000,
 0x0000,
 0x0000,
 0x0000,
 0x0000,
 0x0000,
 0x0000,
 0x0000,
 0x0000,
 0x0000,
 0x0000,
 0x0000,
 0x0000,
 0x0000,
 0x0000,
 0x0000,
 0x0000,
 0x0000,
 0x0000,
 0x0000,
 0x0000,
 0x0000,
 0x0000,
 0x0000,
 0x0000,
 0x0000,
 0x0000,
 0x0000,
 0x0000,
 0x0000,
 0x0000,
 0x0000,
 0x0000,
 0x0000,
 0x0000,
 0x0000,
 0x0000,
 0x0000,
 0x0000,
 0x0000,
 0x80f2,
 0x0000,
 0x0000,
 0x0000,
 0x0000,
 0x0000,
 0x0000,
 0x0000,
 0x0000,
 0x0000,
 0x0000,
 0x0000,
 0x0000,
 0x0000,
 0x0000,
 0x0000,
 0x0000,
 0x0000,
 0x0000,
 0x0000,
 0x0000,
 0x0000,
 0x0000,
 0x0000,
 0x0000,
 0x0000,
 0x0000,
 0x0000,
 0x0000,
 0x0000,
 0x0000,
 0x0000,
 0x0000,
 0x0000,
 0x0000,
 0x0000,
 0x0000,
 0x0000,
 0x0000,
 0x0000,
 0x0000,
 0x0000,
 0x0000,
 0x0000,
 0x0000,
 0x0000,
 0x0000,
 0x0000,
 0x0000,
 0x0000,
 0x0000,
 0x0000,
 0x0000,
 0x0000,
 0x0000,
 0x0000,
 0x0000,
 0x0000,
 0x0000,
 0x0000,
 0x0000,
 0x0000,
 0x0000,
 0x0000,
 0x0000,
 0x0000,
 0x0000,
 0x0000,
 0x0000,
 0x0000,
 0x0000,
 0x0000,
 0x0000,
 0x0000,
 0x0000,
 0x0000,
 0x0000,
 0x0000,
 0x0000,
 0x0000,
 0x0000,
 0x0000,
 0x0000,
 0x0000,
 0x0000,
 0x0000,
 0x0000,
 0x0000,
 0x0000,
 0x0000,
 0x0000,
 0x0000,
 0x0000,
 0x0000,
 0x0000,
 0x0000,
 0x0000,
 0x0000,
 0x0000,
 0x0000,
 0x0000,
 0x0000,
 0x0000,
 0x0000,
 0x0000,
 0x0000,
 0x0000,
 0x0000,
 0x0000,
 0x0000,
 0x0000,
 0x0000,
 0x0000,
 0x0000,
 0x0000,
 0x0000,
 0x0000,
 0x0000,
 0x0000,
 0x0000,
 0x0000,
 0x0000,
 0x0000,
 0x0000,
 0x0000,
 0x0000,
 0x0000,
 0x0000,
 0x0000,
 0x0000,
 0x0000,
 0x0000,
 0x0000,
 0x0000,
 0x0000,
 0x0000,
 0x0000,
 0x0000,
 0x0000,
 0x0000,
 0x0000,
 0x0000,
 0x0000,
 0x06d8,
 0x0000,
 0x0000,
 0x0000,
 0x0000,
 0x0000,
 0x0000,
 0x0000,
 0x0000,
 0x0000,
 0x0000,
 0x0000,
 0x0000,
 0x0000,
 0x0000,
 0x0000,
 0x0000,
 0x0000,
 0x0000,
 0x0000,
 0x0000,
 0x0000,
 0x0000,
 0x0000,
 0x0000,
 0x0000,
 0x0000,
 0x0000,
 0x0000,
 0x0000,
 0x0000,
 0x0000,
 0x0000,
 0x0000,
 0x0000,
 0x0000,
 0x0000,
 0x0000,
 0x0000,
 0x0000,
 0x0000,
 0x0000,
 0x0000,
 0x0000,
 0x0000,
 0x0000,
 0x0000,
 0x0000,
 0x0000,
 0x0000,
 0x80a5,
 0x0000,
 0x0000,
 0x0000,
 0x0000,
 0x0000,
 0x0000,
 0x0000,
 0x0000,
 0x0000,
 0x0000,
 0x0000,
 0x0000,
 0x0000,
 0x0000,
 0x0000,
 0x0000,
 0x0000,
 0x0000,
 0x0000,
 0x0000,
 0x0000,
 0x0000,
 0x0000,
 0x0000,
 0x0000,
 0x0000,
 0x0000,
 0x0000,
 0x0000,
 0x0000,
 0x0000,
 0x0000,
 0x0000,
 0x0000,
 0x0000,
 0x0000,
 0x0000,
 0x0000,
 0x0000,
 0x0000,
 0x0000,
 0x0000,
 0x0000,
 0x0000,
 0x0000,
 0x0000,
 0x806f,
 0x0000,
 0x0000,
 0x0000,
 0x0000,
 0x0000,
 0x0000,
 0x0000,
 0x0000,
 0x0000,
 0x0000,
 0x0000,
 0x0000,
 0x0000,
 0x0000,
 0x0000,
 0x0000,
 0x0000,
 0x0000,
 0x0000,
 0x0000,
 0x0000,
 0x0000,
 0x0000,
 0x0000,
 0x0000,
 0x0000,
 0x0000,
 0x0000,
 0x0000,
 0x0000,
 0x0000,
 0x0000,
 0x0000,
 0x0000,
 0x0000,
 0x0000,
 0x0000,
 0x0000,
 0x0000,
 0x0000,
 0x0000,
 0x0000,
 0x0000,
 0x0000,
 0x0000,
 0x0000,
 0x0000,
 0x0000,
 0x0000,
 0x0000,
 0x0000,
 0x0000,
 0x0000,
 0x0000,
 0x0000,
 0x0000,
 0x0000,
 0x0000,
 0x0000,
 0x0000,
 0x0000,
 0x0000,
 0x0000,
 0x0000,
 0x0000,
 0x0000,
 0x0000,
 0x0000,
 0x0000,
 0x0000,
 0x0000,
 0x0000,
 0x0000,
 0x0000,
 0x0000,
 0x0000,
 0x0000,
 0x0000,
 0x0000,
 0x0000,
 0x0000,
 0x0000,
 0x0000,
 0x0000,
 0x0000,
 0x0000,
 0x0000,
 0x0000,
 0x0000,
 0x0000,
 0x0000,
 0x0000,
 0x0000,
 0x8071,
 0x0000,
 0x0000,
 0x0000,
 0x0000,
 0x0000,
 0x0000,
 0x0000,
 0x0000,
 0x0000,
 0x0000,
 0x0000,
 0x0000,
 0x0000,
 0x0000,
 0x0000,
 0x0000,
 0x0000,
 0x0000,
 0x0000,
 0x0000,
 0x0000,
 0x0000,
 0x0000,
 0x0000,
 0x0000,
 0x0000,
 0x0000,
 0x0000,
 0x0000,
 0x0000,
 0x0000,
 0x0000,
 0x80ce,
 0x0000,
 0x0000,
 0x0000,
 0x0000,
 0x0000,
 0x8128,
 0x0000,
 0x0000,
 0x0000,
 0x0d72,
 0x0000,
 0x0000,
 0x0000,
 0x0000,
 0x0000,
 0x0000,
 0x0000,
 0x0000,
 0x0000,
 0x0000,
 0x0000,
 0x09c9,
 0x0000,
 0x0000,
 0x0000,
 0x0000,
 0x0000,
 0x0000,
 0x0000,
 0x0000,
 0x0000,
 0x0000,
 0x0000,
 0x0000,
 0x0000,
 0x0000,
 0x0000,
 0x0000,
 0x0000,
 0x0000,
 0x0000,
 0x0000,
 0x0000,
 0x0000,
 0x0000,
 0x0000,
 0x0000,
 0x0000,
 0x80e4,
 0x0000,
 0x0000,
 0x0000,
 0x0000,
 0x0000,
 0x0000,
 0x0000,
 0x0000,
 0x0000,
 0x0000,
 0x0000,
 0x0000,
 0x0000,
 0x0000,
 0x803c,
 0x0000,
 0x0000,
 0x0000,
 0x0000,
 0x0000,
 0x0000,
 0x0000,
 0x0000,
 0x0000,
 0x0000,
 0x0000,
 0x0000,
 0x0000,
 0x0000,
 0x0000,
 0x0000,
 0x0000,
 0x0d5f,
 0x0000,
 0x0000,
 0x0000,
 0x0000,
 0x0000,
 0x0000,
 0x0000,
 0x0000,
 0x0000,
 0x0000,
 0x0000,
 0x0000,
 0x8008,
 0x0000,
 0x0000,
 0x0000,
 0x0000,
 0x0000,
 0x0000,
 0x0000,
 0x0000,
 0x0000,
 0x0000,
 0x0000,
 0x0000,
 0x0000,
 0x0000,
 0x0000,
 0x0000,
 0x0000,
 0x0000,
 0x0000,
 0x0000,
 0x0000,
 0x0000,
 0x0000,
 0x0000,
 0x0000,
 0x0000,
 0x0000,
 0x0000,
 0x0000,
 0x0000,
 0x0000,
 0x074a,
 0x0000,
 0x0000,
 0x0000,
 0x0000,
 0x0000,
 0x0000,
 0x0000,
 0x0000,
 0x0000,
 0x0000,
 0x0000,
 0x0000,
 0x0000,
 0x0000,
 0x0000,
 0x0000,
 0x0000,
 0x0000,
 0x0000,
 0x0000,
 0x0000,
 0x0000,
 0x0000,
 0x0000,
 0x0000,
 0x0000,
 0x0000,
 0x0000,
 0x0000,
 0x0000,
 0x0000,
 0x0000,
 0x0000,
 0x0000,
 0x0000,
 0x0000,
 0x0000,
 0x0000,
 0x0000,
 0x0000,
 0x0000,
 0x0000,
 0x0000,
 0x0000,
 0x0000,
 0x0000,
 0x0000,
 0x0000,
 0x0000,
 0x0000,
 0x0000,
 0x0000,
 0x0000,
 0x0000,
 0x0000,
 0x0000,
 0x0000,
 0x0000,
 0x0000,
 0x0000,
 0x0000,
 0x0000,
 0x0000,
 0x0000,
 0x0000,
 0x0000,
 0x0000,
 0x0000,
 0x0000,
 0x0000,
 0x0000,
 0x0000,
 0x0000,
 0x0000,
 0x0000,
 0x0000,
 0x0000,
 0x0000,
 0x0000,
 0x0000,
 0x0000,
 0x0000,
 0x0000,
 0x0000,
 0x0000,
 0x0000,
 0x0000,
 0x0000,
 0x0000,
 0x0000,
 0x0000,
 0x0000,
 0x0000,
 0x0000,
 0x0000,
 0x0000,
 0x0000,
 0x0000,
 0x0000,
 0x0000,
 0x0000,
 0x0000,
 0x0000,
 0x0000,
 0x0000,
 0x0000,
 0x0000,
 0x0000,
 0x0000,
 0x0000,
 0x0000,
 0x0000,
 0x0000,
 0x0000,
 0x0000,
 0x0000,
 0x0000,
 0x0000,
 0x0000,
 0x0000,
 0x0000,
 0x0000,
 0x0000,
 0x0000,
 0x0000,
 0x0000,
 0x0000,
 0x0000,
 0x0000,
 0x0000,
 0x0000,
 0x0212,
 0x0000,
 0x0000,
 0x0000,
 0x0000,
 0x0000,
 0x0000,
 0x0000,
 0x0000,
 0x0000,
 0x0000,
 0x0000,
 0x0000,
 0x0000,
 0x0000,
 0x0000,
 0x0000,
 0x0000,
 0x0000,
 0x0000,
 0x0000,
 0x0000,
 0x0000,
 0x0000,
 0x0000,
 0x0000,
 0x0000,
 0x0000,
 0x0000,
 0x0000,
 0x0000,
 0x0000,
 0x0000,
 0x0000,
 0x0000,
 0x0000,
 0x0000,
 0x0000,
 0x0000,
 0x0000,
 0x0000,
 0x0000,
 0x0000,
 0x0000,
 0x0000,
 0x0000,
 0x0000,
 0x0000,
 0x0000,
 0x0000,
 0x0000,
 0x0000,
 0x0000,
 0x0000,
 0x0000,
 0x0000,
 0x0000,
 0x0344,
 0x0000,
 0x0000,
 0x0000,
 0x0000,
 0x0000,
 0x0000,
 0x0000,
 0x0000,
 0x0000,
 0x0000,
 0x0000,
 0x0000,
 0x0000,
 0x0000,
 0x0000,
 0x0000,
 0x0000,
 0x0000,
 0x0000,
 0x0000,
 0x0000,
 0x0000,
 0x0000,
 0x0000,
 0x0000,
 0x0000,
 0x0000,
 0x0000,
 0x0000,
 0x806c,
 0x0000,
 0x0000,
 0x0000,
 0x0000,
 0x0000,
 0x0000,
 0x0000,
 0x0000,
 0x0000,
 0x0000,
 0x0000,
 0x0000,
 0x0000,
 0x0000,
 0x0000,
 0x0000,
 0x0000,
 0x0000,
 0x0000,
 0x0000,
 0x0000,
 0x0000,
 0x0000,
 0x0000,
 0x0000,
 0x0000,
 0x0000,
 0x0000,
 0x0000,
 0x0000,
 0x0000,
 0x0000,
 0x0000,
 0x0000,
 0x0000,
 0x0000,
 0x0000,
 0x0000,
 0x0000,
 0x0000,
 0x0000,
 0x0000,
 0x0000,
 0x0000,
 0x0000,
 0x0000,
 0x0000,
 0x0000,
 0x0000,
 0x0000,
 0x0000,
 0x0000,
 0x0000,
 0x0000,
 0x0000,
 0x0000,
 0x0000,
 0x0000,
 0x0000,
 0x0000,
 0x0000,
 0x0000,
 0x0000,
 0x0000,
 0x0000,
 0x0000,
 0x0000,
 0x0000,
 0x0000,
 0x0000,
 0x0000,
 0x0000,
 0x0000,
 0x0000,
 0x0000,
 0x0000,
 0x0000,
 0x0000,
 0x0000,
 0x0000,
 0x0000,
 0x0000,
 0x0000,
 0x0000,
 0x0000,
 0x0000,
 0x0000,
 0x0000,
 0x0000,
 0x0000,
 0x0000,
 0x0000,
 0x0000,
 0x0000,
 0x0000,
 0x0000,
 0x0000,
 0x0000,
 0x0000,
 0x0000,
 0x0000,
 0x0000,
 0x0000,
 0x0000,
 0x0000,
 0x0000,
 0x0000,
 0x0000,
 0x0000,
 0x0000,
 0x0000,
 0x0000,
 0x0000,
 0x0000,
 0x0000,
 0x0000,
 0x808c,
 0x0000,
 0x0000,
 0x0000,
 0x0000,
 0x0000,
 0x0000,
 0x0000,
 0x0000,
 0x0000,
 0x0000,
 0x0000,
 0x0000,
 0x0000,
 0x0000,
 0x0000,
 0x0000,
 0x0000,
 0x0000,
 0x0000,
 0x0000,
 0x0000,
 0x0000,
 0x0000,
 0x0000,
 0x0000,
 0x0000,
 0x0000,
 0x0000,
 0x0000,
 0x0000,
 0x0000,
 0x0000,
 0x0000,
 0x0000,
 0x0000,
 0x0000,
 0x0000,
 0x0000,
 0x0000,
 0x0000,
 0x0000,
 0x0000,
 0x0000,
 0x0000,
 0x0000,
 0x0000,
 0x0000,
 0x0000,
 0x0000,
 0x0000,
 0x0000,
 0x0000,
 0x0000,
 0x0000,
 0x0000,
 0x0000,
 0x0000,
 0x0000,
 0x0000,
 0x0000,
 0x0000,
 0x0000,
 0x0000,
 0x0000,
 0x0000,
 0x0000,
 0x0000,
 0x0000,
 0x0000,
 0x0000,
 0x0000,
 0x0000,
 0x0000,
 0x0000,
 0x0000,
 0x0000,
 0x0000,
 0x0000,
 0x0000,
 0x0000,
 0x0000,
 0x0000,
 0x0000,
 0x0000,
 0x0000,
 0x0000,
 0x0000,
 0x0000,
 0x0000,
 0x0000,
 0x0000,
 0x0000,
 0x0000,
 0x0000,
 0x0000,
 0x0000,
 0x0000,
 0x0000,
 0x0000,
 0x0000,
 0x0000,
 0x0000,
 0x0000,
 0x0000,
 0x0000,
 0x0000,
 0x0000,
 0x0000,
 0x0000,
 0x0000,
 0x0000,
 0x0000,
 0x0000,
 0x0000,
 0x0000,
 0x0000,
 0x0000,
 0x0000,
 0x0000,
 0x0000,
 0x0000,
 0x0000,
 0x0000,
 0x0000,
 0x0000,
 0x0000,
 0x0000,
 0x0000,
 0x0000,
 0x0000,
 0x8154,
 0x0000,
 0x0000,
 0x0000,
 0x0000,
 0x0000,
 0x0000,
 0x0000,
 0x0000,
 0x0000,
 0x0000,
 0x0000,
 0x0000,
 0x0000,
 0x0000,
 0x0000,
 0x0000,
 0x0000,
 0x0000,
 0x0000,
 0x0000,
 0x0000,
 0x0000,
 0x800a,
 0x0000,
 0x0000,
 0x0000,
 0x0000,
 0x0000,
 0x0000,
 0x0000,
 0x0000,
 0x0000,
 0x0000,
 0x0000,
 0x0000,
 0x0000,
 0x0000,
 0x0000,
 0x0000,
 0x0000,
 0x0000,
 0x0000,
 0x0000,
 0x0000,
 0x0000,
 0x0000,
 0x0000,
 0x0000,
 0x0000,
 0x0000,
 0x0000,
 0x0000,
 0x0000,
 0x0000,
 0x0000,
 0x0000,
 0x0000,
 0x0000,
 0x0000,
 0x0000,
 0x0000,
 0x0000,
 0x0000,
 0x05b6,
 0x0000,
 0x0000,
 0x0000,
 0x0000,
 0x0000,
 0x0000,
 0x0000,
 0x0000,
 0x0000,
 0x0000,
 0x0000,
 0x0000,
 0x0000,
 0x0000,
 0x0000,
 0x0000,
 0x0000,
 0x0000,
 0x0000,
 0x0000,
 0x0000,
 0x0000,
 0x0000,
 0x0000,
 0x0000,
 0x0000,
 0x0000,
 0x0000,
 0x0000,
 0x0000,
 0x0000,
 0x0000,
 0x0000,
 0x0000,
 0x0000,
 0x0000,
 0x0000,
 0x0000,
 0x0000,
 0x0000,
 0x0000,
 0x0000,
 0x0000,
 0x0000,
 0x0000,
 0x0000,
 0x0000,
 0x0000,
 0x0000,
 0x0000,
 0x0000,
 0x0000,
 0x0000,
 0x0000,
 0x0000,
 0x0000,
 0x0000,
 0x0000,
 0x0000,
 0x0000,
 0x0000,
 0x0000,
 0x0000,
 0x0000,
 0x0000,
 0x0000,
 0x0000,
 0x0000,
 0x0000,
 0x0000,
 0x0000,
 0x0000,
 0x0000,
 0x0000,
 0x0000,
 0x0000,
 0x0000,
 0x0000,
 0x0000,
 0x0000,
 0x0000,
 0x0000,
 0x0000,
 0x0000,
 0x0000,
 0x0000,
 0x0000,
 0x0000,
 0x0000,
 0x0000,
 0x813e,
 0x0000,
 0x0000,
 0x0000,
 0x0000,
 0x0000,
 0x0000,
 0x0000,
 0x0000,
 0x0000,
 0x0430,
 0x0000,
 0x0000,
 0x0000,
 0x0000,
 0x0000,
 0x0000,
 0x0000,
 0x0000,
 0x0000,
 0x0000,
 0x0000,
 0x0000,
 0x0000,
 0x0000,
 0x0000,
 0x0000,
 0x0000,
 0x0000,
 0x0000,
 0x0000,
 0x0000,
 0x0000,
 0x0000,
 0x0000,
 0x0000,
 0x0000,
 0x0000,
 0x0000,
 0x0000,
 0x0000,
 0x0000,
 0x0000,
 0x0000,
 0x8087,
 0x0000,
 0x0000,
 0x0000,
 0x0000,
 0x0000,
 0x0000,
 0x0000,
 0x0000,
 0x0000,
 0x0000,
 0x0000,
 0x0000,
 0x0000,
 0x0000,
 0x0000,
 0x0000,
 0x0000,
 0x0000,
 0x0000,
 0x0000,
 0x0000,
 0x0000,
 0x0000,
 0x0000,
 0x0000,
 0x0000,
 0x0325,
 0x0000,
 0x0000,
 0x0000,
 0x0000,
 0x0000,
 0x0000,
 0x0000,
 0x0000,
 0x0000,
 0x0000,
 0x0000,
 0x0000,
 0x0000,
 0x0000,
 0x0000,
 0x0000,
 0x0f15,
 0x0000,
 0x0000,
 0x0000,
 0x0000,
 0x0000,
 0x0000,
 0x0000,
 0x0000,
 0x0000,
 0x0000,
 0x0000,
 0x0000,
 0x0000,
 0x0000,
 0x0000,
 0x0000,
 0x0000,
 0x0000,
 0x0000,
 0x0000,
 0x0000,
 0x0000,
 0x0000,
 0x0000,
 0x0000,
 0x0000,
 0x0000,
 0x0000,
 0x0000,
 0x0000,
 0x0000,
 0x0000,
 0x0000,
 0x0000,
 0x0000,
 0x0000,
 0x0000,
 0x0000,
 0x0000,
 0x0000,
 0x020b,
 0x8171,
 0x0000,
 0x0000,
 0x0000,
 0x0000,
 0x0000,
 0x0000,
 0x0000,
 0x0000,
 0x0000,
 0x0000,
 0x0000,
 0x0000,
 0x0000,
 0x0000,
 0x0000,
 0x0000,
 0x0000,
 0x0000,
 0x0000,
 0x0000,
 0x0000,
 0x0000,
 0x0000,
 0x0000,
 0x0000,
 0x0000,
 0x0000,
 0x0000,
 0x0000,
 0x0000,
 0x0000,
 0x0000,
 0x0000,
 0x0000,
 0x0000,
 0x0000,
 0x0000,
 0x0000,
 0x0000,
 0x0512,
 0x0000,
 0x0000,
 0x0000,
 0x0000,
 0x0000,
 0x0000,
 0x0000,
 0x0000,
 0x0000,
 0x0000,
 0x0000,
 0x0000,
 0x0000,
 0x0000,
 0x0000,
 0x0000,
 0x0000,
 0x0000,
 0x0000,
 0x0000,
 0x0000,
 0x0000,
 0x0000,
 0x0000,
 0x0000,
 0x0000,
 0x0000,
 0x0000,
 0x0000,
 0x0000,
 0x0000,
 0x0000,
 0x0000,
 0x0000,
 0x0000,
 0x0000,
 0x0000,
 0x0000,
 0x802a,
 0x0000,
 0x0000,
 0x0000,
 0x0000,
 0x0000,
 0x0000,
 0x0000,
 0x0000,
 0x0000,
 0x0000,
 0x0000,
 0x0000,
 0x0000,
 0x0000,
 0x0000,
 0x0000,
 0x0000,
 0x0000,
 0x0000,
 0x0000,
 0x0000,
 0x0000,
 0x0000,
 0x0000,
 0x0000,
 0x0000,
 0x0000,
 0x0000,
 0x0000,
 0x0000,
 0x80a2,
 0x0000,
 0x0000,
 0x0000,
 0x0000,
 0x0000,
 0x0000,
 0x0000,
 0x0000,
 0x0000,
 0x0000,
 0x0000,
 0x0000,
 0x0000,
 0x0000,
 0x0000,
 0x0000,
 0x0000,
 0x0000,
 0x0000,
 0x0000,
 0x0000,
 0x0000,
 0x0000,
 0x0000,
 0x0000,
 0x0000,
 0x0000,
 0x0000,
 0x0000,
 0x0000,
 0x0000,
 0x0000,
 0x0000,
 0x0000,
 0x0000,
 0x0000,
 0x0000,
 0x0000,
 0x0000,
 0x0000,
 0x0000,
 0x0000,
 0x0000,
 0x0000,
 0x0000,
 0x0000,
 0x0000,
 0x0000,
 0x0000,
 0x0000,
 0x0000,
 0x0000,
 0x0000,
 0x0000,
 0x0000,
 0x0000,
 0x0000,
 0x0000,
 0x0000,
 0x0000,
 0x0000,
 0x0000,
 0x0000,
 0x0000,
 0x0000,
 0x0000,
 0x0000,
 0x0000,
 0x0000,
 0x0000,
 0x0000,
 0x0000,
 0x0000,
 0x0000,
 0x0000,
 0x0000,
 0x0000,
 0x0000,
 0x0000,
 0x0000,
 0x0000,
 0x0000,
 0x0000,
 0x0000,
 0x0000,
 0x0000,
 0x0000,
 0x0000,
 0x0000,
 0x0000,
 0x0000,
 0x0000,
 0x0000,
 0x0000,
 0x0000,
 0x0000,
 0x0000,
 0x0000,
 0x0000,
 0x0000,
 0x0000,
 0x0000,
 0x0000,
 0x0000,
 0x0000,
 0x0000,
 0x0000,
 0x0000,
 0x0000,
 0x0000,
 0x0000,
 0x0000,
 0x0000,
 0x0000,
 0x0000,
 0x0000,
 0x0000,
 0x0000,
 0x8147,
 0x0000,
 0x0000,
 0x0000,
 0x0000,
 0x0000,
 0x0000,
 0x0000,
 0x0000,
 0x0000,
 0x0000,
 0x0000,
 0x0000,
 0x0000,
 0x0000,
 0x80fa,
 0x0000,
 0x0000,
 0x0000,
 0x0000,
 0x0000,
 0x0000,
 0x0000,
 0x0000,
 0x0000,
 0x0000,
 0x0000,
 0x0000,
 0x0000,
 0x0000,
 0x0f70,
 0x0000,
 0x0000,
 0x0000,
 0x0000,
 0x0000,
 0x0000,
 0x0000,
 0x0000,
 0x0000,
 0x0000,
 0x0000,
 0x0000,
 0x0000,
 0x0000,
 0x0000,
 0x0000,
 0x0000,
 0x0000,
 0x0000,
 0x0000,
 0x0000,
 0x0000,
 0x0000,
 0x0000,
 0x0000,
 0x0000,
 0x0000,
 0x0000,
 0x0000,
 0x0000,
 0x0000,
 0x0000,
 0x0000,
 0x0000,
 0x0000,
 0x0000,
 0x0000,
 0x0000,
 0x0000,
 0x0000,
 0x0000,
 0x0000,
 0x0000,
 0x0000,
 0x0000,
 0x0f36,
 0x0000,
 0x0000,
 0x0000,
 0x0000,
 0x0000,
 0x0000,
 0x0000,
 0x0000,
 0x0000,
 0x0000,
 0x0000,
 0x0000,
 0x0000,
 0x0000,
 0x0000,
 0x0000,
 0x0d82,
 0x0000,
 0x0000,
 0x0000,
 0x0000,
 0x0000,
 0x0000,
 0x0000,
 0x0000,
 0x0000,
 0x0000,
 0x0000,
 0x0000,
 0x0000,
 0x0000,
 0x0000,
 0x0000,
 0x0000,
 0x0000,
 0x0000,
 0x0000,
 0x0000,
 0x0000,
 0x0000,
 0x0000,
 0x0000,
 0x0000,
 0x0000,
 0x0000,
 0x0000,
 0x0000,
 0x0000,
 0x0000,
 0x0000,
 0x0000,
 0x0000,
 0x0000,
 0x0000,
 0x0000,
 0x0000,
 0x0000,
 0x0000,
 0x0000,
 0x0000,
 0x0000,
 0x0000,
 0x0000,
 0x0000,
 0x0000,
 0x0000,
 0x0000,
 0x0000,
 0x0000,
 0x0000,
 0x0000,
 0x80eb,
 0x0000,
 0x0000,
 0x0000,
 0x0000,
 0x0000,
 0x0000,
 0x0000,
 0x0000,
 0x0000,
 0x0000,
 0x0000,
 0x0000,
 0x0000,
 0x0000,
 0x0000,
 0x0000,
 0x0000,
 0x0000,
 0x0000,
 0x0000,
 0x0000,
 0x0000,
 0x0000,
 0x0981,
 0x0000,
 0x0000,
 0x0000,
 0x0000,
 0x0000,
 0x0000,
 0x0000,
 0x0000,
 0x0000,
 0x0000,
 0x0000,
 0x0000,
 0x0000,
 0x0000,
 0x0000,
 0x0000,
 0x0000,
 0x0000,
 0x0000,
 0x0000,
 0x0000,
 0x0000,
 0x0000,
 0x0000,
 0x0000,
 0x0000,
 0x0000,
 0x0000,
 0x0000,
 0x0000,
 0x0000,
 0x0000,
 0x0000,
 0x0000,
 0x0000,
 0x0000,
 0x0000,
 0x0000,
 0x0000,
 0x0000,
 0x0000,
 0x0000,
 0x0000,
 0x0000,
 0x0000,
 0x0000,
 0x0000,
 0x0000,
 0x0000,
 0x0000,
 0x0000,
 0x0000,
 0x0000,
 0x0000,
 0x0000,
 0x0000,
 0x0000,
 0x0000,
 0x0000,
 0x0359,
 0x0000,
 0x0000,
 0x0000,
 0x0000,
 0x0000,
 0x0000,
 0x0000,
 0x0000,
 0x0000,
 0x0000,
 0x0000,
 0x0000,
 0x0000,
 0x0000,
 0x0000,
 0x0000,
 0x0000,
 0x0000,
 0x0000,
 0x0000,
 0x0000,
 0x0000,
 0x0000,
 0x0000,
 0x0000,
 0x0000,
 0x0000,
 0x0000,
 0x0000,
 0x0000,
 0x0000,
 0x0000,
 0x0000,
 0x0000,
 0x0000,
 0x0000,
 0x0000,
 0x0000,
 0x0000,
 0x0000,
 0x0000,
 0x0000,
 0x0000,
 0x0000,
 0x0000,
 0x0000,
 0x0000,
 0x0000,
 0x0000,
 0x0000,
 0x0000,
 0x0000,
 0x0000,
 0x0000,
 0x0000,
 0x0000,
 0x0000,
 0x0000,
 0x0000,
 0x0000,
 0x0000,
 0x0000,
 0x0000,
 0x0000,
 0x0000,
 0x0000,
 0x0000,
 0x0000,
 0x0000,
 0x0000,
 0x0000,
 0x0000,
 0x0000,
 0x0000,
 0x0000,
 0x0000,
 0x0000,
 0x0000,
 0x0000,
 0x0000,
 0x0000,
 0x0000,
 0x0000,
 0x0000,
 0x0000,
 0x0000,
 0x0000,
 0x0000,
 0x0000,
 0x0000,
 0x0000,
 0x0000,
 0x0000,
 0x0000,
 0x0000,
 0x0000,
 0x0000,
 0x0000,
 0x813c,
 0x0000,
 0x0000,
 0x0000,
 0x0000,
 0x0000,
 0x0000,
 0x0000,
 0x0000,
 0x0000,
 0x0000,
 0x0000,
 0x0000,
 0x0000,
 0x0000,
 0x0000,
 0x0000,
 0x0000,
 0x0000,
 0x0000,
 0x0000,
 0x0000,
 0x0000,
 0x0000,
 0x0000,
 0x0000,
 0x0000,
 0x0000,
 0x0000,
 0x0000,
 0x0000,
 0x0000,
 0x0000,
 0x0000,
 0x0000,
 0x0000,
 0x0000,
 0x0000,
 0x0000,
 0x0000,
 0x0000,
 0x0000,
 0x0000,
 0x0000,
 0x0000,
 0x0000,
 0x0000,
 0x0000,
 0x0000,
 0x0000,
 0x0000,
 0x0000,
 0x0000,
 0x0000,
 0x0000,
 0x0000,
 0x0000,
 0x0000,
 0x0000,
 0x0000,
 0x0000,
 0x0000,
 0x0000,
 0x0000,
 0x0000,
 0x0000,
 0x0000,
 0x0000,
 0x0000,
 0x0000,
 0x10a3,
 0x0000,
 0x0000,
 0x0000,
 0x0000,
 0x0000,
 0x0000,
 0x0000,
 0x0000,
 0x0000,
 0x0000,
 0x0000,
 0x0000,
 0x0000,
 0x0000,
 0x0000,
 0x0000,
 0x0000,
 0x0000,
 0x0000,
 0x0000,
 0x0000,
 0x0000,
 0x0000,
 0x0000,
 0x0000,
 0x0000,
 0x0000,
 0x0000,
 0x0000,
 0x0000,
 0x0000,
 0x0000,
 0x0000,
 0x0000,
 0x0000,
 0x0000,
 0x0000,
 0x0000,
 0x0000,
 0x0000,
 0x0000,
 0x0000,
 0x0000,
 0x0000,
 0x0000,
 0x0000,
 0x0000,
 0x0000,
 0x0000,
 0x0000,
 0x0000,
 0x0000,
 0x0000,
 0x80bf,
 0x0442,
 0x0000,
 0x0000,
 0x0000,
 0x0000,
 0x0000,
 0x0000,
 0x0000,
 0x0000,
 0x0000,
 0x0000,
 0x0000,
 0x0000,
 0x0000,
 0x0000,
 0x0000,
 0x0000,
 0x0000,
 0x0000,
 0x0000,
 0x806a,
 0x0000,
 0x0000,
 0x0000,
 0x0000,
 0x0000,
 0x0000,
 0x0000,
 0x816b,
 0x0000,
 0x0000,
 0x0000,
 0x0000,
 0x0000,
 0x0000,
 0x0000,
 0x0000,
 0x0000,
 0x0000,
 0x0000,
 0x0000,
 0x0000,
 0x0000,
 0x0000,
 0x0000,
 0x0000,
 0x0000,
 0x0000,
 0x0000,
 0x0000,
 0x0000,
 0x0000,
 0x0000,
 0x0000,
 0x0000,
 0x0000,
 0x0000,
 0x0000,
 0x0000,
 0x0000,
 0x0000,
 0x0000,
 0x0000,
 0x0000,
 0x0000,
 0x0000,
 0x0000,
 0x0000,
 0x0000,
 0x0000,
 0x0000,
 0x0000,
 0x0000,
 0x0000,
 0x0000,
 0x0000,
 0x0000,
 0x0000,
 0x0000,
 0x0000,
 0x0000,
 0x0000,
 0x0000,
 0x0000,
 0x0000,
 0x0000,
 0x0000,
 0x0000,
 0x0000,
 0x0000,
 0x0000,
 0x0000,
 0x0000,
 0x0000,
 0x0000,
 0x0000,
 0x0000,
 0x0000,
 0x0000,
 0x0000,
 0x0000,
 0x0000,
 0x0000,
 0x0000,
 0x0000,
 0x0000,
 0x0000,
 0x0000,
 0x0000,
 0x0000,
 0x0000,
 0x0000,
 0x0000,
 0x0000,
 0x0000,
 0x80ca,
 0x0000,
 0x0000,
 0x0000,
 0x0000,
 0x0000,
 0x0000,
 0x0000,
 0x0000,
 0x0000,
 0x0000,
 0x0000,
 0x0000,
 0x0000,
 0x0000,
 0x0000,
 0x0000,
 0x0000,
 0x0000,
 0x0000,
 0x0000,
 0x0000,
 0x0000,
 0x0000,
 0x0000,
 0x0000,
 0x0000,
 0x0000,
 0x0000,
 0x0000,
 0x0000,
 0x0000,
 0x0000,
 0x0000,
 0x0000,
 0x0000,
 0x0000,
 0x0000,
 0x0000,
 0x0000,
 0x0000,
 0x0000,
 0x0000,
 0x0000,
 0x0000,
 0x0000,
 0x0000,
 0x0000,
 0x0000,
 0x0000,
 0x0000,
 0x0000,
 0x0000,
 0x0000,
 0x0000,
 0x0000,
 0x0000,
 0x0000,
 0x0000,
 0x0000,
 0x0000,
 0x0000,
 0x0000,
 0x0000,
 0x0000,
 0x0000,
 0x0000,
 0x0000,
 0x0000,
 0x0000,
 0x0000,
 0x0000,
 0x0000,
 0x0000,
 0x0000,
 0x0000,
 0x0000,
 0x0000,
 0x0000,
 0x0000,
 0x0000,
 0x0000,
 0x804a,
 0x0000,
 0x0000,
 0x0000,
 0x0000,
 0x0000,
 0x0000,
 0x0000,
 0x0000,
 0x0000,
 0x0000,
 0x0000,
 0x0000,
 0x0000,
 0x0000,
 0x0000,
 0x0000,
 0x0000,
 0x0000,
 0x0000,
 0x0000,
 0x0000,
 0x0000,
 0x0000,
 0x80de,
 0x0000,
 0x0000,
 0x0000,
 0x0000,
 0x0000,
 0x0000,
 0x0000,
 0x0000,
 0x0000,
 0x0000,
 0x0000,
 0x0000,
 0x0000,
 0x0000,
 0x0000,
 0x0000,
 0x0000,
 0x0000,
 0x0000,
 0x0000,
 0x0000,
 0x0000,
 0x0000,
 0x0000,
 0x0000,
 0x0000,
 0x0000,
 0x0000,
 0x0000,
 0x0000,
 0x0000,
 0x0000,
 0x0000,
 0x0000,
 0x0000,
 0x0000,
 0x0000,
 0x0000,
 0x0000,
 0x0000,
 0x0000,
 0x0000,
 0x0000,
 0x0000,
 0x0000,
 0x0000,
 0x0000,
 0x0000,
 0x0000,
 0x0000,
 0x0000,
 0x0000,
 0x0000,
 0x0000,
 0x0000,
 0x0000,
 0x0000,
 0x0000,
 0x0000,
 0x0000,
 0x0000,
 0x0000,
 0x0000,
 0x0000,
 0x0000,
 0x0000,
 0x06f1,
 0x0000,
 0x0000,
 0x0000,
 0x0000,
 0x0000,
 0x0000,
 0x0000,
 0x0000,
 0x80f5,
 0x0000,
 0x0000,
 0x0000,
 0x0000,
 0x0000,
 0x0000,
 0x0472,
 0x0000,
 0x0000,
 0x0000,
 0x0000,
 0x0000,
 0x0000,
 0x0000,
 0x814e,
 0x0357,
 0x0000,
 0x0000,
 0x0000,
 0x0000,
 0x0000,
 0x0000,
 0x0000,
 0x0000,
 0x0000,
 0x0000,
 0x0000,
 0x0000,
 0x0000,
 0x0000,
 0x0000,
 0x0000,
 0x0000,
 0x0000,
 0x0000,
 0x0000,
 0x0000,
 0x0000,
 0x8108,
 0x0000,
 0x0000,
 0x0000,
 0x0000,
 0x0000,
 0x8055,
 0x0000,
 0x0000,
 0x0000,
 0x0000,
 0x0000,
 0x0000,
 0x0000,
 0x0000,
 0x0000,
 0x0000,
 0x0000,
 0x0000,
 0x0000,
 0x0000,
 0x0000,
 0x0000,
 0x0000,
 0x0000,
 0x0000,
 0x0e38,
 0x0000,
 0x0000,
 0x0000,
 0x0000,
 0x0000,
 0x0000,
 0x0000,
 0x0000,
 0x0000,
 0x0000,
 0x0000,
 0x0000,
 0x0000,
 0x0000,
 0x0000,
 0x0000,
 0x0000,
 0x8036,
 0x0000,
 0x0000,
 0x0000,
 0x0000,
 0x802c,
 0x0000,
 0x0000,
 0x0000,
 0x0000,
 0x0000,
 0x0000,
 0x0000,
 0x0000,
 0x0000,
 0x0000,
 0x0000,
 0x0000,
 0x0000,
 0x0000,
 0x0000,
 0x0000,
 0x0000,
 0x0000,
 0x80ef,
 0x0000,
 0x0000,
 0x0000,
 0x0000,
 0x0000,
 0x0000,
 0x0000,
 0x0000,
 0x0000,
 0x0000,
 0x0000,
 0x0000,
 0x0000,
 0x0000,
 0x0000,
 0x0000,
 0x0000,
 0x0000,
 0x0000,
 0x0000,
 0x0000,
 0x0000,
 0x0000,
 0x0000,
 0x0000,
 0x0000,
 0x0000,
 0x0000,
 0x0000,
 0x0000,
 0x0000,
 0x0000,
 0x0000,
 0x0000,
 0x0000,
 0x0000,
 0x0000,
 0x0000,
 0x0000,
 0x0000,
 0x0000,
 0x0000,
 0x0000,
 0x0000,
 0x0000,
 0x0000,
 0x0000,
 0x0000,
 0x0000,
 0x0000,
 0x0000,
 0x0000,
 0x0000,
 0x0000,
 0x0000,
 0x0000,
 0x0000,
 0x0000,
 0x0000,
 0x0000,
 0x0000,
 0x0000,
 0x0000,
 0x0000,
 0x0000,
 0x0000,
 0x0000,
 0x0000,
 0x0000,
 0x0000,
 0x0000,
 0x0000,
 0x0000,
 0x0000,
 0x0000,
 0x0000,
 0x0000,
 0x0000,
 0x0000,
 0x0000,
 0x0000,
 0x0000,
 0x0000,
 0x0000,
 0x0000,
 0x0000,
 0x0000,
 0x0000,
 0x0000,
 0x0000,
 0x0000,
 0x0000,
 0x0000,
 0x0000,
 0x0000,
 0x0000,
 0x0000,
 0x0000,
 0x0000,
 0x0000,
 0x0000,
 0x0000,
 0x0000,
 0x0000,
 0x0000,
 0x0000,
 0x0000,
 0x0000,
 0x0000,
 0x0000,
 0x0000,
 0x0000,
 0x0000,
 0x0000,
 0x0000,
 0x0000,
 0x0000,
 0x0000,
 0x0000,
 0x0000,
 0x0000,
 0x0000,
 0x0000,
 0x0000,
 0x0000,
 0x0000,
 0x0000,
 0x0000,
 0x0000,
 0x0000,
 0x1090,
 0x0000,
 0x0000,
 0x0000,
 0x0000,
 0x0000,
 0x0000,
 0x8001,
 0x0000,
 0x0000,
 0x0000,
 0x0000,
 0x0000,
 0x0000,
 0x0000,
 0x0000,
 0x0000,
 0x0000,
 0x0000,
 0x0000,
 0x0000,
 0x0000,
 0x0000,
 0x0000,
 0x0000,
 0x0000,
 0x0000,
 0x0000,
 0x0000,
 0x0000,
 0x0000,
 0x0000,
 0x0000,
 0x0000,
 0x0000,
 0x0000,
 0x0000,
 0x0000,
 0x0000,
 0x0000,
 0x0000,
 0x0000,
 0x0000,
 0x0000,
 0x0000,
 0x0000,
 0x0000,
 0x0000,
 0x0000,
 0x0000,
 0x0000,
 0x0000,
 0x8068,
 0x0000,
 0x0000,
 0x0000,
 0x0000,
 0x0000,
 0x0000,
 0x0000,
 0x0000,
 0x06e4,
 0x0000,
 0x0000,
 0x0000,
 0x0000,
 0x0000,
 0x0000,
 0x0000,
 0x0000,
 0x0000,
 0x0000,
 0x0000,
 0x0000,
 0x0000,
 0x0000,
 0x0000,
 0x0000,
 0x0000,
 0x0000,
 0x0000,
 0x0000,
 0x0000,
 0x0000,
 0x0000,
 0x0000,
 0x0000,
 0x0000,
 0x0000,
 0x0000,
 0x0000,
 0x0000,
 0x0000,
 0x0000,
 0x0000,
 0x0000,
 0x0000,
 0x0000,
 0x0000,
 0x0000,
 0x0000,
 0x0000,
 0x0000,
 0x0000,
 0x0000,
 0x0000,
 0x0000,
 0x0000,
 0x0000,
 0x0000,
 0x0000,
 0x0000,
 0x0000,
 0x0000,
 0x0000,
 0x0000,
 0x0000,
 0x0000,
 0x0000,
 0x0000,
 0x0000,
 0x0000,
 0x0000,
 0x0000,
 0x0000,
 0x8143,
 0x0000,
 0x0000,
 0x0000,
 0x0000,
 0x0000,
 0x0000,
 0x0000,
 0x0000,
 0x0000,
 0x0000,
 0x0000,
 0x0000,
 0x0e3a,
 0x0000,
 0x0000,
 0x0000,
 0x0000,
 0x0000,
 0x0000,
 0x0000,
 0x0000,
 0x0000,
 0x0000,
 0x0000,
 0x0000,
 0x0000,
 0x0000,
 0x0000,
 0x0000,
 0x0000,
 0x0000,
 0x0000,
 0x0000,
 0x0000,
 0x0000,
 0x0000,
 0x0000,
 0x0000,
 0x0000,
 0x0000,
 0x0000,
 0x0000,
 0x0000,
 0x0000,
 0x0000,
 0x0000,
 0x0000,
 0x0000,
 0x0000,
 0x80f6,
 0x0000,
 0x0000,
 0x0000,
 0x0000,
 0x0000,
 0x0000,
 0x0000,
 0x0000,
 0x0000,
 0x0000,
 0x0000,
 0x0000,
 0x0000,
 0x0000,
 0x0000,
 0x0000,
 0x0000,
 0x0000,
 0x0000,
 0x0000,
 0x0000,
 0x0000,
 0x0000,
 0x0000,
 0x0000,
 0x0000,
 0x0000,
 0x0000,
 0x0000,
 0x0000,
 0x0000,
 0x0000,
 0x803a,
 0x804c,
 0x0000,
 0x0000,
 0x0000,
 0x0000,
 0x0000,
 0x0000,
 0x0000,
 0x0000,
 0x0000,
 0x0000,
 0x0000,
 0x0000,
 0x0000,
 0x0000,
 0x0000,
 0x0000,
 0x0000,
 0x0000,
 0x0000,
 0x0000,
 0x0000,
 0x0000,
 0x0000,
 0x0000,
 0x0000,
 0x0000,
 0x0000,
 0x0000,
 0x0000,
 0x0000,
 0x0000,
 0x0000,
 0x0000,
 0x0000,
 0x0000,
 0x0000,
 0x0000,
 0x0000,
 0x0000,
 0x0000,
 0x0000,
 0x0000,
 0x0000,
 0x0000,
 0x0000,
 0x0000,
 0x0000,
 0x0000,
 0x0000,
 0x0000,
 0x0000,
 0x0000,
 0x0000,
 0x0000,
 0x0000,
 0x0000,
 0x0000,
 0x0000,
 0x0000,
 0x0000,
 0x0000,
 0x0000,
 0x0000,
 0x0000,
 0x0000,
 0x0000,
 0x0000,
 0x0000,
 0x0000,
 0x0000,
 0x0000,
 0x0000,
 0x0000,
 0x0000,
 0x0000,
 0x0000,
 0x0000,
 0x0000,
 0x0000,
 0x0000,
 0x0000,
 0x0000,
 0x0000,
 0x0000,
 0x0000,
 0x0000,
 0x0000,
 0x0000,
 0x0000,
 0x0000,
 0x0000,
 0x0000,
 0x0000,
 0x0000,
 0x0000,
 0x0000,
 0x0000,
 0x0000,
 0x0000,
 0x0000,
 0x0000,
 0x0000,
 0x0000,
 0x0000,
 0x0000,
 0x0000,
 0x0000,
 0x0000,
 0x0000,
 0x0000,
 0x0000,
 0x0000,
 0x0000,
 0x0000,
 0x0000,
 0x0000,
 0x0000,
 0x0000,
 0x0000,
 0x0000,
 0x0000,
 0x0000,
 0x0000,
 0x0000,
 0x0000,
 0x0000,
 0x0000,
 0x0000,
 0x0000,
 0x0000,
 0x0000,
 0x0000,
 0x0000,
 0x0000,
 0x0000,
 0x0000,
 0x0000,
 0x0000,
 0x0000,
 0x0000,
 0x0000,
 0x0000,
 0x0000,
 0x0000,
 0x0000,
 0x0000,
 0x0000,
 0x0000,
 0x0000,
 0x0000,
 0x0000,
 0x0000,
 0x0000,
 0x0000,
 0x042e,
 0x0a52,
 0x0000,
 0x0000,
 0x0000,
 0x0000,
 0x0000,
 0x0000,
 0x0000,
 0x0000,
 0x0e42,
 0x0000,
 0x0000,
 0x0000,
 0x0000,
 0x0000,
 0x0000,
 0x0000,
 0x0000,
 0x0000,
 0x0000,
 0x0000,
 0x0000,
 0x0000,
 0x0000,
 0x011a,
 0x0000,
 0x0000,
 0x0000,
 0x0000,
 0x0000,
 0x0000,
 0x0000,
 0x0000,
 0x0000,
 0x0000,
 0x0000,
 0x0000,
 0x0000,
 0x0000,
 0x0000,
 0x0000,
 0x0000,
 0x0000,
 0x0000,
 0x0000,
 0x0514,
 0x0000,
 0x0000,
 0x0000,
 0x0000,
 0x0000,
 0x0000,
 0x0000,
 0x0000,
 0x0000,
 0x0000,
 0x0000,
 0x0000,
 0x0000,
 0x0000,
 0x0000,
 0x0d6e,
 0x0000,
 0x0000,
 0x0000,
 0x0000,
 0x0000,
 0x0000,
 0x0000,
 0x0000,
 0x0000,
 0x0000,
 0x0000,
 0x0000,
 0x0000,
 0x0000,
 0x0000,
 0x0000,
 0x0000,
 0x0000,
 0x0000,
 0x0000,
 0x0000,
 0x0000,
 0x0000,
 0x0000,
 0x0000,
 0x0000,
 0x0000,
 0x0000,
 0x0000,
 0x0000,
 0x0000,
 0x0000,
 0x0000,
 0x0000,
 0x0000,
 0x0000,
 0x0000,
 0x0000,
 0x0000,
 0x0000,
 0x0000,
 0x0000,
 0x0000,
 0x0000,
 0x0000,
 0x0000,
 0x0000,
 0x0000,
 0x0000,
 0x0000,
 0x0000,
 0x0000,
 0x0000,
 0x0000,
 0x0000,
 0x0000,
 0x0000,
 0x0000,
 0x0000,
 0x0000,
 0x0000,
 0x0000,
 0x0000,
 0x0000,
 0x0000,
 0x0000,
 0x0000,
 0x0000,
 0x0000,
 0x0000,
 0x0000,
 0x0000,
 0x0000,
 0x0000,
 0x0000,
 0x0000,
 0x0000,
 0x0000,
 0x0000,
 0x0000,
 0x0000,
 0x0000,
 0x0000,
 0x0000,
 0x0000,
 0x0000,
 0x0000,
 0x0000,
 0x0000,
 0x0000,
 0x0000,
 0x0000,
 0x0000,
 0x0000,
 0x0000,
 0x0000,
 0x0000,
 0x0000,
 0x0000,
 0x0000,
 0x0000,
 0x0000,
 0x0000,
 0x0000,
 0x0000,
 0x0000,
 0x0000,
 0x0000,
 0x0000,
 0x0000,
 0x0000,
 0x0000,
 0x0000,
 0x0000,
 0x0000,
 0x0000,
 0x0000,
 0x0000,
 0x0000,
 0x0000,
 0x0000,
 0x0000,
 0x0000,
 0x0000,
 0x0000,
 0x0000,
 0x0000,
 0x0000,
 0x0000,
 0x0000,
 0x0000,
 0x0000,
 0x0000,
 0x0000,
 0x0000,
 0x0000,
 0x0000,
 0x0000,
 0x0000,
 0x0000,
 0x0000,
 0x0000,
 0x0000,
 0x0000,
 0x0000,
 0x0000,
 0x0000,
 0x0000,
 0x0000,
 0x0000,
 0x0000,
 0x0000,
 0x0000,
 0x0000,
 0x0000,
 0x0000,
 0x0000,
 0x0000,
 0x0000,
 0x0000,
 0x0000,
 0x0000,
 0x0000,
 0x0000,
 0x0000,
 0x0000,
 0x0000,
 0x0000,
 0x0000,
 0x0000,
 0x0000,
 0x0000,
 0x0000,
 0x0000,
 0x0000,
 0x0000,
 0x0000,
 0x0000,
 0x0000,
 0x0000,
 0x0000,
 0x0000,
 0x0000,
 0x0000,
 0x0000,
 0x0000,
 0x0000,
 0x0000,
 0x0000,
 0x0000,
 0x815b,
 0x0000,
 0x0000,
 0x0000,
 0x0000,
 0x0000,
 0x0000,
 0x0000,
 0x0000,
 0x0000,
 0x0000,
 0x0000,
 0x0000,
 0x0000,
 0x0000,
 0x0000,
 0x0000,
 0x0000,
 0x0000,
 0x0000,
 0x0000,
 0x0000,
 0x0000,
 0x0000,
 0x0000,
 0x0000,
 0x0000,
 0x0000,
 0x0000,
 0x0000,
 0x0000,
 0x0000,
 0x0000,
 0x0000,
 0x0000,
 0x0000,
 0x0000,
 0x0000,
 0x0000,
 0x0000,
 0x0000,
 0x0000,
 0x0000,
 0x0000,
 0x0000,
 0x0000,
 0x0000,
 0x0000,
 0x0000,
 0x0000,
 0x0000,
 0x0000,
 0x0000,
 0x0000,
 0x0000,
 0x0000,
 0x0000,
 0x0000,
 0x0000,
 0x0000,
 0x8104,
 0x0000,
 0x0000,
 0x0000,
 0x0000,
 0x0000,
 0x0000,
 0x0000,
 0x0000,
 0x0000,
 0x0a15,
 0x0000,
 0x0000,
 0x0000,
 0x0000,
 0x0000,
 0x0000,
 0x810c,
 0x0000,
 0x0000,
 0x0000,
 0x0000,
 0x0000,
 0x0000,
 0x0000,
 0x0000,
 0x0000,
 0x0000,
 0x0000,
 0x0000,
 0x0000,
 0x0000,
 0x0000,
 0x0000,
 0x0000,
 0x0000,
 0x0000,
 0x0000,
 0x0000,
 0x0000,
 0x0000,
 0x0000,
 0x0000,
 0x0000,
 0x0000,
 0x0000,
 0x0000,
 0x0000,
 0x0000,
 0x0000,
 0x0000,
 0x0000,
 0x0000,
 0x0000,
 0x0000,
 0x0000,
 0x0000,
 0x0000,
 0x0000,
 0x0000,
 0x0000,
 0x0000,
 0x0000,
 0x0000,
 0x0000,
 0x0000,
 0x0000,
 0x0000,
 0x0000,
 0x0000,
 0x0000,
 0x0000,
 0x0000,
 0x0000,
 0x0000,
 0x0000,
 0x0000,
 0x0000,
 0x0000,
 0x0000,
 0x0000,
 0x0000,
 0x0000,
 0x0000,
 0x0000,
 0x0000,
 0x0000,
 0x0000,
 0x0000,
 0x0000,
 0x0000,
 0x0000,
 0x0000,
 0x0000,
 0x0000,
 0x0000,
 0x0000,
 0x0000,
 0x0000,
 0x0000,
 0x0000,
 0x0000,
 0x0000,
 0x0000,
 0x0000,
 0x0000,
 0x0000,
 0x0000,
 0x0000,
 0x0000,
 0x0000,
 0x0000,
 0x0000,
 0x0000,
 0x0000,
 0x0000,
 0x0000,
 0x0000,
 0x0000,
 0x0000,
 0x0000,
 0x0000,
 0x0000,
 0x0000,
 0x0000,
 0x0000,
 0x0000,
 0x0000,
 0x0000,
 0x0000,
 0x0eb8,
 0x0000,
 0x0000,
 0x0000,
 0x0000,
 0x0000,
 0x0000,
 0x0000,
 0x0000,
 0x0000,
 0x0000,
 0x0000,
 0x0000,
 0x0000,
 0x0000,
 0x0000,
 0x0000,
 0x0000,
 0x0000,
 0x0000,
 0x0000,
 0x0000,
 0x0000,
 0x0000,
 0x0000,
 0x0000,
 0x0000,
 0x0000,
 0x0000,
 0x0000,
 0x0000,
 0x0000,
 0x0000,
 0x0000,
 0x0000,
 0x0000,
 0x0000,
 0x0000,
 0x0000,
 0x0000,
 0x0000,
 0x0000,
 0x0000,
 0x0000,
 0x0000,
 0x0000,
 0x0000,
 0x0000,
 0x0000,
 0x0000,
 0x0000,
 0x0000,
 0x8157,
 0x0000,
 0x0000,
 0x0000,
 0x0000,
 0x0000,
 0x0000,
 0x0000,
 0x0000,
 0x0000,
 0x0000,
 0x0000,
 0x0000,
 0x0000,
 0x0000,
 0x80d6,
 0x0000,
 0x0000,
 0x0000,
 0x0000,
 0x0000,
 0x0000,
 0x0000,
 0x0000,
 0x0000,
 0x0000,
 0x0000,
 0x0000,
 0x0000,
 0x0000,
 0x0000,
 0x0000,
 0x0000,
 0x0000,
 0x0000,
 0x0000,
 0x0000,
 0x0000,
 0x0000,
 0x0000,
 0x0000,
 0x0000,
 0x0000,
 0x0000,
 0x0000,
 0x80af,
 0x0000,
 0x0000,
 0x0000,
 0x0000,
 0x0000,
 0x0000,
 0x0000,
 0x0000,
 0x0000,
 0x0000,
 0x0000,
 0x0000,
 0x0000,
 0x0000,
 0x0000,
 0x0000,
 0x0000,
 0x0000,
 0x0000,
 0x0000,
 0x0000,
 0x0000,
 0x0000,
 0x0000,
 0x0000,
 0x0000,
 0x0000,
 0x0000,
 0x0000,
 0x0000,
 0x0000,
 0x0000,
 0x0000,
 0x0000,
 0x0000,
 0x0000,
 0x0000,
 0x0000,
 0x0000,
 0x0000,
 0x0000,
 0x80dc,
 0x0000,
 0x0000,
 0x0000,
 0x0000,
 0x0000,
 0x0000,
 0x0000,
 0x0000,
 0x0000,
 0x0000,
 0x0000,
 0x0000,
 0x0000,
 0x0000,
 0x0000,
 0x0000,
 0x0000,
 0x0000,
 0x0000,
 0x0000,
 0x0000,
 0x0000,
 0x0000,
 0x0000,
 0x0000,
 0x0000,
 0x0000,
 0x0000,
 0x0000,
 0x0000,
 0x0000,
 0x0000,
 0x0000,
 0x0000,
 0x0000,
 0x0000,
 0x0000,
 0x0000,
 0x0000,
 0x0000,
 0x0000,
 0x0000,
 0x0000,
 0x0000,
 0x0000,
 0x0000,
 0x0000,
 0x0000,
 0x0000,
 0x0000,
 0x0000,
 0x0000,
 0x0000,
 0x0000,
 0x0000,
 0x0000,
 0x0000,
 0x05c4,
 0x0000,
 0x0000,
 0x0000,
 0x0000,
 0x0000,
 0x0000,
 0x0000,
 0x0000,
 0x0000,
 0x0000,
 0x0000,
 0x0000,
 0x0000,
 0x0000,
 0x0000,
 0x0000,
 0x0000,
 0x0000,
 0x0000,
 0x0000,
 0x0000,
 0x0000,
 0x0000,
 0x0000,
 0x0000,
 0x0000,
 0x807a,
 0x0000,
 0x0000,
 0x0000,
 0x0000,
 0x0000,
 0x0000,
 0x0000,
 0x0000,
 0x0000,
 0x0000,
 0x0000,
 0x0000,
 0x0000,
 0x0000,
 0x0000,
 0x0000,
 0x0000,
 0x0000,
 0x0000,
 0x0000,
 0x0000,
 0x0000,
 0x0000,
 0x0000,
 0x0000,
 0x0000,
 0x0000,
 0x0000,
 0x0000,
 0x0000,
 0x0000,
 0x0000,
 0x0000,
 0x0000,
 0x0000,
 0x0000,
 0x0000,
 0x0000,
 0x0000,
 0x0000,
 0x0000,
 0x0000,
 0x0000,
 0x0000,
 0x0000,
 0x0000,
 0x0000,
 0x0000,
 0x0000,
 0x0000,
 0x0000,
 0x0000,
 0x0000,
 0x0000,
 0x0000,
 0x0000,
 0x0000,
 0x0000,
 0x0000,
 0x0000,
 0x0000,
 0x0000,
 0x0000,
 0x0000,
 0x0000,
 0x0000,
 0x0000,
 0x0000,
 0x0000,
 0x0000,
 0x0000,
 0x0000,
 0x0000,
 0x0000,
 0x8078,
 0x0000,
 0x0000,
 0x0000,
 0x0000,
 0x0000,
 0x0000,
 0x0000,
 0x0000,
 0x0000,
 0x0000,
 0x0000,
 0x0000,
 0x0000,
 0x0000,
 0x0000,
 0x0000,
 0x0000,
 0x0000,
 0x0000,
 0x8178,
 0x0000,
 0x0000,
 0x0000,
 0x0000,
 0x0000,
 0x0f3b,
 0x0000,
 0x0000,
 0x0000,
 0x0000,
 0x0000,
 0x0000,
 0x0000,
 0x0000,
 0x0000,
 0x0000,
 0x0000,
 0x0000,
 0x0000,
 0x0000,
 0x0000,
 0x0000,
 0x0000,
 0x0000,
 0x0000,
 0x0000,
 0x0000,
 0x0000,
 0x0000,
 0x0000,
 0x0000,
 0x0000,
 0x0000,
 0x0000,
 0x0000,
 0x0000,
 0x0000,
 0x0000,
 0x0000,
 0x0000,
 0x0000,
 0x0000,
 0x0000,
 0x0000,
 0x0000,
 0x0000,
 0x0000,
 0x0000,
 0x0000,
 0x0000,
 0x0000,
 0x0000,
 0x0000,
 0x0000,
 0x0000,
 0x0000,
 0x0000,
 0x0000,
 0x0000,
 0x0000,
 0x0000,
 0x0000,
 0x0000,
 0x0000,
 0x0000,
 0x0000,
 0x0000,
 0x0000,
 0x0000,
 0x0000,
 0x0000,
 0x0000,
 0x0000,
 0x0000,
 0x0000,
 0x0000,
 0x0000,
 0x0000,
 0x0000,
 0x0000,
 0x8163,
 0x0000,
 0x0000,
 0x0000,
 0x0000,
 0x0000,
 0x0000,
 0x0000,
 0x0000,
 0x0000,
 0x0000,
 0x0000,
 0x0000,
 0x0000,
 0x0000,
 0x0000,
 0x0000,
 0x0000,
 0x0000,
 0x0000,
 0x0000,
 0x0000,
 0x0000,
 0x0000,
 0x07a6,
 0x0000,
 0x0000,
 0x0000,
 0x0000,
 0x0000,
 0x0ec0,
 0x0000,
 0x0000,
 0x0000,
 0x0000,
 0x0000,
 0x0000,
 0x0000,
 0x0000,
 0x0000,
 0x0000,
 0x0000,
 0x0000,
 0x0000,
 0x0000,
 0x0000,
 0x0000,
 0x0000,
 0x0000,
 0x0000,
 0x0000,
 0x0000,
 0x0000,
 0x0000,
 0x0000,
 0x0000,
 0x0000,
 0x0000,
 0x0000,
 0x0000,
 0x0000,
 0x0000,
 0x0000,
 0x0000,
 0x0000,
 0x0000,
 0x0000,
 0x0000,
 0x0000,
 0x0000,
 0x0000,
 0x0000,
 0x0000,
 0x0000,
 0x0000,
 0x0000,
 0x0000,
 0x0000,
 0x0000,
 0x0000,
 0x0000,
 0x0000,
 0x0000,
 0x0000,
 0x0000,
 0x0000,
 0x0000,
 0x0000,
 0x0000,
 0x0000,
 0x0000,
 0x0000,
 0x0000,
 0x0000,
 0x0000,
 0x0000,
 0x0000,
 0x0000,
 0x0000,
 0x0000,
 0x0000,
 0x0000,
 0x0000,
 0x0000,
 0x0000,
 0x80a0,
 0x0000,
 0x0000,
 0x0000,
 0x0000,
 0x0000,
 0x0000,
 0x0000,
 0x0000,
 0x0000,
 0x0000,
 0x0000,
 0x0000,
 0x0000,
 0x0000,
 0x0000,
 0x0000,
 0x0000,
 0x0000,
 0x0000,
 0x0000,
 0x0000,
 0x0000,
 0x0000,
 0x0000,
 0x0000,
 0x0000,
 0x0000,
 0x0000,
 0x0000,
 0x0000,
 0x0000,
 0x0000,
 0x0000,
 0x0000,
 0x0000,
 0x0000,
 0x0000,
 0x0000,
 0x0201,
 0x0000,
 0x0000,
 0x0000,
 0x0000,
 0x0000,
 0x0000,
 0x0000,
 0x0000,
 0x0000,
 0x0000,
 0x0000,
 0x0000,
 0x0000,
 0x0000,
 0x0000,
 0x0000,
 0x0000,
 0x0000,
 0x0000,
 0x0000,
 0x0000,
 0x0000,
 0x0000,
 0x0000,
 0x0000,
 0x0000,
 0x0000,
 0x0000,
 0x0000,
 0x0000,
 0x0000,
 0x0000,
 0x0000,
 0x0000,
 0x0000,
 0x0000,
 0x0000,
 0x0000,
 0x0000,
 0x0000,
 0x0000,
 0x0000,
 0x0000,
 0x0000,
 0x0000,
 0x0000,
 0x0000,
 0x0000,
 0x0000,
 0x0000,
 0x0000,
 0x0000,
 0x0000,
 0x0000,
 0x0000,
 0x0000,
 0x0000,
 0x0000,
 0x0000,
 0x0000,
 0x0000,
 0x0214,
 0x0000,
 0x0000,
 0x0000,
 0x0000,
 0x0000,
 0x0000,
 0x0000,
 0x0000,
 0x0000,
 0x0000,
 0x0000,
 0x0000,
 0x0000,
 0x0000,
 0x0000,
 0x0000,
 0x0000,
 0x0000,
 0x0000,
 0x0000,
 0x0000,
 0x0000,
 0x0000,
 0x0000,
 0x0000,
 0x0000,
 0x0000,
 0x0000,
 0x0000,
 0x0000,
 0x0000,
 0x0000,
 0x0000,
 0x0000,
 0x0000,
 0x0000,
 0x0000,
 0x0000,
 0x0000,
 0x0000,
 0x0000,
 0x0000,
 0x0000,
 0x0000,
 0x0000,
 0x0000,
 0x0000,
 0x0000,
 0x0000,
 0x0000,
 0x00d3,
 0x0000,
 0x0000,
 0x0000,
 0x0000,
 0x0000,
 0x0000,
 0x0000,
 0x0000,
 0x0000,
 0x0000,
 0x0000,
 0x0000,
 0x0000,
 0x0000,
 0x0000,
 0x0000,
 0x0000,
 0x0000,
 0x0000,
 0x0000,
 0x0000,
 0x0000,
 0x0000,
 0x0000,
 0x0000,
 0x0000,
 0x0000,
 0x0000,
 0x0000,
 0x0000,
 0x0000,
 0x0000,
 0x0000,
 0x0000,
 0x0000,
 0x0000,
 0x0000,
 0x0000,
 0x0000,
 0x0000,
 0x0000,
 0x0000,
 0x0000,
 0x0000,
 0x0000,
 0x0000,
 0x0000,
 0x0000,
 0x0000,
 0x0000,
 0x0000,
 0x0000,
 0x0000,
 0x80c3,
 0x00da,
 0x0000,
 0x0000,
 0x0000,
 0x0000,
 0x0000,
 0x0000,
 0x0000,
 0x0000,
 0x0000,
 0x8089,
 0x0000,
 0x0000,
 0x0000,
 0x0000,
 0x0000,
 0x0000,
 0x0000,
 0x0000,
 0x0000,
 0x0000,
 0x0000,
 0x0000,
 0x0000,
 0x0000,
 0x0000,
 0x0000,
 0x0e2a,
 0x0000,
 0x0000,
 0x0000,
 0x0000,
 0x0000,
 0x0000,
 0x0000,
 0x0000,
 0x0000,
 0x0000,
 0x0000,
 0x0000,
 0x0000,
 0x0000,
 0x0000,
 0x0000,
 0x0000,
 0x0000,
 0x0000,
 0x0000,
 0x0000,
 0x0000,
 0x0000,
 0x0000,
 0x0000,
 0x0000,
 0x0000,
 0x0000,
 0x0000,
 0x0000,
 0x0000,
 0x0000,
 0x0000,
 0x0000,
 0x0000,
 0x0000,
 0x0000,
 0x0000,
 0x0000,
 0x0000,
 0x0000,
 0x0000,
 0x0000,
 0x0000,
 0x0000,
 0x0000,
 0x0000,
 0x0000,
 0x810a,
 0x0000,
 0x0000,
 0x0000,
 0x0000,
 0x0000,
 0x0000,
 0x0000,
 0x0000,
 0x0000,
 0x0000,
 0x0000,
 0x0000,
 0x0000,
 0x0000,
 0x0000,
 0x0000,
 0x0000,
 0x0000,
 0x0000,
 0x0000,
 0x0000,
 0x0000,
 0x0000,
 0x0000,
 0x0000,
 0x0000,
 0x0000,
 0x0000,
 0x0000,
 0x0000,
 0x817c,
 0x0000,
 0x0000,
 0x0000,
 0x0000,
 0x0000,
 0x0000,
 0x06d4,
 0x0000,
 0x0000,
 0x0000,
 0x0000,
 0x0000,
 0x0000,
 0x0000,
 0x0000,
 0x0000,
 0x0000,
 0x0000,
 0x0000,
 0x0000,
 0x0000,
 0x0000,
 0x0000,
 0x0000,
 0x0000,
 0x0000,
 0x0000,
 0x0000,
 0x0000,
 0x0000,
 0x0000,
 0x0000,
 0x0000,
 0x0000,
 0x0000,
 0x0000,
 0x0000,
 0x0000,
 0x0000,
 0x0000,
 0x0000,
 0x0000,
 0x0000,
 0x0000,
 0x0000,
 0x0000,
 0x0000,
 0x0000,
 0x0000,
 0x0000,
 0x0000,
 0x0000,
 0x0000,
 0x0000,
 0x0000,
 0x0000,
 0x0000,
 0x0000,
 0x0000,
 0x0000,
 0x0000,
 0x0000,
 0x0000,
 0x0000,
 0x0000,
 0x0000,
 0x0000,
 0x0000,
 0x0000,
 0x0000,
 0x0000,
 0x0000,
 0x0000,
 0x0000,
 0x0000,
 0x0000,
 0x0000,
 0x0000,
 0x0000,
 0x0000,
 0x0000,
 0x0000,
 0x0000,
 0x0000,
 0x0000,
 0x0000,
 0x0000,
 0x0000,
 0x0000,
 0x0000,
 0x0000,
 0x0000,
 0x0000,
 0x0000,
 0x0000,
 0x0000,
 0x0000,
 0x0000,
 0x0000,
 0x8125,
 0x0000,
 0x0000,
 0x0000,
 0x0000,
 0x0000,
 0x0000,
 0x0000,
 0x0000,
 0x0000,
 0x0000,
 0x0000,
 0x0000,
 0x0000,
 0x0000,
 0x0000,
 0x80d4,
 0x0000,
 0x0000,
 0x0000,
 0x0000,
 0x0000,
 0x0000,
 0x0000,
 0x0000,
 0x0000,
 0x0000,
 0x8066,
 0x0000,
 0x0000,
 0x0000,
 0x0000,
 0x0000,
 0x0000,
 0x0000,
 0x0000,
 0x0000,
 0x0000,
 0x0000,
 0x0000,
 0x0000,
 0x0000,
 0x0000,
 0x0000,
 0x0000,
 0x0000,
 0x0000,
 0x032a,
 0x0000,
 0x0000,
 0x0000,
 0x0000,
 0x0000,
 0x0000,
 0x0000,
 0x0000,
 0x0000,
 0x0000,
 0x0000,
 0x0000,
 0x0000,
 0x0000,
 0x0000,
 0x0000,
 0x0000,
 0x0000,
 0x0000,
 0x0000,
 0x0000,
 0x0000,
 0x0000,
 0x0000,
 0x0000,
 0x0000,
 0x0000,
 0x0000,
 0x0000,
 0x0000,
 0x0000,
 0x0000,
 0x0000,
 0x0000,
 0x0000,
 0x0000,
 0x0000,
 0x0000,
 0x0000,
 0x0000,
 0x0000,
 0x0000,
 0x0000,
 0x0000,
 0x0000,
 0x0000,
 0x0000,
 0x0000,
 0x0000,
 0x0000,
 0x0000,
 0x0000,
 0x0000,
 0x0000,
 0x0000,
 0x0000,
 0x0000,
 0x0000,
 0x0000,
 0x0000,
 0x0000,
 0x0000,
 0x0000,
 0x0000,
 0x808e,
 0x0000,
 0x0000,
 0x0000,
 0x0000,
 0x0000,
 0x0000,
 0x0000,
 0x0000,
 0x0000,
 0x0000,
 0x0000,
 0x0000,
 0x0000,
 0x0000,
 0x0000,
 0x0000,
 0x0000,
 0x0000,
 0x0000,
 0x0000,
 0x0000,
 0x0000,
 0x0000,
 0x0000,
 0x0000,
 0x0000,
 0x0000,
 0x0000,
 0x0000,
 0x0000,
 0x0000,
 0x0000,
 0x0000,
 0x0000,
 0x0000,
 0x0000,
 0x0000,
 0x0000,
 0x0000,
 0x0e49,
 0x0000,
 0x0000,
 0x0000,
 0x0f69,
 0x0000,
 0x0000,
 0x0000,
 0x0000,
 0x0000,
 0x0000,
 0x0000,
 0x0000,
 0x0000,
 0x0000,
 0x0000,
 0x0000,
 0x0000,
 0x0000,
 0x0000,
 0x0000,
 0x0000,
 0x0000,
 0x0000,
 0x0000,
 0x0000,
 0x0000,
 0x0000,
 0x0000,
 0x0000,
 0x0000,
 0x0000,
 0x0000,
 0x0000,
 0x0000,
 0x0000,
 0x0000,
 0x0000,
 0x0000,
 0x0000,
 0x0000,
 0x0000,
 0x0000,
 0x0000,
 0x0000,
 0x0000,
 0x0000,
 0x0000,
 0x0000,
 0x0000,
 0x0000,
 0x0000,
 0x0000,
 0x0000,
 0x0000,
 0x0000,
 0x0000,
 0x0000,
 0x0000,
 0x0000,
 0x0000,
 0x0000,
 0x0000,
 0x0000,
 0x0000,
 0x0000,
 0x0000,
 0x0000,
 0x0000,
 0x0000,
 0x0000,
 0x0000,
 0x0000,
 0x0000,
 0x0000,
 0x0000,
 0x0000,
 0x0000,
 0x0000,
 0x0000,
 0x0000,
 0x0000,
 0x0000,
 0x0000,
 0x0000,
 0x0000,
 0x0000,
 0x0000,
 0x0000,
 0x0000,
 0x0000,
 0x0000,
 0x0000,
 0x0000,
 0x0000,
 0x0000,
 0x0000,
 0x0000,
 0x0000,
 0x0000,
 0x0000,
 0x0000,
 0x0000,
 0x0000,
 0x0000,
 0x0000,
 0x0000,
 0x0000,
 0x0000,
 0x0000,
 0x0000,
 0x0000,
 0x0000,
 0x0000,
 0x0000,
 0x0000,
 0x0000,
 0x0000,
 0x0000,
 0x0000,
 0x0000,
 0x0000,
 0x0000,
 0x0000,
 0x0000,
 0x0000,
 0x0000,
 0x0000,
 0x0000,
 0x0000,
 0x0000,
 0x0000,
 0x0000,
 0x0000,
 0x0000,
 0x0000,
 0x0000,
 0x0000,
 0x0000,
 0x0000,
 0x0000,
 0x0000,
 0x0000,
 0x0000,
 0x0000,
 0x0000,
 0x0000,
 0x0000,
 0x0000,
 0x0000,
 0x0000,
 0x0000,
 0x0000,
 0x0000,
 0x0000,
 0x0000,
 0x0000,
 0x0000,
 0x0000,
 0x0000,
 0x0000,
 0x0000,
 0x0000,
 0x0000,
 0x0000,
 0x0000,
 0x0000,
 0x0000,
 0x0000,
 0x0000,
 0x0000,
 0x0000,
 0x0000,
 0x0000,
 0x0000,
 0x0000,
 0x0000,
 0x07a4,
 0x0000,
 0x0000,
 0x0000,
 0x0000,
 0x0000,
 0x0000,
 0x0000,
 0x0000,
 0x0000,
 0x0000,
 0x0000,
 0x0000,
 0x0000,
 0x0000,
 0x0000,
 0x0000,
 0x0000,
 0x0000,
 0x0000,
 0x0000,
 0x0000,
 0x0000,
 0x0000,
 0x0000,
 0x0000,
 0x0000,
 0x0000,
 0x0000,
 0x0000,
 0x0000,
 0x0000,
 0x0000,
 0x0000,
 0x0000,
 0x0000,
 0x0000,
 0x0000,
 0x0000,
 0x0000,
 0x0000,
 0x0000,
 0x0000,
 0x0000,
 0x0000,
 0x0000,
 0x0000,
 0x0000,
 0x0000,
 0x0000,
 0x0000,
 0x0000,
 0x0000,
 0x0000,
 0x0000,
 0x0000,
 0x0000,
 0x0000,
 0x0000,
 0x0000,
 0x0000,
 0x0000,
 0x0000,
 0x0000,
 0x0000,
 0x0000,
 0x0000,
 0x0000,
 0x0000,
 0x0000,
 0x0000,
 0x0000,
 0x0000,
 0x0000,
 0x0000,
 0x0000,
 0x0000,
 0x0000,
 0x0000,
 0x0000,
 0x0000,
 0x0000,
 0x0000,
 0x0000,
 0x0000,
 0x0000,
 0x0000,
 0x0000,
 0x0000,
 0x0000,
 0x0000,
 0x0000,
 0x0000,
 0x0000,
 0x0000,
 0x0000,
 0x0000,
 0x0000,
 0x0000,
 0x0000,
 0x0000,
 0x0000,
 0x0000,
 0x0000,
 0x0000,
 0x80f3,
 0x0000,
 0x0000,
 0x0000,
 0x0000,
 0x0000,
 0x0000,
 0x0000,
 0x0000,
 0x0000,
 0x0000,
 0x0000,
 0x0000,
 0x0000,
 0x0000,
 0x0000,
 0x0000,
 0x0000,
 0x0000,
 0x0000,
 0x0000,
 0x0000,
 0x0000,
 0x0000,
 0x0000,
 0x0000,
 0x0a95,
 0x0000,
 0x0000,
 0x0000,
 0x0000,
 0x0000,
 0x0000,
 0x0000,
 0x0000,
 0x0000,
 0x0000,
 0x0000,
 0x0000,
 0x0000,
 0x0000,
 0x0000,
 0x0000,
 0x0000,
 0x0000,
 0x0000,
 0x0000,
 0x0000,
 0x8116,
 0x0000,
 0x0000,
 0x0000,
 0x0000,
 0x0000,
 0x0000,
 0x0000,
 0x0000,
 0x0000,
 0x0000,
 0x0000,
 0x0000,
 0x8140,
 0x03db,
 0x0000,
 0x0000,
 0x0000,
 0x0000,
 0x8023,
 0x0000,
 0x0000,
 0x0000,
 0x0000,
 0x0000,
 0x0000,
 0x0000,
 0x0000,
 0x0000,
 0x0000,
 0x0000,
 0x0000,
 0x0000,
 0x0000,
 0x0000,
 0x0000,
 0x0000,
 0x0000,
 0x0000,
 0x0000,
 0x0000,
 0x0000,
 0x0000,
 0x0000,
 0x0000,
 0x0000,
 0x0000,
 0x0000,
 0x0000,
 0x0000,
 0x0000,
 0x0000,
 0x0000,
 0x0000,
 0x0000,
 0x0000,
 0x0000,
 0x0000,
 0x0000,
 0x0000,
 0x0000,
 0x0000,
 0x0000,
 0x0000,
 0x0000,
 0x0000,
 0x0000,
 0x0000,
 0x0000,
 0x0000,
 0x0000,
 0x0000,
 0x0000,
 0x0000,
 0x0000,
 0x0000,
 0x0000,
 0x0000,
 0x0000,
 0x0000,
 0x0000,
 0x0000,
 0x0000,
 0x0000,
 0x0000,
 0x0000,
 0x0000,
 0x0000,
 0x0000,
 0x0000,
 0x0000,
 0x0000,
 0x0000,
 0x0000,
 0x0000,
 0x0000,
 0x0000,
 0x0000,
 0x0000,
 0x0000,
 0x0000,
 0x0000,
 0x0000,
 0x0000,
 0x0000,
 0x0000,
 0x0000,
 0x0000,
 0x0000,
 0x0000,
 0x0000,
 0x0000,
 0x0000,
 0x0000,
 0x0000,
 0x0000,
 0x0000,
 0x0000,
 0x0000,
 0x0000,
 0x0000,
 0x0000,
 0x0000,
 0x0000,
 0x0000,
 0x0000,
 0x0000,
 0x0000,
 0x0000,
 0x0000,
 0x0000,
 0x0000,
 0x0000,
 0x0000,
 0x0000,
 0x0000,
 0x0000,
 0x0000,
 0x0000,
 0x0000,
 0x0000,
 0x0000,
 0x0000,
 0x0000,
 0x0000,
 0x0000,
 0x0000,
 0x0000,
 0x0000,
 0x0000,
 0x0000,
 0x0000,
 0x0000,
 0x0000,
 0x0000,
 0x0000,
 0x0000,
 0x0000,
 0x0000,
 0x0000,
 0x0000,
 0x0000,
 0x0000,
 0x0000,
 0x0000,
 0x0000,
 0x0000,
 0x0000,
 0x0000,
 0x0000,
 0x06b4,
 0x0000,
 0x0000,
 0x0000,
 0x0000,
 0x0000,
 0x0000,
 0x0000,
 0x0000,
 0x0000,
 0x0000,
 0x0000,
 0x0000,
 0x0000,
 0x0000,
 0x0000,
 0x0000,
 0x0000,
 0x0000,
 0x0000,
 0x0000,
 0x0000,
 0x0000,
 0x0000,
 0x0000,
 0x0000,
 0x0000,
 0x0000,
 0x0000,
 0x0000,
 0x0000,
 0x0000,
 0x0000,
 0x0000,
 0x0000,
 0x0000,
 0x0000,
 0x0000,
 0x0000,
 0x0000,
 0x0000,
 0x0000,
 0x0000,
 0x0000,
 0x0000,
 0x0000,
 0x0000,
 0x0000,
 0x0000,
 0x0000,
 0x0000,
 0x0000,
 0x0000,
 0x0000,
 0x0000,
 0x0000,
 0x0000,
 0x0000,
 0x0000,
 0x0000,
 0x0000,
 0x0000,
 0x0000,
 0x0000,
 0x0000,
 0x0000,
 0x0000,
 0x0000,
 0x0000,
 0x0000,
 0x0000,
 0x0000,
 0x0000,
 0x0000,
 0x0000,
 0x0000,
 0x0000,
 0x0000,
 0x0000,
 0x0000,
 0x0000,
 0x0000,
 0x0000,
 0x0000,
 0x0000,
 0x0000,
 0x0000,
 0x0000,
 0x0000,
 0x0000,
 0x0000,
 0x0000,
 0x0000,
 0x0000,
 0x0000,
 0x0000,
 0x0000,
 0x0000,
 0x0000,
 0x0000,
 0x0000,
 0x0000,
 0x0000,
 0x0000,
 0x0000,
 0x0000,
 0x0000,
 0x0000,
 0x0000,
 0x0000,
 0x0000,
 0x0000,
 0x0000,
 0x0000,
 0x0000,
 0x0000,
 0x0000,
 0x0000,
 0x0000,
 0x0000,
 0x0000,
 0x0000,
 0x0000,
 0x0000,
 0x0000,
 0x0000,
 0x0000,
 0x0000,
 0x0000,
 0x0000,
 0x0000,
 0x0000,
 0x0000,
 0x0000,
 0x0000,
 0x0000,
 0x0000,
 0x0000,
 0x0000,
 0x0000,
 0x0000,
 0x0000,
 0x0000,
 0x0000,
 0x0000,
 0x0000,
 0x0000,
 0x0000,
 0x0000,
 0x0000,
 0x0000,
 0x0000,
 0x0000,
 0x0000,
 0x0000,
 0x0000,
 0x0000,
 0x0000,
 0x0000,
 0x0000,
 0x0000,
 0x0000,
 0x0000,
 0x0000,
 0x0000,
 0x0000,
 0x0000,
 0x0000,
 0x0000,
 0x0000,
 0x0000,
 0x0000,
 0x0000,
 0x0000,
 0x0000,
 0x0000,
 0x0000,
 0x0000,
 0x0000,
 0x0000,
 0x0000,
 0x0000,
 0x0000,
 0x0000,
 0x0000,
 0x0000,
 0x0000,
 0x0000,
 0x0000,
 0x0000,
 0x0000,
 0x0000,
 0x0000,
 0x0000,
 0x035d,
 0x0000,
 0x0000,
 0x0000,
 0x0000,
 0x0000,
 0x0000,
 0x0000,
 0x0000,
 0x0000,
 0x0000,
 0x0000,
 0x0000,
 0x0000,
 0x0000,
 0x0000,
 0x0000,
 0x0000,
 0x0000,
 0x0000,
 0x0000,
 0x8152,
 0x0000,
 0x0000,
 0x0000,
 0x0000,
 0x0000,
 0x0000,
 0x0000,
 0x0000,
 0x0000,
 0x0000,
 0x0000,
 0x0000,
 0x0000,
 0x0000,
 0x0000,
 0x0000,
 0x0000,
 0x0000,
 0x0000,
 0x0000,
 0x0000,
 0x0000,
 0x0000,
 0x0000,
 0x0000,
 0x0000,
 0x0000,
 0x0000,
 0x0000,
 0x0000,
 0x0000,
 0x0000,
 0x0000,
 0x0000,
 0x0000,
 0x0000,
 0x0000,
 0x0000,
 0x0000,
 0x0000,
 0x0000,
 0x0000,
 0x0000,
 0x0000,
 0x0000,
 0x0000,
 0x0000,
 0x0000,
 0x0000,
 0x0000,
 0x0000,
 0x0000,
 0x0000,
 0x0000,
 0x0000,
 0x0000,
 0x0000,
 0x0000,
 0x0000,
 0x0000,
 0x0000,
 0x0000,
 0x0000,
 0x0000,
 0x0000,
 0x0000,
 0x0000,
 0x0000,
 0x0000,
 0x0000,
 0x0000,
 0x0000,
 0x0000,
 0x0000,
 0x0000,
 0x0000,
 0x0000,
 0x0000,
 0x0000,
 0x0000,
 0x0000,
 0x0000,
 0x0000,
 0x0000,
 0x0000,
 0x0000,
 0x0000,
 0x0000,
 0x0000,
 0x0000,
 0x0000,
 0x0000,
 0x0000,
 0x0000,
 0x0000,
 0x0000,
 0x0000,
 0x0000,
 0x0000,
 0x0000,
 0x0000,
 0x0000,
 0x0000,
 0x0000,
 0x0000,
 0x0000,
 0x0000,
 0x0000,
 0x0000,
 0x0000,
 0x0000,
 0x0000,
 0x8029,
 0x0000,
 0x0000,
 0x0000,
 0x0000,
 0x0000,
 0x0000,
 0x0000,
 0x0000,
 0x0000,
 0x0000,
 0x0000,
 0x0000,
 0x0000,
 0x0000,
 0x0000,
 0x0000,
 0x0000,
 0x0000,
 0x0000,
 0x0000,
 0x0000,
 0x0000,
 0x0000,
 0x0000,
 0x0000,
 0x0000,
 0x0000,
 0x0000,
 0x0000,
 0x0000,
 0x0000,
 0x0000,
 0x0f30,
 0x0000,
 0x0000,
 0x0000,
 0x0000,
 0x0000,
 0x0000,
 0x0000,
 0x8168,
 0x0000,
 0x0000,
 0x0000,
 0x0000,
 0x0000,
 0x0000,
 0x0000,
 0x0000,
 0x0000,
 0x0000,
 0x0000,
 0x0d68,
 0x0000,
 0x0000,
 0x0000,
 0x0000,
 0x0000,
 0x0000,
 0x0000,
 0x0000,
 0x0000,
 0x0000,
 0x0000,
 0x0000,
 0x0000,
 0x0000,
 0x0000,
 0x0000,
 0x0000,
 0x0000,
 0x0000,
 0x0000,
 0x0000,
 0x0000,
 0x0000,
 0x0000,
 0x0000,
 0x0000,
 0x0000,
 0x06ef,
 0x0000,
 0x0000,
 0x0000,
 0x0000,
 0x0000,
 0x0000,
 0x0000,
 0x0000,
 0x0000,
 0x0000,
 0x0000,
 0x0000,
 0x0000,
 0x0000,
 0x0000,
 0x0000,
 0x0000,
 0x0000,
 0x0000,
 0x0a5f,
 0x0000,
 0x0000,
 0x0000,
 0x0000,
 0x0000,
 0x0000,
 0x0000,
 0x0000,
 0x0000,
 0x0000,
 0x0000,
 0x0000,
 0x0000,
 0x0000,
 0x0000,
 0x0000,
 0x0000,
 0x0000,
 0x0000,
 0x0000,
 0x0000,
 0x0000,
 0x0000,
 0x0000,
 0x0000,
 0x0000,
 0x0000,
 0x0000,
 0x0000,
 0x0000,
 0x0000,
 0x0000,
 0x0000,
 0x0000,
 0x0000,
 0x0000,
 0x0000,
 0x0000,
 0x0000,
 0x0000,
 0x0000,
 0x0000,
 0x0000,
 0x0000,
 0x0000,
 0x8050,
 0x0000,
 0x0000,
 0x0000,
 0x0000,
 0x0000,
 0x0000,
 0x0000,
 0x0000,
 0x0000,
 0x0000,
 0x0000,
 0x0000,
 0x0000,
 0x0000,
 0x0000,
 0x0000,
 0x0000,
 0x0000,
 0x0000,
 0x0000,
 0x0000,
 0x0000,
 0x0000,
 0x0000,
 0x0000,
 0x0000,
 0x0000,
 0x0000,
 0x0000,
 0x0000,
 0x0000,
 0x0000,
 0x0000,
 0x0000,
 0x0000,
 0x0000,
 0x0000,
 0x0000,
 0x0000,
 0x0000,
 0x0000,
 0x0000,
 0x0000,
 0x0000,
 0x0000,
 0x0000,
 0x0000,
 0x0000,
 0x0000,
 0x0000,
 0x0000,
 0x0000,
 0x0000,
 0x0000,
 0x0000,
 0x802e,
 0x0000,
 0x0000,
 0x0000,
 0x0000,
 0x0000,
 0x0000,
 0x0000,
 0x0000,
 0x0000,
 0x0000,
 0x0000,
 0x0000,
 0x0000,
 0x0000,
 0x0000,
 0x0000,
 0x0000,
 0x0000,
 0x0000,
 0x0000,
 0x0000,
 0x0000,
 0x0000,
 0x0000,
 0x0000,
 0x0000,
 0x0000,
 0x0000,
 0x0000,
 0x0000,
 0x0000,
 0x0000,
 0x0000,
 0x0000,
 0x0000,
 0x0000,
 0x0000,
 0x0000,
 0x0000,
 0x0000,
 0x0000,
 0x0000,
 0x0000,
 0x0000,
 0x0000,
 0x0000,
 0x0000,
 0x0000,
 0x0000,
 0x0000,
 0x0000,
 0x0000,
 0x0000,
 0x0000,
 0x0000,
 0x0000,
 0x0000,
 0x0000,
 0x0000,
 0x0000,
 0x0000,
 0x0000,
 0x0000,
 0x0000,
 0x0000,
 0x0000,
 0x0000,
 0x0000,
 0x0000,
 0x0000,
 0x0000,
 0x0f17,
 0x0000,
 0x0000,
 0x0000,
 0x0000,
 0x0000,
 0x0000,
 0x0000,
 0x0000,
 0x0000,
 0x0000,
 0x0000,
 0x0000,
 0x0000,
 0x0000,
 0x0000,
 0x0000,
 0x0000,
 0x0000,
 0x0000,
 0x0000,
 0x0000,
 0x0000,
 0x0000,
 0x0000,
 0x0000,
 0x0000,
 0x0000,
 0x0000,
 0x0000,
 0x0000,
 0x0000,
 0x0000,
 0x0000,
 0x0000,
 0x0000,
 0x0000,
 0x0000,
 0x0000,
 0x0000,
 0x0000,
 0x0000,
 0x0000,
 0x0000,
 0x0000,
 0x0000,
 0x0000,
 0x0000,
 0x0000,
 0x809a,
 0x0000,
 0x0000,
 0x0000,
 0x0000,
 0x0000,
 0x0000,
 0x8057,
 0x0000,
 0x0000,
 0x0000,
 0x0000,
 0x0000,
 0x0000,
 0x0000,
 0x0000,
 0x0000,
 0x0000,
 0x0000,
 0x0000,
 0x0000,
 0x0000,
 0x0000,
 0x0000,
 0x0000,
 0x0000,
 0x0000,
 0x0000,
 0x0000,
 0x0000,
 0x0000,
 0x0000,
 0x0000,
 0x0000,
 0x0000,
 0x0000,
 0x0000,
 0x8083,
 0x0000,
 0x0000,
 0x0000,
 0x0000,
 0x0000,
 0x0000,
 0x0000,
 0x0000,
 0x0000,
 0x0000,
 0x0000,
 0x0000,
 0x0000,
 0x8175,
 0x0000,
 0x0000,
 0x0000,
 0x0000,
 0x0000,
 0x0000,
 0x0000,
 0x0000,
 0x0000,
 0x0000,
 0x0000,
 0x0000,
 0x0000,
 0x0000,
 0x0000,
 0x0000,
 0x0000,
 0x0000,
 0x0000,
 0x0000,
 0x0000,
 0x0000,
 0x0000,
 0x0000,
 0x0000,
 0x0000,
 0x0000,
 0x0000,
 0x0000,
 0x0000,
 0x0000,
 0x0000,
 0x8146,
 0x0000,
 0x0000,
 0x0000,
 0x0000,
 0x0000,
 0x0000,
 0x0000,
 0x0000,
 0x0000,
 0x0000,
 0x0000,
 0x0000,
 0x0000,
 0x0000,
 0x0000,
 0x0000,
 0x0000,
 0x0000,
 0x0000,
 0x0000,
 0x0000,
 0x0000,
 0x0000,
 0x0000,
 0x0000,
 0x0000,
 0x0000,
 0x0000,
 0x0000,
 0x0000,
 0x0000,
 0x0000,
 0x0000,
 0x0000,
 0x0000,
 0x0000,
 0x0000,
 0x0000,
 0x0000,
 0x0000,
 0x0000,
 0x0000,
 0x0000,
 0x0000,
 0x0000,
 0x0000,
 0x0000,
 0x0000,
 0x0000,
 0x0000,
 0x0000,
 0x0000,
 0x0000,
 0x0000,
 0x0000,
 0x042c,
 0x0000,
 0x0000,
 0x0000,
 0x0000,
 0x0000,
 0x0000,
 0x0000,
 0x0000,
 0x0000,
 0x0000,
 0x0000,
 0x0000,
 0x0000,
 0x0000,
 0x0000,
 0x0000,
 0x0000,
 0x0000,
 0x0000,
 0x0000,
 0x0000,
 0x0000,
 0x0000,
 0x0000,
 0x0000,
 0x0000,
 0x0000,
 0x0000,
 0x0000,
 0x0000,
 0x0000,
 0x0000,
 0x0000,
 0x0000,
 0x011c,
 0x0000,
 0x0000,
 0x0000,
 0x0000,
 0x0000,
 0x0000,
 0x0000,
 0x0000,
 0x0000,
 0x0000,
 0x0000,
 0x0000,
 0x0000,
 0x0d75,
 0x0000,
 0x0000,
 0x0000,
 0x0000,
 0x0000,
 0x0000,
 0x0000,
 0x0000,
 0x0000,
 0x0000,
 0x0000,
 0x0000,
 0x0000,
 0x0000,
 0x0000,
 0x0000,
 0x0000,
 0x0000,
 0x0000,
 0x0000,
 0x0000,
 0x0000,
 0x0000,
 0x0000,
 0x0000,
 0x0000,
 0x0000,
 0x0000,
 0x0000,
 0x0000,
 0x0000,
 0x0000,
 0x0000,
 0x0000,
 0x0000,
 0x0000,
 0x0000,
 0x0000,
 0x0000,
 0x0000,
 0x0000,
 0x0000,
 0x0000,
 0x0000,
 0x0000,
 0x0118,
 0x0000,
 0x0000,
 0x0000,
 0x0000,
 0x0000,
 0x0000,
 0x0000,
 0x0000,
 0x0000,
 0x0000,
 0x0000,
 0x0000,
 0x0000,
 0x0000,
 0x0000,
 0x0000,
 0x0000,
 0x0000,
 0x0000,
 0x0000,
 0x0000,
 0x0000,
 0x0000,
 0x0000,
 0x0000,
 0x0000,
 0x0000,
 0x0000,
 0x0000,
 0x0000,
 0x0000,
 0x0000,
 0x0000,
 0x0000,
 0x0000,
 0x0000,
 0x0000,
 0x0000,
 0x0000,
 0x0000,
 0x0000,
 0x0000,
 0x0000,
 0x0000,
 0x0000,
 0x0000,
 0x0000,
 0x0000,
 0x0000,
 0x0321,
 0x0440,
 0x0000,
 0x0000,
 0x0000,
 0x0000,
 0x0000,
 0x0000,
 0x0000,
 0x0000,
 0x0000,
 0x0000,
 0x0000,
 0x8007,
 0x0000,
 0x0000,
 0x0000,
 0x0000,
 0x0000,
 0x0000,
 0x0000,
 0x0000,
 0x0000,
 0x0000,
 0x0000,
 0x0000,
 0x0000,
 0x0000,
 0x0000,
 0x0000,
 0x0d5b,
 0x0000,
 0x0000,
 0x0000,
 0x0000,
 0x0000,
 0x0000,
 0x0000,
 0x0000,
 0x0000,
 0x01ee,
 0x0000,
 0x0000,
 0x0000,
 0x0000,
 0x0000,
 0x0000,
 0x0000,
 0x0000,
 0x0000,
 0x0000,
 0x0000,
 0x0000,
 0x0000,
 0x0000,
 0x0000,
 0x0000,
 0x0000,
 0x0000,
 0x0000,
 0x0000,
 0x0000,
 0x0000,
 0x0000,
 0x0000,
 0x0000,
 0x0000,
 0x0000,
 0x0000,
 0x0000,
 0x0000,
 0x0000,
 0x0000,
 0x0000,
 0x0000,
 0x0000,
 0x0000,
 0x0000,
 0x0000,
 0x0000,
 0x0000,
 0x0000,
 0x0000,
 0x0000,
 0x0000,
 0x0000,
 0x0000,
 0x0000,
 0x0000,
 0x0000,
 0x0000,
 0x0000,
 0x0000,
 0x0000,
 0x0000,
 0x0000,
 0x0000,
 0x0000,
 0x0000,
 0x0000,
 0x0000,
 0x0000,
 0x0000,
 0x0000,
 0x0000,
 0x0000,
 0x0000,
 0x0000,
 0x0000,
 0x0000,
 0x0000,
 0x0000,
 0x0000,
 0x0000,
 0x0000,
 0x0000,
 0x0000,
 0x0000,
 0x0000,
 0x0000,
 0x0000,
 0x0000,
 0x0000,
 0x0000,
 0x0000,
 0x0000,
 0x0000,
 0x0000,
 0x0000,
 0x0000,
 0x0000,
 0x0000,
 0x0000,
 0x0000,
 0x0000,
 0x0000,
 0x0000,
 0x0000,
 0x0000,
 0x0000,
 0x0000,
 0x0000,
 0x0000,
 0x0000,
 0x0000,
 0x0000,
 0x0000,
 0x0000,
 0x0000,
 0x0000,
 0x0000,
 0x0000,
 0x0000,
 0x0000,
 0x0000,
 0x0000,
 0x0000,
 0x0000,
 0x0000,
 0x0000,
 0x0000,
 0x0000,
 0x0000,
 0x0000,
 0x0000,
 0x0000,
 0x0000,
 0x0000,
 0x0000,
 0x0000,
 0x0000,
 0x0000,
 0x0000,
 0x0000,
 0x0000,
 0x0000
};
#endif
